// Jump Prince sprites converted from raylib-jump-prince/build/player.png and tilemap.png.
// Original Jump Prince by Jakub Tomsu, copyright (c) 2013-2024.
// See THIRD_PARTY_NOTICES.md in the example root for the license notice.

#include "../ui.h"

#ifndef LV_ATTRIBUTE_MEM_ALIGN
    #define LV_ATTRIBUTE_MEM_ALIGN
#endif

const LV_ATTRIBUTE_MEM_ALIGN uint8_t ui_img_jump_prince_player_r0_data[] = {
    0x00,0x00,0x00,0x00,0x00,0x00,0x00,0x00,0x00,0x00,0x00,0x00,0x00,0x00,0x00,0x00,
    0x00,0x00,0x00,0x00,0x00,0x00,0x00,0x00,0x00,0x00,0x00,0x00,0x00,0x00,0x00,0x00,
    0x00,0x00,0x00,0x00,0x00,0x00,0x00,0x00,0x00,0x00,0x00,0x00,0x00,0x00,0x00,0x00,
    0x00,0x00,0x00,0x00,0x00,0x00,0x00,0x00,0x00,0x00,0x00,0x00,0x00,0x00,0x00,0x00,
    0x00,0x00,0x00,0x00,0x00,0x00,0x00,0x00,0x00,0x00,0x00,0x00,0x00,0x00,0x00,0x00,
    0x00,0x00,0x00,0x00,0x00,0x00,0x00,0x00,0x00,0x00,0x00,0x00,0x00,0x00,0x00,0x00,
    0x00,0x00,0x00,0x00,0x00,0x00,0x00,0x00,0x00,0x00,0x00,0x00,0x00,0x00,0x00,0x00,
    0x00,0x00,0x00,0x00,0x00,0x00,0x00,0x00,0x00,0x00,0x00,0x00,0x00,0x00,0x00,0x00,
    0x00,0x00,0x00,0x00,0x00,0x00,0x00,0x00,0x00,0x00,0x00,0x00,0x00,0x00,0x00,0x00,
    0x00,0x00,0x00,0x00,0x00,0x00,0x00,0x00,0x00,0x00,0x00,0x00,0x00,0x00,0x00,0x00,
    0x00,0x00,0x00,0x00,0x00,0x00,0x00,0x00,0x00,0x00,0x00,0x00,0x00,0x00,0x00,0x00,
    0x00,0x00,0x00,0x00,0x00,0x00,0x00,0x00,0x00,0x00,0x00,0x00,0x00,0x00,0x00,0x00,
    0x00,0x00,0x00,0x00,0x00,0x00,0x00,0x00,0x00,0x00,0x00,0x00,0x00,0x00,0x00,0x00,
    0x00,0x00,0x00,0x00,0x00,0x00,0x00,0x00,0x00,0x00,0x00,0x00,0x00,0x00,0x00,0x00,
    0x00,0x00,0x00,0x00,0x00,0x00,0x00,0x00,0x00,0x00,0x00,0x00,0x00,0x00,0x00,0x00,
    0x00,0x00,0x00,0x00,0x00,0x00,0x00,0x00,0x00,0x00,0x00,0x00,0x00,0x00,0x00,0x00,
    0x00,0x00,0x00,0x00,0x00,0x00,0x00,0x00,0x00,0x00,0x31,0x34,0x2B,0x5E,0x2B,0x5E,
    0x2B,0x5E,0x2B,0x5E,0x2B,0x5E,0x31,0x34,0x31,0x34,0x00,0x00,0x00,0x00,0x00,0x00,
    0x00,0x00,0x00,0x00,0x00,0x00,0x00,0x00,0x00,0x00,0x00,0x00,0x00,0x00,0x00,0x00,
    0x00,0x00,0x00,0x00,0x00,0x00,0x00,0x00,0x00,0x00,0x00,0x00,0x31,0x34,0x2B,0x5E,
    0x2B,0x5E,0x2B,0x5E,0x2B,0x5E,0x2B,0x5E,0x31,0x34,0x31,0x34,0x00,0x00,0x00,0x00,
    0x00,0x00,0x00,0x00,0x00,0x00,0x00,0x00,0x00,0x00,0x00,0x00,0x00,0x00,0x00,0x00,
    0x00,0x00,0x00,0x00,0x00,0x00,0x00,0x00,0x00,0x00,0x00,0x00,0x00,0x00,0x31,0x34,
    0x2B,0x5E,0x2B,0x5E,0x2B,0x5E,0x2B,0x5E,0x2B,0x5E,0x31,0x34,0x31,0x34,0x00,0x00,
    0x00,0x00,0x00,0x00,0x00,0x00,0x00,0x00,0x00,0x00,0x00,0x00,0x00,0x00,0x00,0x00,
    0x00,0x00,0x00,0x00,0x00,0x00,0x00,0x00,0x00,0x00,0x00,0x00,0x00,0x00,0x00,0x00,
    0x31,0x34,0x2B,0x5E,0x2B,0x5E,0xAE,0x21,0xAE,0x21,0xAE,0x21,0x31,0x34,0x31,0x34,
    0x00,0x00,0x00,0x00,0x00,0x00,0x00,0x00,0x00,0x00,0x00,0x00,0x00,0x00,0x00,0x00,
    0x00,0x00,0x00,0x00,0x00,0x00,0x00,0x00,0x00,0x00,0x00,0x00,0x00,0x00,0x00,0x00,
    0x00,0x00,0x31,0x34,0x2B,0x5E,0x2B,0x5E,0x2B,0x5E,0x2B,0x5E,0xAE,0x21,0x31,0x34,
    0x31,0x34,0x00,0x00,0x00,0x00,0x00,0x00,0x00,0x00,0x00,0x00,0x00,0x00,0x00,0x00,
    0x00,0x00,0x00,0x00,0x00,0x00,0x00,0x00,0x00,0x00,0x00,0x00,0x00,0x00,0x00,0x00,
    0x00,0x00,0x00,0x00,0x31,0x34,0x2B,0x5E,0x2B,0x5E,0x2B,0x5E,0x2B,0x5E,0xAE,0x21,
    0x31,0x34,0x31,0x34,0x00,0x00,0x00,0x00,0x00,0x00,0x00,0x00,0x00,0x00,0x00,0x00,
    0x00,0x00,0x00,0x00,0x00,0x00,0x00,0x00,0x00,0x00,0x00,0x00,0x31,0x34,0x31,0x34,
    0x31,0x34,0xAE,0x21,0xAE,0x21,0xAE,0x21,0x31,0x34,0x31,0x34,0x2B,0x5E,0x2B,0x5E,
    0x2B,0x5E,0x31,0x34,0x31,0x34,0x31,0x34,0x00,0x00,0x00,0x00,0x00,0x00,0x00,0x00,
    0x00,0x00,0x00,0x00,0x00,0x00,0x00,0x00,0x00,0x00,0x00,0x00,0x00,0x00,0x31,0x34,
    0x31,0x34,0x31,0x34,0xAE,0x21,0xAE,0x21,0xAE,0x21,0x31,0x34,0x31,0x34,0x2B,0x5E,
    0x2B,0x5E,0x2B,0x5E,0x31,0x34,0x31,0x34,0x31,0x34,0x00,0x00,0x00,0x00,0x00,0x00,
    0x00,0x00,0x00,0x00,0x00,0x00,0x00,0x00,0x00,0x00,0x00,0x00,0x00,0x00,0x31,0x34,
    0x31,0x34,0x31,0x34,0x2B,0x5E,0x2B,0x5E,0x2B,0x5E,0xAE,0x21,0xAE,0x21,0xAE,0x21,
    0xAE,0x21,0xAE,0x21,0xAE,0x21,0xAE,0x21,0xAE,0x21,0x31,0x34,0x2B,0x5E,0x2B,0x5E,
    0x2B,0x5E,0x00,0x00,0x00,0x00,0x00,0x00,0x00,0x00,0x00,0x00,0x00,0x00,0x00,0x00,
    0x31,0x34,0xAE,0x21,0xAE,0x21,0x2B,0x5E,0x2B,0x5E,0x2B,0x5E,0xAE,0x21,0xAE,0x21,
    0xAE,0x21,0xAE,0x21,0xAE,0x21,0xAE,0x21,0xAE,0x21,0xAE,0x21,0xAE,0x21,0x2B,0x5E,
    0x2B,0x5E,0x2B,0x5E,0x00,0x00,0x00,0x00,0x00,0x00,0x00,0x00,0x00,0x00,0x00,0x00,
    0x00,0x00,0x31,0x34,0xAE,0x21,0xAE,0x21,0x2B,0x5E,0x2B,0x5E,0x2B,0x5E,0xAE,0x21,
    0xAE,0x21,0xAE,0x21,0xAE,0x21,0xAE,0x21,0xAE,0x21,0xAE,0x21,0xAE,0x21,0xAE,0x21,
    0x2B,0x5E,0x2B,0x5E,0x2B,0x5E,0x00,0x00,0x00,0x00,0x00,0x00,0x00,0x00,0x00,0x00,
    0x00,0x00,0x00,0x00,0x00,0x00,0xAE,0x21,0xAE,0x21,0x2B,0x5E,0x2B,0x5E,0x2B,0x5E,
    0xAE,0x21,0xAE,0x21,0xAE,0x21,0xAE,0x21,0xAE,0x21,0xAE,0x21,0xAE,0x21,0xAE,0x21,
    0xAE,0x21,0x2B,0x5E,0x2B,0x5E,0x2B,0x5E,0x00,0x00,0x00,0x00,0x00,0x00,0x00,0x00,
    0x00,0x00,0x00,0x00,0x00,0x00,0x00,0x00,0x00,0x00,0x00,0x00,0xAE,0x21,0xAE,0x21,
    0xAE,0x21,0xAE,0x21,0xAE,0x21,0xAE,0x21,0xAE,0x21,0xAE,0x21,0xAE,0x21,0xAE,0x21,
    0xAE,0x21,0xAE,0x21,0xAE,0x21,0xAE,0x21,0x00,0x00,0x00,0x00,0x00,0x00,0x00,0x00,
    0x00,0x00,0x00,0x00,0x00,0x00,0x00,0x00,0x00,0x00,0x00,0x00,0x00,0x00,0xAE,0x21,
    0xAE,0x21,0xAE,0x21,0xAE,0x21,0xAE,0x21,0xAE,0x21,0xAE,0x21,0xAE,0x21,0xAE,0x21,
    0xAE,0x21,0xAE,0x21,0xAE,0x21,0xAE,0x21,0xAE,0x21,0x00,0x00,0x00,0x00,0x00,0x00,
    0x00,0x00,0x00,0x00,0x00,0x00,0x00,0x00,0x00,0x00,0x00,0x00,0x00,0x00,0x00,0x00,
    0x00,0x00,0xAE,0x21,0xAE,0x21,0xAE,0x21,0xAE,0x21,0xAE,0x21,0xAE,0x21,0xAE,0x21,
    0xAE,0x21,0xAE,0x21,0xAE,0x21,0xAE,0x21,0x00,0x00,0x00,0x00,0x00,0x00,0x00,0x00,
    0x00,0x00,0x00,0x00,0x00,0x00,0x00,0x00,0x00,0x00,0x00,0x00,0x00,0x00,0x00,0x00,
    0x00,0x00,0xAE,0x21,0xAE,0x21,0xAE,0x21,0xAE,0x21,0x00,0x00,0x00,0x00,0x00,0x00,
    0x00,0x00,0x00,0x00,0xAE,0x21,0xAE,0x21,0xAE,0x21,0x00,0x00,0x00,0x00,0x00,0x00,
    0x00,0x00,0x00,0x00,0x00,0x00,0x00,0x00,0x00,0x00,0x00,0x00,0x00,0x00,0x00,0x00,
    0x00,0x00,0x00,0x00,0xAE,0x21,0xAE,0x21,0xAE,0x21,0xAE,0x21,0x00,0x00,0x00,0x00,
    0x00,0x00,0x00,0x00,0x00,0x00,0xAE,0x21,0xAE,0x21,0xAE,0x21,0x00,0x00,0x00,0x00,
    0x00,0x00,0x00,0x00,0x00,0x00,0x00,0x00,0x00,0x00,0x00,0x00,0x00,0x00,0x00,0x00,
    0x00,0x00,0x00,0x00,0x00,0x00,0x31,0x34,0x31,0x34,0x31,0x34,0x00,0x00,0x00,0x00,
    0x00,0x00,0x00,0x00,0x00,0x00,0x00,0x00,0x31,0x34,0x31,0x34,0x31,0x34,0x00,0x00,
    0x00,0x00,0x00,0x00,0x00,0x00,0x00,0x00,0x00,0x00,0x00,0x00,0x00,0x00,0x00,0x00,
    0x00,0x00,0x00,0x00,0x00,0x00,0x00,0x00,0x31,0x34,0x31,0x34,0x31,0x34,0x00,0x00,
    0x00,0x00,0x00,0x00,0x00,0x00,0x00,0x00,0x00,0x00,0x31,0x34,0x31,0x34,0x31,0x34,
    0x31,0x34,0x31,0x34,0x00,0x00,0x00,0x00,0x00,0x00,0x00,0x00,0x00,0x00,0x00,0x00,
    0x00,0x00,0x00,0x00,0x00,0x00,0x00,0x00,0x00,0x00,0x31,0x34,0x31,0x34,0x31,0x34,
    0x00,0x00,0x00,0x00,0x00,0x00,0x00,0x00,0x00,0x00,0x00,0x00,0x31,0x34,0x31,0x34,
    0x31,0x34,0x31,0x34,0x31,0x34,0x00,0x00,0x00,0x00,0x00,0x00,0x00,0x00,0x00,0x00,
    0x00,0x00,0x00,0x00,0x00,0x00,0x00,0x00,0x00,0x00,0x00,0x00,0x00,0x00,0x00,0x00,
    0x00,0x00,0x00,0x00,0x00,0x00,0x00,0x00,0x00,0x00,0x00,0x00,0x00,0x00,0x00,0x00,
    0x00,0x00,0x00,0x00,0x00,0x00,0x00,0x00,0x00,0x00,0x00,0x00,0x00,0x00,0x00,0x00,
    0x00,0x00,0x00,0x00,0x00,0x00,0x00,0x00,0x00,0x00,0x00,0x00,0x00,0x00,0x00,0x00,
    0x00,0x00,0x00,0x00,0x00,0x00,0x00,0x00,0x00,0x00,0x00,0x00,0x00,0x00,0x00,0x00,
    0x00,0x00,0x00,0x00,0x00,0x00,0x00,0x00,0x00,0x00,0x00,0x00,0x00,0x00,0x00,0x00,
    0x00,0x00,0x00,0x00,0x00,0x00,0x00,0x00,0x00,0x00,0x00,0x00,0x00,0x00,0x00,0x00,
    0x00,0x00,0x00,0x00,0x00,0x00,0x00,0x00,0x00,0x00,0x00,0x00,0x00,0x00,0x00,0x00,
    0x00,0x00,0x00,0x00,0x00,0x00,0x00,0xFF,0xFF,0xFF,0xFF,0xFF,0xFF,0xFF,0xFF,0x00,
    0x00,0x00,0x00,0x00,0x00,0x00,0x00,0x00,0x00,0x00,0x00,0x00,0x00,0x00,0x00,0x00,
    0xFF,0xFF,0xFF,0xFF,0xFF,0xFF,0xFF,0xFF,0x00,0x00,0x00,0x00,0x00,0x00,0x00,0x00,
    0x00,0x00,0x00,0x00,0x00,0x00,0x00,0x00,0x00,0xFF,0xFF,0xFF,0xFF,0xFF,0xFF,0xFF,
    0xFF,0x00,0x00,0x00,0x00,0x00,0x00,0x00,0x00,0x00,0x00,0x00,0x00,0x00,0x00,0x00,
    0x00,0x00,0xFF,0xFF,0xFF,0xFF,0xFF,0xFF,0xFF,0xFF,0x00,0x00,0x00,0x00,0x00,0x00,
    0x00,0x00,0x00,0x00,0x00,0x00,0x00,0x00,0x00,0x00,0x00,0xFF,0xFF,0xFF,0xFF,0xFF,
    0xFF,0xFF,0xFF,0x00,0x00,0x00,0x00,0x00,0x00,0x00,0x00,0x00,0x00,0x00,0x00,0x00,
    0x00,0x00,0x00,0x00,0xFF,0xFF,0xFF,0xFF,0xFF,0xFF,0xFF,0xFF,0x00,0x00,0x00,0x00,
    0x00,0x00,0x00,0x00,0x00,0x00,0x00,0x00,0xFF,0xFF,0xFF,0xFF,0xFF,0xFF,0xFF,0xFF,
    0xFF,0xFF,0xFF,0xFF,0xFF,0xFF,0x00,0x00,0x00,0x00,0x00,0x00,0x00,0x00,0x00,0x00,
    0x00,0xFF,0xFF,0xFF,0xFF,0xFF,0xFF,0xFF,0xFF,0xFF,0xFF,0xFF,0xFF,0xFF,0xFF,0x00,
    0x00,0x00,0x00,0x00,0x00,0x00,0x00,0x00,0x00,0xFF,0xFF,0xFF,0xFF,0xFF,0xFF,0xFF,
    0xFF,0xFF,0xFF,0xFF,0xFF,0xFF,0xFF,0xFF,0xFF,0xFF,0xFF,0x00,0x00,0x00,0x00,0x00,
    0x00,0x00,0xFF,0xFF,0xFF,0xFF,0xFF,0xFF,0xFF,0xFF,0xFF,0xFF,0xFF,0xFF,0xFF,0xFF,
    0xFF,0xFF,0xFF,0xFF,0x00,0x00,0x00,0x00,0x00,0x00,0x00,0xFF,0xFF,0xFF,0xFF,0xFF,
    0xFF,0xFF,0xFF,0xFF,0xFF,0xFF,0xFF,0xFF,0xFF,0xFF,0xFF,0xFF,0xFF,0x00,0x00,0x00,
    0x00,0x00,0x00,0x00,0x00,0xFF,0xFF,0xFF,0xFF,0xFF,0xFF,0xFF,0xFF,0xFF,0xFF,0xFF,
    0xFF,0xFF,0xFF,0xFF,0xFF,0xFF,0x00,0x00,0x00,0x00,0x00,0x00,0x00,0x00,0x00,0x00,
    0xFF,0xFF,0xFF,0xFF,0xFF,0xFF,0xFF,0xFF,0xFF,0xFF,0xFF,0xFF,0xFF,0xFF,0x00,0x00,
    0x00,0x00,0x00,0x00,0x00,0x00,0x00,0x00,0x00,0xFF,0xFF,0xFF,0xFF,0xFF,0xFF,0xFF,
    0xFF,0xFF,0xFF,0xFF,0xFF,0xFF,0xFF,0x00,0x00,0x00,0x00,0x00,0x00,0x00,0x00,0x00,
    0x00,0x00,0x00,0xFF,0xFF,0xFF,0xFF,0xFF,0xFF,0xFF,0xFF,0xFF,0xFF,0xFF,0x00,0x00,
    0x00,0x00,0x00,0x00,0x00,0x00,0x00,0x00,0x00,0x00,0x00,0xFF,0xFF,0xFF,0xFF,0x00,
    0x00,0x00,0x00,0x00,0xFF,0xFF,0xFF,0x00,0x00,0x00,0x00,0x00,0x00,0x00,0x00,0x00,
    0x00,0x00,0x00,0x00,0xFF,0xFF,0xFF,0xFF,0x00,0x00,0x00,0x00,0x00,0xFF,0xFF,0xFF,
    0x00,0x00,0x00,0x00,0x00,0x00,0x00,0x00,0x00,0x00,0x00,0x00,0x00,0xFF,0xFF,0xFF,
    0x00,0x00,0x00,0x00,0x00,0x00,0xFF,0xFF,0xFF,0x00,0x00,0x00,0x00,0x00,0x00,0x00,
    0x00,0x00,0x00,0x00,0x00,0x00,0xFF,0xFF,0xFF,0x00,0x00,0x00,0x00,0x00,0x00,0xFF,
    0xFF,0xFF,0xFF,0xFF,0x00,0x00,0x00,0x00,0x00,0x00,0x00,0x00,0x00,0x00,0x00,0xFF,
    0xFF,0xFF,0x00,0x00,0x00,0x00,0x00,0x00,0xFF,0xFF,0xFF,0xFF,0xFF,0x00,0x00,0x00,
    0x00,0x00,0x00,
};
const lv_image_dsc_t ui_img_jump_prince_player_r0 = {
    .header.w = 25,
    .header.h = 25,
    .data_size = sizeof(ui_img_jump_prince_player_r0_data),
    .header.cf = LV_COLOR_FORMAT_NATIVE_WITH_ALPHA,
    .header.magic = LV_IMAGE_HEADER_MAGIC,
    .data = ui_img_jump_prince_player_r0_data
};

const LV_ATTRIBUTE_MEM_ALIGN uint8_t ui_img_jump_prince_player_l0_data[] = {
    0x00,0x00,0x00,0x00,0x00,0x00,0x00,0x00,0x00,0x00,0x00,0x00,0x00,0x00,0x00,0x00,
    0x00,0x00,0x00,0x00,0x00,0x00,0x00,0x00,0x00,0x00,0x00,0x00,0x00,0x00,0x00,0x00,
    0x00,0x00,0x00,0x00,0x00,0x00,0x00,0x00,0x00,0x00,0x00,0x00,0x00,0x00,0x00,0x00,
    0x00,0x00,0x00,0x00,0x00,0x00,0x00,0x00,0x00,0x00,0x00,0x00,0x00,0x00,0x00,0x00,
    0x00,0x00,0x00,0x00,0x00,0x00,0x00,0x00,0x00,0x00,0x00,0x00,0x00,0x00,0x00,0x00,
    0x00,0x00,0x00,0x00,0x00,0x00,0x00,0x00,0x00,0x00,0x00,0x00,0x00,0x00,0x00,0x00,
    0x00,0x00,0x00,0x00,0x00,0x00,0x00,0x00,0x00,0x00,0x00,0x00,0x00,0x00,0x00,0x00,
    0x00,0x00,0x00,0x00,0x00,0x00,0x00,0x00,0x00,0x00,0x00,0x00,0x00,0x00,0x00,0x00,
    0x00,0x00,0x00,0x00,0x00,0x00,0x00,0x00,0x00,0x00,0x00,0x00,0x00,0x00,0x00,0x00,
    0x00,0x00,0x00,0x00,0x00,0x00,0x00,0x00,0x00,0x00,0x00,0x00,0x00,0x00,0x00,0x00,
    0x00,0x00,0x00,0x00,0x00,0x00,0x00,0x00,0x00,0x00,0x00,0x00,0x00,0x00,0x00,0x00,
    0x00,0x00,0x00,0x00,0x00,0x00,0x00,0x00,0x00,0x00,0x00,0x00,0x00,0x00,0x00,0x00,
    0x00,0x00,0x00,0x00,0x00,0x00,0x00,0x00,0x00,0x00,0x00,0x00,0x00,0x00,0x00,0x00,
    0x00,0x00,0x00,0x00,0x00,0x00,0x00,0x00,0x00,0x00,0x00,0x00,0x00,0x00,0x00,0x00,
    0x00,0x00,0x00,0x00,0x00,0x00,0x00,0x00,0x00,0x00,0x00,0x00,0x00,0x00,0x00,0x00,
    0x00,0x00,0x00,0x00,0x00,0x00,0x00,0x00,0x00,0x00,0x00,0x00,0x00,0x00,0x00,0x00,
    0x00,0x00,0x00,0x00,0x00,0x00,0x00,0x00,0x00,0x00,0x00,0x00,0x31,0x34,0x31,0x34,
    0x2B,0x5E,0x2B,0x5E,0x2B,0x5E,0x2B,0x5E,0x2B,0x5E,0x31,0x34,0x00,0x00,0x00,0x00,
    0x00,0x00,0x00,0x00,0x00,0x00,0x00,0x00,0x00,0x00,0x00,0x00,0x00,0x00,0x00,0x00,
    0x00,0x00,0x00,0x00,0x00,0x00,0x00,0x00,0x00,0x00,0x00,0x00,0x00,0x00,0x31,0x34,
    0x31,0x34,0x2B,0x5E,0x2B,0x5E,0x2B,0x5E,0x2B,0x5E,0x2B,0x5E,0x31,0x34,0x00,0x00,
    0x00,0x00,0x00,0x00,0x00,0x00,0x00,0x00,0x00,0x00,0x00,0x00,0x00,0x00,0x00,0x00,
    0x00,0x00,0x00,0x00,0x00,0x00,0x00,0x00,0x00,0x00,0x00,0x00,0x00,0x00,0x00,0x00,
    0x31,0x34,0x31,0x34,0x2B,0x5E,0x2B,0x5E,0x2B,0x5E,0x2B,0x5E,0x2B,0x5E,0x31,0x34,
    0x00,0x00,0x00,0x00,0x00,0x00,0x00,0x00,0x00,0x00,0x00,0x00,0x00,0x00,0x00,0x00,
    0x00,0x00,0x00,0x00,0x00,0x00,0x00,0x00,0x00,0x00,0x00,0x00,0x00,0x00,0x00,0x00,
    0x00,0x00,0x31,0x34,0x31,0x34,0xAE,0x21,0xAE,0x21,0xAE,0x21,0x2B,0x5E,0x2B,0x5E,
    0x31,0x34,0x00,0x00,0x00,0x00,0x00,0x00,0x00,0x00,0x00,0x00,0x00,0x00,0x00,0x00,
    0x00,0x00,0x00,0x00,0x00,0x00,0x00,0x00,0x00,0x00,0x00,0x00,0x00,0x00,0x00,0x00,
    0x00,0x00,0x00,0x00,0x31,0x34,0x31,0x34,0xAE,0x21,0xAE,0x21,0x2B,0x5E,0x2B,0x5E,
    0x2B,0x5E,0x31,0x34,0x00,0x00,0x00,0x00,0x00,0x00,0x00,0x00,0x00,0x00,0x00,0x00,
    0x00,0x00,0x00,0x00,0x00,0x00,0x00,0x00,0x00,0x00,0x00,0x00,0x00,0x00,0x00,0x00,
    0x00,0x00,0x00,0x00,0x00,0x00,0x31,0x34,0x31,0x34,0xAE,0x21,0xAE,0x21,0x2B,0x5E,
    0x2B,0x5E,0x2B,0x5E,0x31,0x34,0x00,0x00,0x00,0x00,0x00,0x00,0x00,0x00,0x00,0x00,
    0x00,0x00,0x00,0x00,0x00,0x00,0x00,0x00,0x00,0x00,0x00,0x00,0x00,0x00,0x00,0x00,
    0x00,0x00,0x00,0x00,0x00,0x00,0x31,0x34,0x31,0x34,0x31,0x34,0x2B,0x5E,0x2B,0x5E,
    0x2B,0x5E,0x31,0x34,0x31,0x34,0xAE,0x21,0xAE,0x21,0xAE,0x21,0x31,0x34,0x31,0x34,
    0x31,0x34,0x00,0x00,0x00,0x00,0x00,0x00,0x00,0x00,0x00,0x00,0x00,0x00,0x00,0x00,
    0x00,0x00,0x00,0x00,0x00,0x00,0x00,0x00,0x31,0x34,0x31,0x34,0x31,0x34,0x2B,0x5E,
    0x2B,0x5E,0x2B,0x5E,0x31,0x34,0x31,0x34,0xAE,0x21,0xAE,0x21,0xAE,0x21,0x31,0x34,
    0x31,0x34,0x31,0x34,0x00,0x00,0x00,0x00,0x00,0x00,0x00,0x00,0x00,0x00,0x00,0x00,
    0x00,0x00,0x00,0x00,0x2B,0x5E,0x2B,0x5E,0x2B,0x5E,0x31,0x34,0xAE,0x21,0xAE,0x21,
    0xAE,0x21,0xAE,0x21,0xAE,0x21,0xAE,0x21,0xAE,0x21,0xAE,0x21,0x2B,0x5E,0x2B,0x5E,
    0x2B,0x5E,0x31,0x34,0x31,0x34,0x31,0x34,0x00,0x00,0x00,0x00,0x00,0x00,0x00,0x00,
    0x00,0x00,0x00,0x00,0x00,0x00,0x2B,0x5E,0x2B,0x5E,0x2B,0x5E,0xAE,0x21,0xAE,0x21,
    0xAE,0x21,0xAE,0x21,0xAE,0x21,0xAE,0x21,0xAE,0x21,0xAE,0x21,0xAE,0x21,0x2B,0x5E,
    0x2B,0x5E,0x2B,0x5E,0xAE,0x21,0xAE,0x21,0x31,0x34,0x00,0x00,0x00,0x00,0x00,0x00,
    0x00,0x00,0x00,0x00,0x00,0x00,0x00,0x00,0x2B,0x5E,0x2B,0x5E,0x2B,0x5E,0xAE,0x21,
    0xAE,0x21,0xAE,0x21,0xAE,0x21,0xAE,0x21,0xAE,0x21,0xAE,0x21,0xAE,0x21,0xAE,0x21,
    0x2B,0x5E,0x2B,0x5E,0x2B,0x5E,0xAE,0x21,0xAE,0x21,0x31,0x34,0x00,0x00,0x00,0x00,
    0x00,0x00,0x00,0x00,0x00,0x00,0x00,0x00,0x00,0x00,0x2B,0x5E,0x2B,0x5E,0x2B,0x5E,
    0xAE,0x21,0xAE,0x21,0xAE,0x21,0xAE,0x21,0xAE,0x21,0xAE,0x21,0xAE,0x21,0xAE,0x21,
    0xAE,0x21,0x2B,0x5E,0x2B,0x5E,0x2B,0x5E,0xAE,0x21,0xAE,0x21,0x00,0x00,0x00,0x00,
    0x00,0x00,0x00,0x00,0x00,0x00,0x00,0x00,0x00,0x00,0x00,0x00,0x00,0x00,0xAE,0x21,
    0xAE,0x21,0xAE,0x21,0xAE,0x21,0xAE,0x21,0xAE,0x21,0xAE,0x21,0xAE,0x21,0xAE,0x21,
    0xAE,0x21,0xAE,0x21,0xAE,0x21,0xAE,0x21,0xAE,0x21,0x00,0x00,0x00,0x00,0x00,0x00,
    0x00,0x00,0x00,0x00,0x00,0x00,0x00,0x00,0x00,0x00,0x00,0x00,0x00,0x00,0x00,0x00,
    0xAE,0x21,0xAE,0x21,0xAE,0x21,0xAE,0x21,0xAE,0x21,0xAE,0x21,0xAE,0x21,0xAE,0x21,
    0xAE,0x21,0xAE,0x21,0xAE,0x21,0xAE,0x21,0xAE,0x21,0xAE,0x21,0x00,0x00,0x00,0x00,
    0x00,0x00,0x00,0x00,0x00,0x00,0x00,0x00,0x00,0x00,0x00,0x00,0x00,0x00,0x00,0x00,
    0x00,0x00,0x00,0x00,0x00,0x00,0xAE,0x21,0xAE,0x21,0xAE,0x21,0xAE,0x21,0xAE,0x21,
    0xAE,0x21,0xAE,0x21,0xAE,0x21,0xAE,0x21,0xAE,0x21,0xAE,0x21,0x00,0x00,0x00,0x00,
    0x00,0x00,0x00,0x00,0x00,0x00,0x00,0x00,0x00,0x00,0x00,0x00,0x00,0x00,0x00,0x00,
    0x00,0x00,0x00,0x00,0x00,0x00,0x00,0x00,0xAE,0x21,0xAE,0x21,0xAE,0x21,0x00,0x00,
    0x00,0x00,0x00,0x00,0x00,0x00,0x00,0x00,0xAE,0x21,0xAE,0x21,0xAE,0x21,0xAE,0x21,
    0x00,0x00,0x00,0x00,0x00,0x00,0x00,0x00,0x00,0x00,0x00,0x00,0x00,0x00,0x00,0x00,
    0x00,0x00,0x00,0x00,0x00,0x00,0x00,0x00,0x00,0x00,0xAE,0x21,0xAE,0x21,0xAE,0x21,
    0x00,0x00,0x00,0x00,0x00,0x00,0x00,0x00,0x00,0x00,0xAE,0x21,0xAE,0x21,0xAE,0x21,
    0xAE,0x21,0x00,0x00,0x00,0x00,0x00,0x00,0x00,0x00,0x00,0x00,0x00,0x00,0x00,0x00,
    0x00,0x00,0x00,0x00,0x00,0x00,0x00,0x00,0x00,0x00,0x00,0x00,0x31,0x34,0x31,0x34,
    0x31,0x34,0x00,0x00,0x00,0x00,0x00,0x00,0x00,0x00,0x00,0x00,0x00,0x00,0x31,0x34,
    0x31,0x34,0x31,0x34,0x00,0x00,0x00,0x00,0x00,0x00,0x00,0x00,0x00,0x00,0x00,0x00,
    0x00,0x00,0x00,0x00,0x00,0x00,0x00,0x00,0x00,0x00,0x31,0x34,0x31,0x34,0x31,0x34,
    0x31,0x34,0x31,0x34,0x00,0x00,0x00,0x00,0x00,0x00,0x00,0x00,0x00,0x00,0x00,0x00,
    0x31,0x34,0x31,0x34,0x31,0x34,0x00,0x00,0x00,0x00,0x00,0x00,0x00,0x00,0x00,0x00,
    0x00,0x00,0x00,0x00,0x00,0x00,0x00,0x00,0x00,0x00,0x00,0x00,0x31,0x34,0x31,0x34,
    0x31,0x34,0x31,0x34,0x31,0x34,0x00,0x00,0x00,0x00,0x00,0x00,0x00,0x00,0x00,0x00,
    0x00,0x00,0x31,0x34,0x31,0x34,0x31,0x34,0x00,0x00,0x00,0x00,0x00,0x00,0x00,0x00,
    0x00,0x00,0x00,0x00,0x00,0x00,0x00,0x00,0x00,0x00,0x00,0x00,0x00,0x00,0x00,0x00,
    0x00,0x00,0x00,0x00,0x00,0x00,0x00,0x00,0x00,0x00,0x00,0x00,0x00,0x00,0x00,0x00,
    0x00,0x00,0x00,0x00,0x00,0x00,0x00,0x00,0x00,0x00,0x00,0x00,0x00,0x00,0x00,0x00,
    0x00,0x00,0x00,0x00,0x00,0x00,0x00,0x00,0x00,0x00,0x00,0x00,0x00,0x00,0x00,0x00,
    0x00,0x00,0x00,0x00,0x00,0x00,0x00,0x00,0x00,0x00,0x00,0x00,0x00,0x00,0x00,0x00,
    0x00,0x00,0x00,0x00,0x00,0x00,0x00,0x00,0x00,0x00,0x00,0x00,0x00,0x00,0x00,0x00,
    0x00,0x00,0x00,0x00,0x00,0x00,0x00,0x00,0x00,0x00,0x00,0x00,0x00,0x00,0x00,0x00,
    0x00,0x00,0x00,0x00,0x00,0x00,0x00,0x00,0x00,0x00,0x00,0x00,0x00,0x00,0x00,0x00,
    0x00,0x00,0x00,0x00,0x00,0x00,0x00,0x00,0xFF,0xFF,0xFF,0xFF,0xFF,0xFF,0xFF,0xFF,
    0x00,0x00,0x00,0x00,0x00,0x00,0x00,0x00,0x00,0x00,0x00,0x00,0x00,0x00,0x00,0x00,
    0x00,0xFF,0xFF,0xFF,0xFF,0xFF,0xFF,0xFF,0xFF,0x00,0x00,0x00,0x00,0x00,0x00,0x00,
    0x00,0x00,0x00,0x00,0x00,0x00,0x00,0x00,0x00,0x00,0xFF,0xFF,0xFF,0xFF,0xFF,0xFF,
    0xFF,0xFF,0x00,0x00,0x00,0x00,0x00,0x00,0x00,0x00,0x00,0x00,0x00,0x00,0x00,0x00,
    0x00,0x00,0x00,0xFF,0xFF,0xFF,0xFF,0xFF,0xFF,0xFF,0xFF,0x00,0x00,0x00,0x00,0x00,
    0x00,0x00,0x00,0x00,0x00,0x00,0x00,0x00,0x00,0x00,0x00,0x00,0xFF,0xFF,0xFF,0xFF,
    0xFF,0xFF,0xFF,0xFF,0x00,0x00,0x00,0x00,0x00,0x00,0x00,0x00,0x00,0x00,0x00,0x00,
    0x00,0x00,0x00,0x00,0x00,0xFF,0xFF,0xFF,0xFF,0xFF,0xFF,0xFF,0xFF,0x00,0x00,0x00,
    0x00,0x00,0x00,0x00,0x00,0x00,0x00,0x00,0x00,0x00,0x00,0x00,0x00,0xFF,0xFF,0xFF,
    0xFF,0xFF,0xFF,0xFF,0xFF,0xFF,0xFF,0xFF,0xFF,0xFF,0xFF,0x00,0x00,0x00,0x00,0x00,
    0x00,0x00,0x00,0x00,0x00,0x00,0xFF,0xFF,0xFF,0xFF,0xFF,0xFF,0xFF,0xFF,0xFF,0xFF,
    0xFF,0xFF,0xFF,0xFF,0x00,0x00,0x00,0x00,0x00,0x00,0x00,0x00,0xFF,0xFF,0xFF,0xFF,
    0xFF,0xFF,0xFF,0xFF,0xFF,0xFF,0xFF,0xFF,0xFF,0xFF,0xFF,0xFF,0xFF,0xFF,0x00,0x00,
    0x00,0x00,0x00,0x00,0x00,0xFF,0xFF,0xFF,0xFF,0xFF,0xFF,0xFF,0xFF,0xFF,0xFF,0xFF,
    0xFF,0xFF,0xFF,0xFF,0xFF,0xFF,0xFF,0x00,0x00,0x00,0x00,0x00,0x00,0x00,0xFF,0xFF,
    0xFF,0xFF,0xFF,0xFF,0xFF,0xFF,0xFF,0xFF,0xFF,0xFF,0xFF,0xFF,0xFF,0xFF,0xFF,0xFF,
    0x00,0x00,0x00,0x00,0x00,0x00,0x00,0xFF,0xFF,0xFF,0xFF,0xFF,0xFF,0xFF,0xFF,0xFF,
    0xFF,0xFF,0xFF,0xFF,0xFF,0xFF,0xFF,0xFF,0x00,0x00,0x00,0x00,0x00,0x00,0x00,0x00,
    0x00,0xFF,0xFF,0xFF,0xFF,0xFF,0xFF,0xFF,0xFF,0xFF,0xFF,0xFF,0xFF,0xFF,0xFF,0x00,
    0x00,0x00,0x00,0x00,0x00,0x00,0x00,0x00,0x00,0x00,0xFF,0xFF,0xFF,0xFF,0xFF,0xFF,
    0xFF,0xFF,0xFF,0xFF,0xFF,0xFF,0xFF,0xFF,0x00,0x00,0x00,0x00,0x00,0x00,0x00,0x00,
    0x00,0x00,0x00,0x00,0x00,0xFF,0xFF,0xFF,0xFF,0xFF,0xFF,0xFF,0xFF,0xFF,0xFF,0xFF,
    0x00,0x00,0x00,0x00,0x00,0x00,0x00,0x00,0x00,0x00,0x00,0x00,0x00,0x00,0xFF,0xFF,
    0xFF,0x00,0x00,0x00,0x00,0x00,0xFF,0xFF,0xFF,0xFF,0x00,0x00,0x00,0x00,0x00,0x00,
    0x00,0x00,0x00,0x00,0x00,0x00,0x00,0xFF,0xFF,0xFF,0x00,0x00,0x00,0x00,0x00,0xFF,
    0xFF,0xFF,0xFF,0x00,0x00,0x00,0x00,0x00,0x00,0x00,0x00,0x00,0x00,0x00,0x00,0x00,
    0xFF,0xFF,0xFF,0x00,0x00,0x00,0x00,0x00,0x00,0xFF,0xFF,0xFF,0x00,0x00,0x00,0x00,
    0x00,0x00,0x00,0x00,0x00,0x00,0x00,0xFF,0xFF,0xFF,0xFF,0xFF,0x00,0x00,0x00,0x00,
    0x00,0x00,0xFF,0xFF,0xFF,0x00,0x00,0x00,0x00,0x00,0x00,0x00,0x00,0x00,0x00,0x00,
    0xFF,0xFF,0xFF,0xFF,0xFF,0x00,0x00,0x00,0x00,0x00,0x00,0xFF,0xFF,0xFF,0x00,0x00,
    0x00,0x00,0x00,
};
const lv_image_dsc_t ui_img_jump_prince_player_l0 = {
    .header.w = 25,
    .header.h = 25,
    .data_size = sizeof(ui_img_jump_prince_player_l0_data),
    .header.cf = LV_COLOR_FORMAT_NATIVE_WITH_ALPHA,
    .header.magic = LV_IMAGE_HEADER_MAGIC,
    .data = ui_img_jump_prince_player_l0_data
};

const LV_ATTRIBUTE_MEM_ALIGN uint8_t ui_img_jump_prince_player_r1_data[] = {
    0x00,0x00,0x00,0x00,0x00,0x00,0x00,0x00,0x00,0x00,0x00,0x00,0x00,0x00,0x00,0x00,
    0x00,0x00,0x00,0x00,0x00,0x00,0x00,0x00,0x00,0x00,0x00,0x00,0x00,0x00,0x00,0x00,
    0x00,0x00,0x00,0x00,0x00,0x00,0x00,0x00,0x00,0x00,0x00,0x00,0x00,0x00,0x00,0x00,
    0x00,0x00,0x00,0x00,0x00,0x00,0x00,0x00,0x00,0x00,0x00,0x00,0x00,0x00,0x00,0x00,
    0x00,0x00,0x00,0x00,0x00,0x00,0x00,0x00,0x00,0x00,0x00,0x00,0x00,0x00,0x00,0x00,
    0x00,0x00,0x00,0x00,0x00,0x00,0x00,0x00,0x00,0x00,0x00,0x00,0x00,0x00,0x00,0x00,
    0x00,0x00,0x00,0x00,0x00,0x00,0x00,0x00,0x00,0x00,0x00,0x00,0x00,0x00,0x00,0x00,
    0x00,0x00,0x00,0x00,0x00,0x00,0x00,0x00,0x00,0x00,0x00,0x00,0x00,0x00,0x00,0x00,
    0x00,0x00,0x00,0x00,0x00,0x00,0x00,0x00,0x00,0x00,0x00,0x00,0x00,0x00,0x00,0x00,
    0x00,0x00,0x00,0x00,0x00,0x00,0x00,0x00,0x00,0x00,0x00,0x00,0x00,0x00,0x00,0x00,
    0x00,0x00,0x00,0x00,0x00,0x00,0x00,0x00,0x00,0x00,0x00,0x00,0x00,0x00,0x00,0x00,
    0x00,0x00,0x00,0x00,0x00,0x00,0x00,0x00,0x00,0x00,0x00,0x00,0x00,0x00,0x00,0x00,
    0x00,0x00,0x00,0x00,0x00,0x00,0x00,0x00,0x00,0x00,0x00,0x00,0x00,0x00,0x00,0x00,
    0x00,0x00,0x00,0x00,0x00,0x00,0x00,0x00,0x00,0x00,0x00,0x00,0x00,0x00,0x00,0x00,
    0x00,0x00,0x00,0x00,0x00,0x00,0x00,0x00,0x00,0x00,0x00,0x00,0x00,0x00,0x00,0x00,
    0x00,0x00,0x00,0x00,0x00,0x00,0x00,0x00,0x00,0x00,0x00,0x00,0x00,0x00,0x00,0x00,
    0x00,0x00,0x00,0x00,0x00,0x00,0x00,0x00,0x00,0x00,0x00,0x00,0x31,0x34,0x31,0x34,
    0x2B,0x5E,0x2B,0x5E,0x2B,0x5E,0x2B,0x5E,0x2B,0x5E,0x31,0x34,0x00,0x00,0x00,0x00,
    0x00,0x00,0x00,0x00,0x00,0x00,0x00,0x00,0x00,0x00,0x00,0x00,0x00,0x00,0x00,0x00,
    0x00,0x00,0x00,0x00,0x00,0x00,0x00,0x00,0x00,0x00,0x00,0x00,0x00,0x00,0x31,0x34,
    0x31,0x34,0x2B,0x5E,0x2B,0x5E,0x2B,0x5E,0x2B,0x5E,0x2B,0x5E,0x31,0x34,0x00,0x00,
    0x00,0x00,0x00,0x00,0x00,0x00,0x00,0x00,0x00,0x00,0x00,0x00,0x00,0x00,0x00,0x00,
    0x00,0x00,0x00,0x00,0x00,0x00,0x00,0x00,0x00,0x00,0x00,0x00,0x00,0x00,0x00,0x00,
    0x31,0x34,0x31,0x34,0x2B,0x5E,0x2B,0x5E,0x2B,0x5E,0x2B,0x5E,0x2B,0x5E,0x31,0x34,
    0x00,0x00,0x00,0x00,0x00,0x00,0x00,0x00,0x00,0x00,0x00,0x00,0x00,0x00,0x00,0x00,
    0x00,0x00,0x00,0x00,0x00,0x00,0x00,0x00,0x00,0x00,0x00,0x00,0x00,0x00,0x00,0x00,
    0x00,0x00,0x31,0x34,0x31,0x34,0x2B,0x5E,0x2B,0x5E,0xAE,0x21,0xAE,0x21,0xAE,0x21,
    0x31,0x34,0x00,0x00,0x00,0x00,0x00,0x00,0x00,0x00,0x00,0x00,0x00,0x00,0x00,0x00,
    0x00,0x00,0x00,0x00,0x00,0x00,0x00,0x00,0x00,0x00,0x00,0x00,0x00,0x00,0x00,0x00,
    0x00,0x00,0x00,0x00,0x31,0x34,0x31,0x34,0x2B,0x5E,0x2B,0x5E,0x2B,0x5E,0xAE,0x21,
    0xAE,0x21,0x2B,0x5E,0x00,0x00,0x00,0x00,0x00,0x00,0x00,0x00,0x00,0x00,0x00,0x00,
    0x00,0x00,0x00,0x00,0x00,0x00,0x00,0x00,0x00,0x00,0x00,0x00,0x00,0x00,0x00,0x00,
    0x00,0x00,0x00,0x00,0x00,0x00,0x31,0x34,0x31,0x34,0x2B,0x5E,0x2B,0x5E,0x2B,0x5E,
    0xAE,0x21,0xAE,0x21,0x2B,0x5E,0x00,0x00,0x00,0x00,0x00,0x00,0x00,0x00,0x00,0x00,
    0x00,0x00,0x00,0x00,0x00,0x00,0x00,0x00,0x00,0x00,0x00,0x00,0x00,0x00,0x00,0x00,
    0x00,0x00,0x31,0x34,0x31,0x34,0x31,0x34,0xAE,0x21,0xAE,0x21,0x31,0x34,0x31,0x34,
    0x2B,0x5E,0x2B,0x5E,0x2B,0x5E,0xAE,0x21,0x2B,0x5E,0x2B,0x5E,0x2B,0x5E,0x00,0x00,
    0x00,0x00,0x00,0x00,0x00,0x00,0x00,0x00,0x00,0x00,0x00,0x00,0x00,0x00,0x00,0x00,
    0x00,0x00,0x00,0x00,0x31,0x34,0x31,0x34,0x31,0x34,0xAE,0x21,0xAE,0x21,0x31,0x34,
    0x31,0x34,0x2B,0x5E,0x2B,0x5E,0x2B,0x5E,0xAE,0x21,0x2B,0x5E,0x2B,0x5E,0x2B,0x5E,
    0x00,0x00,0x00,0x00,0x00,0x00,0x00,0x00,0x00,0x00,0x00,0x00,0x00,0x00,0x00,0x00,
    0x00,0x00,0x00,0x00,0x31,0x34,0x31,0x34,0x31,0x34,0x2B,0x5E,0x2B,0x5E,0x2B,0x5E,
    0xAE,0x21,0xAE,0x21,0xAE,0x21,0xAE,0x21,0xAE,0x21,0xAE,0x21,0x2B,0x5E,0x2B,0x5E,
    0x2B,0x5E,0x00,0x00,0x00,0x00,0x00,0x00,0x00,0x00,0x00,0x00,0x00,0x00,0x00,0x00,
    0x00,0x00,0x00,0x00,0x00,0x00,0xAE,0x21,0xAE,0x21,0xAE,0x21,0x2B,0x5E,0x2B,0x5E,
    0x2B,0x5E,0xAE,0x21,0xAE,0x21,0xAE,0x21,0xAE,0x21,0xAE,0x21,0xAE,0x21,0x2B,0x5E,
    0x2B,0x5E,0x2B,0x5E,0x00,0x00,0x00,0x00,0x00,0x00,0x00,0x00,0x00,0x00,0x00,0x00,
    0x00,0x00,0x00,0x00,0x00,0x00,0x00,0x00,0xAE,0x21,0xAE,0x21,0xAE,0x21,0x2B,0x5E,
    0x2B,0x5E,0x2B,0x5E,0xAE,0x21,0xAE,0x21,0xAE,0x21,0xAE,0x21,0xAE,0x21,0xAE,0x21,
    0x2B,0x5E,0x2B,0x5E,0x2B,0x5E,0x00,0x00,0x00,0x00,0x00,0x00,0x00,0x00,0x00,0x00,
    0x00,0x00,0x00,0x00,0x00,0x00,0x00,0x00,0x00,0x00,0xAE,0x21,0xAE,0x21,0xAE,0x21,
    0x2B,0x5E,0x2B,0x5E,0x2B,0x5E,0xAE,0x21,0xAE,0x21,0xAE,0x21,0xAE,0x21,0xAE,0x21,
    0xAE,0x21,0xAE,0x21,0xAE,0x21,0x00,0x00,0x00,0x00,0x00,0x00,0x00,0x00,0x00,0x00,
    0x00,0x00,0x00,0x00,0x00,0x00,0x00,0x00,0x00,0x00,0x00,0x00,0x00,0x00,0xAE,0x21,
    0xAE,0x21,0xAE,0x21,0xAE,0x21,0xAE,0x21,0xAE,0x21,0xAE,0x21,0xAE,0x21,0xAE,0x21,
    0xAE,0x21,0xAE,0x21,0xAE,0x21,0xAE,0x21,0xAE,0x21,0x00,0x00,0x00,0x00,0x31,0x34,
    0x31,0x34,0x31,0x34,0x00,0x00,0x00,0x00,0x00,0x00,0x00,0x00,0x00,0x00,0x00,0x00,
    0xAE,0x21,0xAE,0x21,0xAE,0x21,0xAE,0x21,0xAE,0x21,0xAE,0x21,0xAE,0x21,0xAE,0x21,
    0xAE,0x21,0xAE,0x21,0xAE,0x21,0xAE,0x21,0xAE,0x21,0xAE,0x21,0x00,0x00,0x00,0x00,
    0x31,0x34,0x31,0x34,0x31,0x34,0x00,0x00,0x00,0x00,0x31,0x34,0x31,0x34,0x31,0x34,
    0xAE,0x21,0xAE,0x21,0xAE,0x21,0xAE,0x21,0xAE,0x21,0xAE,0x21,0xAE,0x21,0xAE,0x21,
    0xAE,0x21,0xAE,0x21,0xAE,0x21,0xAE,0x21,0xAE,0x21,0xAE,0x21,0xAE,0x21,0xAE,0x21,
    0xAE,0x21,0x31,0x34,0x31,0x34,0x31,0x34,0x00,0x00,0x00,0x00,0x31,0x34,0x31,0x34,
    0x31,0x34,0xAE,0x21,0xAE,0x21,0xAE,0x21,0xAE,0x21,0x00,0x00,0x00,0x00,0x00,0x00,
    0x00,0x00,0x00,0x00,0x00,0x00,0x00,0x00,0xAE,0x21,0xAE,0x21,0xAE,0x21,0xAE,0x21,
    0x31,0x34,0x31,0x34,0x31,0x34,0x31,0x34,0x31,0x34,0x00,0x00,0x00,0x00,0x31,0x34,
    0x31,0x34,0x31,0x34,0xAE,0x21,0xAE,0x21,0xAE,0x21,0xAE,0x21,0x00,0x00,0x00,0x00,
    0x00,0x00,0x00,0x00,0x00,0x00,0x00,0x00,0x00,0x00,0xAE,0x21,0xAE,0x21,0xAE,0x21,
    0xAE,0x21,0x31,0x34,0x31,0x34,0x31,0x34,0x31,0x34,0x31,0x34,0x00,0x00,0x00,0x00,
    0x31,0x34,0x31,0x34,0x31,0x34,0x00,0x00,0x00,0x00,0x00,0x00,0x00,0x00,0x00,0x00,
    0x00,0x00,0x00,0x00,0x00,0x00,0x00,0x00,0x00,0x00,0x00,0x00,0x00,0x00,0x00,0x00,
    0x00,0x00,0x00,0x00,0x31,0x34,0x31,0x34,0x31,0x34,0x00,0x00,0x00,0x00,0x00,0x00,
    0x00,0x00,0x00,0x00,0x00,0x00,0x00,0x00,0x00,0x00,0x00,0x00,0x00,0x00,0x00,0x00,
    0x00,0x00,0x00,0x00,0x00,0x00,0x00,0x00,0x00,0x00,0x00,0x00,0x00,0x00,0x00,0x00,
    0x00,0x00,0x00,0x00,0x00,0x00,0x00,0x00,0x00,0x00,0x00,0x00,0x00,0x00,0x00,0x00,
    0x00,0x00,0x00,0x00,0x00,0x00,0x00,0x00,0x00,0x00,0x00,0x00,0x00,0x00,0x00,0x00,
    0x00,0x00,0x00,0x00,0x00,0x00,0x00,0x00,0x00,0x00,0x00,0x00,0x00,0x00,0x00,0x00,
    0x00,0x00,0x00,0x00,0x00,0x00,0x00,0x00,0x00,0x00,0x00,0x00,0x00,0x00,0x00,0x00,
    0x00,0x00,0x00,0x00,0x00,0x00,0x00,0x00,0x00,0x00,0x00,0x00,0x00,0x00,0x00,0x00,
    0x00,0x00,0x00,0x00,0x00,0x00,0x00,0x00,0x00,0x00,0x00,0x00,0x00,0x00,0x00,0x00,
    0x00,0x00,0x00,0x00,0x00,0x00,0x00,0x00,0x00,0x00,0x00,0x00,0x00,0x00,0x00,0x00,
    0x00,0x00,0x00,0x00,0x00,0x00,0x00,0x00,0x00,0x00,0x00,0x00,0x00,0x00,0x00,0x00,
    0x00,0x00,0x00,0x00,0x00,0x00,0x00,0x00,0x00,0x00,0x00,0x00,0x00,0x00,0x00,0x00,
    0x00,0x00,0x00,0x00,0x00,0x00,0x00,0x00,0x00,0x00,0x00,0x00,0x00,0x00,0x00,0x00,
    0x00,0x00,0x00,0x00,0x00,0x00,0x00,0x00,0x00,0x00,0x00,0x00,0x00,0x00,0x00,0x00,
    0x00,0x00,0x00,0x00,0x00,0x00,0x00,0x00,0x00,0x00,0x00,0x00,0x00,0x00,0x00,0x00,
    0x00,0x00,0x00,0x00,0x00,0x00,0x00,0x00,0xFF,0xFF,0xFF,0xFF,0xFF,0xFF,0xFF,0xFF,
    0x00,0x00,0x00,0x00,0x00,0x00,0x00,0x00,0x00,0x00,0x00,0x00,0x00,0x00,0x00,0x00,
    0x00,0xFF,0xFF,0xFF,0xFF,0xFF,0xFF,0xFF,0xFF,0x00,0x00,0x00,0x00,0x00,0x00,0x00,
    0x00,0x00,0x00,0x00,0x00,0x00,0x00,0x00,0x00,0x00,0xFF,0xFF,0xFF,0xFF,0xFF,0xFF,
    0xFF,0xFF,0x00,0x00,0x00,0x00,0x00,0x00,0x00,0x00,0x00,0x00,0x00,0x00,0x00,0x00,
    0x00,0x00,0x00,0xFF,0xFF,0xFF,0xFF,0xFF,0xFF,0xFF,0xFF,0x00,0x00,0x00,0x00,0x00,
    0x00,0x00,0x00,0x00,0x00,0x00,0x00,0x00,0x00,0x00,0x00,0x00,0xFF,0xFF,0xFF,0xFF,
    0xFF,0xFF,0xFF,0xFF,0x00,0x00,0x00,0x00,0x00,0x00,0x00,0x00,0x00,0x00,0x00,0x00,
    0x00,0x00,0x00,0x00,0x00,0xFF,0xFF,0xFF,0xFF,0xFF,0xFF,0xFF,0xFF,0x00,0x00,0x00,
    0x00,0x00,0x00,0x00,0x00,0x00,0x00,0x00,0x00,0x00,0x00,0xFF,0xFF,0xFF,0xFF,0xFF,
    0xFF,0xFF,0xFF,0xFF,0xFF,0xFF,0xFF,0xFF,0xFF,0x00,0x00,0x00,0x00,0x00,0x00,0x00,
    0x00,0x00,0x00,0x00,0xFF,0xFF,0xFF,0xFF,0xFF,0xFF,0xFF,0xFF,0xFF,0xFF,0xFF,0xFF,
    0xFF,0xFF,0x00,0x00,0x00,0x00,0x00,0x00,0x00,0x00,0x00,0x00,0xFF,0xFF,0xFF,0xFF,
    0xFF,0xFF,0xFF,0xFF,0xFF,0xFF,0xFF,0xFF,0xFF,0xFF,0xFF,0x00,0x00,0x00,0x00,0x00,
    0x00,0x00,0x00,0x00,0x00,0xFF,0xFF,0xFF,0xFF,0xFF,0xFF,0xFF,0xFF,0xFF,0xFF,0xFF,
    0xFF,0xFF,0xFF,0xFF,0x00,0x00,0x00,0x00,0x00,0x00,0x00,0x00,0x00,0x00,0xFF,0xFF,
    0xFF,0xFF,0xFF,0xFF,0xFF,0xFF,0xFF,0xFF,0xFF,0xFF,0xFF,0xFF,0xFF,0x00,0x00,0x00,
    0x00,0x00,0x00,0x00,0x00,0x00,0x00,0xFF,0xFF,0xFF,0xFF,0xFF,0xFF,0xFF,0xFF,0xFF,
    0xFF,0xFF,0xFF,0xFF,0xFF,0x00,0x00,0x00,0x00,0x00,0x00,0x00,0x00,0x00,0x00,0x00,
    0x00,0xFF,0xFF,0xFF,0xFF,0xFF,0xFF,0xFF,0xFF,0xFF,0xFF,0xFF,0xFF,0xFF,0xFF,0x00,
    0x00,0xFF,0xFF,0xFF,0x00,0x00,0x00,0x00,0x00,0x00,0xFF,0xFF,0xFF,0xFF,0xFF,0xFF,
    0xFF,0xFF,0xFF,0xFF,0xFF,0xFF,0xFF,0xFF,0x00,0x00,0xFF,0xFF,0xFF,0x00,0x00,0xFF,
    0xFF,0xFF,0xFF,0xFF,0xFF,0xFF,0xFF,0xFF,0xFF,0xFF,0xFF,0xFF,0xFF,0xFF,0xFF,0xFF,
    0xFF,0xFF,0xFF,0xFF,0xFF,0xFF,0x00,0x00,0xFF,0xFF,0xFF,0xFF,0xFF,0xFF,0xFF,0x00,
    0x00,0x00,0x00,0x00,0x00,0x00,0xFF,0xFF,0xFF,0xFF,0xFF,0xFF,0xFF,0xFF,0xFF,0x00,
    0x00,0xFF,0xFF,0xFF,0xFF,0xFF,0xFF,0xFF,0x00,0x00,0x00,0x00,0x00,0x00,0x00,0xFF,
    0xFF,0xFF,0xFF,0xFF,0xFF,0xFF,0xFF,0xFF,0x00,0x00,0xFF,0xFF,0xFF,0x00,0x00,0x00,
    0x00,0x00,0x00,0x00,0x00,0x00,0x00,0x00,0x00,0x00,0x00,0x00,0xFF,0xFF,0xFF,0x00,
    0x00,0x00,0x00,0x00,0x00,0x00,0x00,0x00,0x00,0x00,0x00,0x00,0x00,0x00,0x00,0x00,
    0x00,0x00,0x00,0x00,0x00,0x00,0x00,0x00,0x00,0x00,0x00,0x00,0x00,0x00,0x00,0x00,
    0x00,0x00,0x00,0x00,0x00,0x00,0x00,0x00,0x00,0x00,0x00,0x00,0x00,0x00,0x00,0x00,
    0x00,0x00,0x00,
};
const lv_image_dsc_t ui_img_jump_prince_player_r1 = {
    .header.w = 25,
    .header.h = 25,
    .data_size = sizeof(ui_img_jump_prince_player_r1_data),
    .header.cf = LV_COLOR_FORMAT_NATIVE_WITH_ALPHA,
    .header.magic = LV_IMAGE_HEADER_MAGIC,
    .data = ui_img_jump_prince_player_r1_data
};

const LV_ATTRIBUTE_MEM_ALIGN uint8_t ui_img_jump_prince_player_l1_data[] = {
    0x00,0x00,0x00,0x00,0x00,0x00,0x00,0x00,0x00,0x00,0x00,0x00,0x00,0x00,0x00,0x00,
    0x00,0x00,0x00,0x00,0x00,0x00,0x00,0x00,0x00,0x00,0x00,0x00,0x00,0x00,0x00,0x00,
    0x00,0x00,0x00,0x00,0x00,0x00,0x00,0x00,0x00,0x00,0x00,0x00,0x00,0x00,0x00,0x00,
    0x00,0x00,0x00,0x00,0x00,0x00,0x00,0x00,0x00,0x00,0x00,0x00,0x00,0x00,0x00,0x00,
    0x00,0x00,0x00,0x00,0x00,0x00,0x00,0x00,0x00,0x00,0x00,0x00,0x00,0x00,0x00,0x00,
    0x00,0x00,0x00,0x00,0x00,0x00,0x00,0x00,0x00,0x00,0x00,0x00,0x00,0x00,0x00,0x00,
    0x00,0x00,0x00,0x00,0x00,0x00,0x00,0x00,0x00,0x00,0x00,0x00,0x00,0x00,0x00,0x00,
    0x00,0x00,0x00,0x00,0x00,0x00,0x00,0x00,0x00,0x00,0x00,0x00,0x00,0x00,0x00,0x00,
    0x00,0x00,0x00,0x00,0x00,0x00,0x00,0x00,0x00,0x00,0x00,0x00,0x00,0x00,0x00,0x00,
    0x00,0x00,0x00,0x00,0x00,0x00,0x00,0x00,0x00,0x00,0x00,0x00,0x00,0x00,0x00,0x00,
    0x00,0x00,0x00,0x00,0x00,0x00,0x00,0x00,0x00,0x00,0x00,0x00,0x00,0x00,0x00,0x00,
    0x00,0x00,0x00,0x00,0x00,0x00,0x00,0x00,0x00,0x00,0x00,0x00,0x00,0x00,0x00,0x00,
    0x00,0x00,0x00,0x00,0x00,0x00,0x00,0x00,0x00,0x00,0x00,0x00,0x00,0x00,0x00,0x00,
    0x00,0x00,0x00,0x00,0x00,0x00,0x00,0x00,0x00,0x00,0x00,0x00,0x00,0x00,0x00,0x00,
    0x00,0x00,0x00,0x00,0x00,0x00,0x00,0x00,0x00,0x00,0x00,0x00,0x00,0x00,0x00,0x00,
    0x00,0x00,0x00,0x00,0x00,0x00,0x00,0x00,0x00,0x00,0x00,0x00,0x00,0x00,0x00,0x00,
    0x00,0x00,0x00,0x00,0x00,0x00,0x00,0x00,0x00,0x00,0x31,0x34,0x2B,0x5E,0x2B,0x5E,
    0x2B,0x5E,0x2B,0x5E,0x2B,0x5E,0x31,0x34,0x31,0x34,0x00,0x00,0x00,0x00,0x00,0x00,
    0x00,0x00,0x00,0x00,0x00,0x00,0x00,0x00,0x00,0x00,0x00,0x00,0x00,0x00,0x00,0x00,
    0x00,0x00,0x00,0x00,0x00,0x00,0x00,0x00,0x00,0x00,0x00,0x00,0x31,0x34,0x2B,0x5E,
    0x2B,0x5E,0x2B,0x5E,0x2B,0x5E,0x2B,0x5E,0x31,0x34,0x31,0x34,0x00,0x00,0x00,0x00,
    0x00,0x00,0x00,0x00,0x00,0x00,0x00,0x00,0x00,0x00,0x00,0x00,0x00,0x00,0x00,0x00,
    0x00,0x00,0x00,0x00,0x00,0x00,0x00,0x00,0x00,0x00,0x00,0x00,0x00,0x00,0x31,0x34,
    0x2B,0x5E,0x2B,0x5E,0x2B,0x5E,0x2B,0x5E,0x2B,0x5E,0x31,0x34,0x31,0x34,0x00,0x00,
    0x00,0x00,0x00,0x00,0x00,0x00,0x00,0x00,0x00,0x00,0x00,0x00,0x00,0x00,0x00,0x00,
    0x00,0x00,0x00,0x00,0x00,0x00,0x00,0x00,0x00,0x00,0x00,0x00,0x00,0x00,0x00,0x00,
    0x31,0x34,0xAE,0x21,0xAE,0x21,0xAE,0x21,0xAE,0x21,0x2B,0x5E,0x31,0x34,0x31,0x34,
    0x00,0x00,0x00,0x00,0x00,0x00,0x00,0x00,0x00,0x00,0x00,0x00,0x00,0x00,0x00,0x00,
    0x00,0x00,0x00,0x00,0x00,0x00,0x00,0x00,0x00,0x00,0x00,0x00,0x00,0x00,0x00,0x00,
    0x00,0x00,0x2B,0x5E,0xAE,0x21,0xAE,0x21,0x2B,0x5E,0x2B,0x5E,0x2B,0x5E,0x31,0x34,
    0x31,0x34,0x00,0x00,0x00,0x00,0x00,0x00,0x00,0x00,0x00,0x00,0x00,0x00,0x00,0x00,
    0x00,0x00,0x00,0x00,0x00,0x00,0x00,0x00,0x00,0x00,0x00,0x00,0x00,0x00,0x00,0x00,
    0x00,0x00,0x00,0x00,0x2B,0x5E,0xAE,0x21,0xAE,0x21,0x2B,0x5E,0x2B,0x5E,0x2B,0x5E,
    0x31,0x34,0x31,0x34,0x00,0x00,0x00,0x00,0x00,0x00,0x00,0x00,0x00,0x00,0x00,0x00,
    0x00,0x00,0x00,0x00,0x00,0x00,0x00,0x00,0x00,0x00,0x00,0x00,0x00,0x00,0x00,0x00,
    0x2B,0x5E,0x2B,0x5E,0x2B,0x5E,0xAE,0x21,0x2B,0x5E,0x2B,0x5E,0x2B,0x5E,0x2B,0x5E,
    0x31,0x34,0xAE,0x21,0xAE,0x21,0x31,0x34,0x31,0x34,0x31,0x34,0x00,0x00,0x00,0x00,
    0x00,0x00,0x00,0x00,0x00,0x00,0x00,0x00,0x00,0x00,0x00,0x00,0x00,0x00,0x00,0x00,
    0x00,0x00,0x2B,0x5E,0x2B,0x5E,0x2B,0x5E,0xAE,0x21,0x2B,0x5E,0x2B,0x5E,0x2B,0x5E,
    0x2B,0x5E,0x31,0x34,0xAE,0x21,0xAE,0x21,0x31,0x34,0x31,0x34,0x31,0x34,0x00,0x00,
    0x00,0x00,0x00,0x00,0x00,0x00,0x00,0x00,0x00,0x00,0x00,0x00,0x00,0x00,0x00,0x00,
    0x00,0x00,0x00,0x00,0x2B,0x5E,0x2B,0x5E,0x2B,0x5E,0xAE,0x21,0xAE,0x21,0xAE,0x21,
    0xAE,0x21,0xAE,0x21,0xAE,0x21,0x2B,0x5E,0x2B,0x5E,0x2B,0x5E,0x31,0x34,0x31,0x34,
    0x31,0x34,0x00,0x00,0x00,0x00,0x00,0x00,0x00,0x00,0x00,0x00,0x00,0x00,0x00,0x00,
    0x00,0x00,0x00,0x00,0x00,0x00,0x2B,0x5E,0x2B,0x5E,0x2B,0x5E,0xAE,0x21,0xAE,0x21,
    0xAE,0x21,0xAE,0x21,0xAE,0x21,0xAE,0x21,0x2B,0x5E,0x2B,0x5E,0x2B,0x5E,0xAE,0x21,
    0xAE,0x21,0xAE,0x21,0x00,0x00,0x00,0x00,0x00,0x00,0x00,0x00,0x00,0x00,0x00,0x00,
    0x00,0x00,0x00,0x00,0x00,0x00,0x00,0x00,0x2B,0x5E,0x2B,0x5E,0x2B,0x5E,0xAE,0x21,
    0xAE,0x21,0xAE,0x21,0xAE,0x21,0xAE,0x21,0xAE,0x21,0x2B,0x5E,0x2B,0x5E,0x2B,0x5E,
    0xAE,0x21,0xAE,0x21,0xAE,0x21,0x00,0x00,0x00,0x00,0x00,0x00,0x00,0x00,0x00,0x00,
    0x00,0x00,0x00,0x00,0x00,0x00,0x00,0x00,0x00,0x00,0x00,0x00,0xAE,0x21,0xAE,0x21,
    0xAE,0x21,0xAE,0x21,0xAE,0x21,0xAE,0x21,0xAE,0x21,0xAE,0x21,0x2B,0x5E,0x2B,0x5E,
    0x2B,0x5E,0xAE,0x21,0xAE,0x21,0xAE,0x21,0x00,0x00,0x00,0x00,0x00,0x00,0x00,0x00,
    0x00,0x00,0x31,0x34,0x31,0x34,0x31,0x34,0x00,0x00,0x00,0x00,0xAE,0x21,0xAE,0x21,
    0xAE,0x21,0xAE,0x21,0xAE,0x21,0xAE,0x21,0xAE,0x21,0xAE,0x21,0xAE,0x21,0xAE,0x21,
    0xAE,0x21,0xAE,0x21,0xAE,0x21,0xAE,0x21,0x00,0x00,0x00,0x00,0x00,0x00,0x00,0x00,
    0x00,0x00,0x00,0x00,0x31,0x34,0x31,0x34,0x31,0x34,0x00,0x00,0x00,0x00,0xAE,0x21,
    0xAE,0x21,0xAE,0x21,0xAE,0x21,0xAE,0x21,0xAE,0x21,0xAE,0x21,0xAE,0x21,0xAE,0x21,
    0xAE,0x21,0xAE,0x21,0xAE,0x21,0xAE,0x21,0xAE,0x21,0x00,0x00,0x00,0x00,0x00,0x00,
    0x00,0x00,0x00,0x00,0x00,0x00,0x31,0x34,0x31,0x34,0x31,0x34,0xAE,0x21,0xAE,0x21,
    0xAE,0x21,0xAE,0x21,0xAE,0x21,0xAE,0x21,0xAE,0x21,0xAE,0x21,0xAE,0x21,0xAE,0x21,
    0xAE,0x21,0xAE,0x21,0xAE,0x21,0xAE,0x21,0xAE,0x21,0xAE,0x21,0xAE,0x21,0x31,0x34,
    0x31,0x34,0x31,0x34,0x00,0x00,0x00,0x00,0x31,0x34,0x31,0x34,0x31,0x34,0x31,0x34,
    0x31,0x34,0xAE,0x21,0xAE,0x21,0xAE,0x21,0xAE,0x21,0x00,0x00,0x00,0x00,0x00,0x00,
    0x00,0x00,0x00,0x00,0x00,0x00,0x00,0x00,0xAE,0x21,0xAE,0x21,0xAE,0x21,0xAE,0x21,
    0x31,0x34,0x31,0x34,0x31,0x34,0x00,0x00,0x00,0x00,0x31,0x34,0x31,0x34,0x31,0x34,
    0x31,0x34,0x31,0x34,0xAE,0x21,0xAE,0x21,0xAE,0x21,0xAE,0x21,0x00,0x00,0x00,0x00,
    0x00,0x00,0x00,0x00,0x00,0x00,0x00,0x00,0x00,0x00,0xAE,0x21,0xAE,0x21,0xAE,0x21,
    0xAE,0x21,0x31,0x34,0x31,0x34,0x31,0x34,0x00,0x00,0x00,0x00,0x00,0x00,0x00,0x00,
    0x31,0x34,0x31,0x34,0x31,0x34,0x00,0x00,0x00,0x00,0x00,0x00,0x00,0x00,0x00,0x00,
    0x00,0x00,0x00,0x00,0x00,0x00,0x00,0x00,0x00,0x00,0x00,0x00,0x00,0x00,0x00,0x00,
    0x00,0x00,0x00,0x00,0x31,0x34,0x31,0x34,0x31,0x34,0x00,0x00,0x00,0x00,0x00,0x00,
    0x00,0x00,0x00,0x00,0x00,0x00,0x00,0x00,0x00,0x00,0x00,0x00,0x00,0x00,0x00,0x00,
    0x00,0x00,0x00,0x00,0x00,0x00,0x00,0x00,0x00,0x00,0x00,0x00,0x00,0x00,0x00,0x00,
    0x00,0x00,0x00,0x00,0x00,0x00,0x00,0x00,0x00,0x00,0x00,0x00,0x00,0x00,0x00,0x00,
    0x00,0x00,0x00,0x00,0x00,0x00,0x00,0x00,0x00,0x00,0x00,0x00,0x00,0x00,0x00,0x00,
    0x00,0x00,0x00,0x00,0x00,0x00,0x00,0x00,0x00,0x00,0x00,0x00,0x00,0x00,0x00,0x00,
    0x00,0x00,0x00,0x00,0x00,0x00,0x00,0x00,0x00,0x00,0x00,0x00,0x00,0x00,0x00,0x00,
    0x00,0x00,0x00,0x00,0x00,0x00,0x00,0x00,0x00,0x00,0x00,0x00,0x00,0x00,0x00,0x00,
    0x00,0x00,0x00,0x00,0x00,0x00,0x00,0x00,0x00,0x00,0x00,0x00,0x00,0x00,0x00,0x00,
    0x00,0x00,0x00,0x00,0x00,0x00,0x00,0x00,0x00,0x00,0x00,0x00,0x00,0x00,0x00,0x00,
    0x00,0x00,0x00,0x00,0x00,0x00,0x00,0x00,0x00,0x00,0x00,0x00,0x00,0x00,0x00,0x00,
    0x00,0x00,0x00,0x00,0x00,0x00,0x00,0x00,0x00,0x00,0x00,0x00,0x00,0x00,0x00,0x00,
    0x00,0x00,0x00,0x00,0x00,0x00,0x00,0x00,0x00,0x00,0x00,0x00,0x00,0x00,0x00,0x00,
    0x00,0x00,0x00,0x00,0x00,0x00,0x00,0x00,0x00,0x00,0x00,0x00,0x00,0x00,0x00,0x00,
    0x00,0x00,0x00,0x00,0x00,0x00,0x00,0x00,0x00,0x00,0x00,0x00,0x00,0x00,0x00,0x00,
    0x00,0x00,0x00,0x00,0x00,0x00,0x00,0xFF,0xFF,0xFF,0xFF,0xFF,0xFF,0xFF,0xFF,0x00,
    0x00,0x00,0x00,0x00,0x00,0x00,0x00,0x00,0x00,0x00,0x00,0x00,0x00,0x00,0x00,0x00,
    0xFF,0xFF,0xFF,0xFF,0xFF,0xFF,0xFF,0xFF,0x00,0x00,0x00,0x00,0x00,0x00,0x00,0x00,
    0x00,0x00,0x00,0x00,0x00,0x00,0x00,0x00,0x00,0xFF,0xFF,0xFF,0xFF,0xFF,0xFF,0xFF,
    0xFF,0x00,0x00,0x00,0x00,0x00,0x00,0x00,0x00,0x00,0x00,0x00,0x00,0x00,0x00,0x00,
    0x00,0x00,0xFF,0xFF,0xFF,0xFF,0xFF,0xFF,0xFF,0xFF,0x00,0x00,0x00,0x00,0x00,0x00,
    0x00,0x00,0x00,0x00,0x00,0x00,0x00,0x00,0x00,0x00,0x00,0xFF,0xFF,0xFF,0xFF,0xFF,
    0xFF,0xFF,0xFF,0x00,0x00,0x00,0x00,0x00,0x00,0x00,0x00,0x00,0x00,0x00,0x00,0x00,
    0x00,0x00,0x00,0x00,0xFF,0xFF,0xFF,0xFF,0xFF,0xFF,0xFF,0xFF,0x00,0x00,0x00,0x00,
    0x00,0x00,0x00,0x00,0x00,0x00,0x00,0x00,0x00,0x00,0xFF,0xFF,0xFF,0xFF,0xFF,0xFF,
    0xFF,0xFF,0xFF,0xFF,0xFF,0xFF,0xFF,0xFF,0x00,0x00,0x00,0x00,0x00,0x00,0x00,0x00,
    0x00,0x00,0x00,0xFF,0xFF,0xFF,0xFF,0xFF,0xFF,0xFF,0xFF,0xFF,0xFF,0xFF,0xFF,0xFF,
    0xFF,0x00,0x00,0x00,0x00,0x00,0x00,0x00,0x00,0x00,0x00,0x00,0xFF,0xFF,0xFF,0xFF,
    0xFF,0xFF,0xFF,0xFF,0xFF,0xFF,0xFF,0xFF,0xFF,0xFF,0xFF,0x00,0x00,0x00,0x00,0x00,
    0x00,0x00,0x00,0x00,0x00,0xFF,0xFF,0xFF,0xFF,0xFF,0xFF,0xFF,0xFF,0xFF,0xFF,0xFF,
    0xFF,0xFF,0xFF,0xFF,0x00,0x00,0x00,0x00,0x00,0x00,0x00,0x00,0x00,0x00,0xFF,0xFF,
    0xFF,0xFF,0xFF,0xFF,0xFF,0xFF,0xFF,0xFF,0xFF,0xFF,0xFF,0xFF,0xFF,0x00,0x00,0x00,
    0x00,0x00,0x00,0x00,0x00,0x00,0x00,0x00,0xFF,0xFF,0xFF,0xFF,0xFF,0xFF,0xFF,0xFF,
    0xFF,0xFF,0xFF,0xFF,0xFF,0xFF,0x00,0x00,0x00,0x00,0x00,0xFF,0xFF,0xFF,0x00,0x00,
    0xFF,0xFF,0xFF,0xFF,0xFF,0xFF,0xFF,0xFF,0xFF,0xFF,0xFF,0xFF,0xFF,0xFF,0x00,0x00,
    0x00,0x00,0x00,0x00,0xFF,0xFF,0xFF,0x00,0x00,0xFF,0xFF,0xFF,0xFF,0xFF,0xFF,0xFF,
    0xFF,0xFF,0xFF,0xFF,0xFF,0xFF,0xFF,0x00,0x00,0x00,0x00,0x00,0x00,0xFF,0xFF,0xFF,
    0xFF,0xFF,0xFF,0xFF,0xFF,0xFF,0xFF,0xFF,0xFF,0xFF,0xFF,0xFF,0xFF,0xFF,0xFF,0xFF,
    0xFF,0xFF,0xFF,0xFF,0x00,0x00,0xFF,0xFF,0xFF,0xFF,0xFF,0xFF,0xFF,0xFF,0xFF,0x00,
    0x00,0x00,0x00,0x00,0x00,0x00,0xFF,0xFF,0xFF,0xFF,0xFF,0xFF,0xFF,0x00,0x00,0xFF,
    0xFF,0xFF,0xFF,0xFF,0xFF,0xFF,0xFF,0xFF,0x00,0x00,0x00,0x00,0x00,0x00,0x00,0xFF,
    0xFF,0xFF,0xFF,0xFF,0xFF,0xFF,0x00,0x00,0x00,0x00,0xFF,0xFF,0xFF,0x00,0x00,0x00,
    0x00,0x00,0x00,0x00,0x00,0x00,0x00,0x00,0x00,0x00,0x00,0x00,0xFF,0xFF,0xFF,0x00,
    0x00,0x00,0x00,0x00,0x00,0x00,0x00,0x00,0x00,0x00,0x00,0x00,0x00,0x00,0x00,0x00,
    0x00,0x00,0x00,0x00,0x00,0x00,0x00,0x00,0x00,0x00,0x00,0x00,0x00,0x00,0x00,0x00,
    0x00,0x00,0x00,0x00,0x00,0x00,0x00,0x00,0x00,0x00,0x00,0x00,0x00,0x00,0x00,0x00,
    0x00,0x00,0x00,
};
const lv_image_dsc_t ui_img_jump_prince_player_l1 = {
    .header.w = 25,
    .header.h = 25,
    .data_size = sizeof(ui_img_jump_prince_player_l1_data),
    .header.cf = LV_COLOR_FORMAT_NATIVE_WITH_ALPHA,
    .header.magic = LV_IMAGE_HEADER_MAGIC,
    .data = ui_img_jump_prince_player_l1_data
};

const LV_ATTRIBUTE_MEM_ALIGN uint8_t ui_img_jump_prince_player_r2_data[] = {
    0x00,0x00,0x00,0x00,0x00,0x00,0x00,0x00,0x00,0x00,0x00,0x00,0x00,0x00,0x00,0x00,
    0x00,0x00,0x00,0x00,0x00,0x00,0x00,0x00,0x00,0x00,0x00,0x00,0x00,0x00,0x00,0x00,
    0x00,0x00,0x00,0x00,0x00,0x00,0x00,0x00,0x00,0x00,0x00,0x00,0x00,0x00,0x00,0x00,
    0x00,0x00,0x00,0x00,0x00,0x00,0x00,0x00,0x00,0x00,0x00,0x00,0x00,0x00,0x00,0x00,
    0x00,0x00,0x00,0x00,0x00,0x00,0x00,0x00,0x00,0x00,0x00,0x00,0x00,0x00,0x00,0x00,
    0x00,0x00,0x00,0x00,0x00,0x00,0x00,0x00,0x00,0x00,0x00,0x00,0x00,0x00,0x00,0x00,
    0x00,0x00,0x00,0x00,0x00,0x00,0x00,0x00,0x00,0x00,0x00,0x00,0x00,0x00,0x00,0x00,
    0x00,0x00,0x00,0x00,0x00,0x00,0x00,0x00,0x00,0x00,0x00,0x00,0x00,0x00,0x00,0x00,
    0x00,0x00,0x00,0x00,0x00,0x00,0x00,0x00,0x00,0x00,0x00,0x00,0x00,0x00,0x00,0x00,
    0x00,0x00,0x00,0x00,0x00,0x00,0x00,0x00,0x00,0x00,0x00,0x00,0x00,0x00,0x00,0x00,
    0x00,0x00,0x00,0x00,0x00,0x00,0x00,0x00,0x00,0x00,0x00,0x00,0x00,0x00,0x00,0x00,
    0x00,0x00,0x00,0x00,0x00,0x00,0x00,0x00,0x00,0x00,0x00,0x00,0x00,0x00,0x00,0x00,
    0x00,0x00,0x00,0x00,0x00,0x00,0x00,0x00,0x00,0x00,0x00,0x00,0x00,0x00,0x00,0x00,
    0x00,0x00,0x00,0x00,0x00,0x00,0x00,0x00,0x00,0x00,0x00,0x00,0x00,0x00,0x00,0x00,
    0x00,0x00,0x00,0x00,0x00,0x00,0x00,0x00,0x00,0x00,0x00,0x00,0x00,0x00,0x00,0x00,
    0x00,0x00,0x00,0x00,0x00,0x00,0x00,0x00,0x00,0x00,0x00,0x00,0x00,0x00,0x00,0x00,
    0x00,0x00,0x00,0x00,0x00,0x00,0x00,0x00,0x00,0x00,0x00,0x00,0x31,0x34,0x31,0x34,
    0x2B,0x5E,0x2B,0x5E,0x2B,0x5E,0x2B,0x5E,0x2B,0x5E,0x31,0x34,0x00,0x00,0x00,0x00,
    0x00,0x00,0x00,0x00,0x00,0x00,0x00,0x00,0x00,0x00,0x00,0x00,0x00,0x00,0x00,0x00,
    0x00,0x00,0x00,0x00,0x00,0x00,0x00,0x00,0x00,0x00,0x00,0x00,0x00,0x00,0x31,0x34,
    0x31,0x34,0x2B,0x5E,0x2B,0x5E,0x2B,0x5E,0x2B,0x5E,0x2B,0x5E,0x31,0x34,0x00,0x00,
    0x00,0x00,0x00,0x00,0x00,0x00,0x00,0x00,0x00,0x00,0x00,0x00,0x00,0x00,0x00,0x00,
    0x00,0x00,0x00,0x00,0x00,0x00,0x00,0x00,0x00,0x00,0x00,0x00,0x00,0x00,0x00,0x00,
    0x31,0x34,0x31,0x34,0x2B,0x5E,0x2B,0x5E,0x2B,0x5E,0x2B,0x5E,0x2B,0x5E,0x31,0x34,
    0x00,0x00,0x00,0x00,0x00,0x00,0x00,0x00,0x00,0x00,0x00,0x00,0x00,0x00,0x00,0x00,
    0x00,0x00,0x00,0x00,0x00,0x00,0x00,0x00,0x00,0x00,0x00,0x00,0x00,0x00,0x00,0x00,
    0x00,0x00,0x31,0x34,0x31,0x34,0x2B,0x5E,0x2B,0x5E,0xAE,0x21,0xAE,0x21,0xAE,0x21,
    0x31,0x34,0x00,0x00,0x00,0x00,0x00,0x00,0x00,0x00,0x00,0x00,0x00,0x00,0x00,0x00,
    0x00,0x00,0x00,0x00,0x00,0x00,0x00,0x00,0x00,0x00,0x00,0x00,0x00,0x00,0x00,0x00,
    0x00,0x00,0x00,0x00,0x31,0x34,0x31,0x34,0x2B,0x5E,0x2B,0x5E,0x2B,0x5E,0xAE,0x21,
    0xAE,0x21,0x31,0x34,0x00,0x00,0x00,0x00,0x00,0x00,0x00,0x00,0x00,0x00,0x00,0x00,
    0x00,0x00,0x00,0x00,0x00,0x00,0x00,0x00,0x00,0x00,0x00,0x00,0x00,0x00,0x00,0x00,
    0x00,0x00,0x00,0x00,0x00,0x00,0x31,0x34,0x31,0x34,0x2B,0x5E,0x2B,0x5E,0x2B,0x5E,
    0xAE,0x21,0xAE,0x21,0x31,0x34,0x00,0x00,0x00,0x00,0x00,0x00,0x00,0x00,0x00,0x00,
    0x00,0x00,0x00,0x00,0x00,0x00,0x00,0x00,0x00,0x00,0x00,0x00,0x00,0x00,0x00,0x00,
    0xAE,0x21,0x2B,0x5E,0x2B,0x5E,0x2B,0x5E,0xAE,0x21,0xAE,0x21,0x31,0x34,0x31,0x34,
    0x2B,0x5E,0x2B,0x5E,0x2B,0x5E,0x31,0x34,0x2B,0x5E,0x2B,0x5E,0x2B,0x5E,0x00,0x00,
    0x00,0x00,0x00,0x00,0x00,0x00,0x00,0x00,0x00,0x00,0x00,0x00,0x00,0x00,0x00,0x00,
    0x00,0x00,0xAE,0x21,0x2B,0x5E,0x2B,0x5E,0x2B,0x5E,0xAE,0x21,0xAE,0x21,0x31,0x34,
    0x31,0x34,0x2B,0x5E,0x2B,0x5E,0x2B,0x5E,0x31,0x34,0x2B,0x5E,0x2B,0x5E,0x2B,0x5E,
    0x00,0x00,0x00,0x00,0x00,0x00,0x00,0x00,0x00,0x00,0x00,0x00,0x00,0x00,0x00,0x00,
    0x00,0x00,0x00,0x00,0xAE,0x21,0x2B,0x5E,0x2B,0x5E,0x2B,0x5E,0xAE,0x21,0xAE,0x21,
    0xAE,0x21,0xAE,0x21,0xAE,0x21,0xAE,0x21,0xAE,0x21,0xAE,0x21,0x2B,0x5E,0x2B,0x5E,
    0x2B,0x5E,0x00,0x00,0x00,0x00,0x00,0x00,0x00,0x00,0x00,0x00,0x00,0x00,0x00,0x00,
    0x00,0x00,0x00,0x00,0x00,0x00,0xAE,0x21,0x2B,0x5E,0x2B,0x5E,0x2B,0x5E,0xAE,0x21,
    0xAE,0x21,0xAE,0x21,0xAE,0x21,0xAE,0x21,0xAE,0x21,0xAE,0x21,0xAE,0x21,0x2B,0x5E,
    0x2B,0x5E,0x2B,0x5E,0x00,0x00,0x00,0x00,0x00,0x00,0x00,0x00,0x00,0x00,0x00,0x00,
    0x00,0x00,0x00,0x00,0x00,0x00,0x00,0x00,0xAE,0x21,0x2B,0x5E,0x2B,0x5E,0x2B,0x5E,
    0xAE,0x21,0xAE,0x21,0xAE,0x21,0xAE,0x21,0xAE,0x21,0xAE,0x21,0xAE,0x21,0xAE,0x21,
    0x2B,0x5E,0x2B,0x5E,0x2B,0x5E,0x00,0x00,0x00,0x00,0x00,0x00,0x00,0x00,0x00,0x00,
    0x00,0x00,0x00,0x00,0x00,0x00,0x00,0x00,0x00,0x00,0xAE,0x21,0xAE,0x21,0xAE,0x21,
    0xAE,0x21,0xAE,0x21,0xAE,0x21,0xAE,0x21,0xAE,0x21,0xAE,0x21,0xAE,0x21,0xAE,0x21,
    0xAE,0x21,0xAE,0x21,0xAE,0x21,0xAE,0x21,0x00,0x00,0x00,0x00,0x00,0x00,0x00,0x00,
    0x00,0x00,0x00,0x00,0x00,0x00,0x00,0x00,0x00,0x00,0x00,0x00,0x00,0x00,0x00,0x00,
    0x00,0x00,0x00,0x00,0xAE,0x21,0xAE,0x21,0xAE,0x21,0xAE,0x21,0xAE,0x21,0xAE,0x21,
    0xAE,0x21,0xAE,0x21,0x00,0x00,0x00,0x00,0x00,0x00,0x00,0x00,0x00,0x00,0x00,0x00,
    0x00,0x00,0x00,0x00,0x00,0x00,0x00,0x00,0x00,0x00,0x00,0x00,0x00,0x00,0x00,0x00,
    0x00,0x00,0x00,0x00,0x00,0x00,0xAE,0x21,0xAE,0x21,0xAE,0x21,0xAE,0x21,0xAE,0x21,
    0xAE,0x21,0xAE,0x21,0xAE,0x21,0x00,0x00,0x00,0x00,0x00,0x00,0x00,0x00,0x00,0x00,
    0x00,0x00,0x00,0x00,0x00,0x00,0x00,0x00,0x00,0x00,0x00,0x00,0x00,0x00,0x00,0x00,
    0x00,0x00,0x00,0x00,0x00,0x00,0x00,0x00,0xAE,0x21,0xAE,0x21,0xAE,0x21,0xAE,0x21,
    0xAE,0x21,0xAE,0x21,0xAE,0x21,0x00,0x00,0x00,0x00,0x00,0x00,0x00,0x00,0x00,0x00,
    0x00,0x00,0x00,0x00,0x00,0x00,0x00,0x00,0x00,0x00,0x00,0x00,0x00,0x00,0x00,0x00,
    0x00,0x00,0x00,0x00,0x00,0x00,0x00,0x00,0x31,0x34,0x31,0x34,0x31,0x34,0xAE,0x21,
    0xAE,0x21,0xAE,0x21,0xAE,0x21,0xAE,0x21,0xAE,0x21,0x00,0x00,0x00,0x00,0x00,0x00,
    0x00,0x00,0x00,0x00,0x00,0x00,0x00,0x00,0x00,0x00,0x00,0x00,0x00,0x00,0x00,0x00,
    0x00,0x00,0x00,0x00,0x00,0x00,0x00,0x00,0x00,0x00,0x31,0x34,0x31,0x34,0x31,0x34,
    0xAE,0x21,0xAE,0x21,0xAE,0x21,0xAE,0x21,0xAE,0x21,0xAE,0x21,0x00,0x00,0x00,0x00,
    0x00,0x00,0x00,0x00,0x00,0x00,0x00,0x00,0x00,0x00,0x00,0x00,0x00,0x00,0x00,0x00,
    0x00,0x00,0x00,0x00,0x00,0x00,0x00,0x00,0x00,0x00,0x00,0x00,0x31,0x34,0x31,0x34,
    0x31,0x34,0x31,0x34,0x31,0x34,0x31,0x34,0x31,0x34,0x31,0x34,0x31,0x34,0x00,0x00,
    0x00,0x00,0x00,0x00,0x00,0x00,0x00,0x00,0x00,0x00,0x00,0x00,0x00,0x00,0x00,0x00,
    0x00,0x00,0x00,0x00,0x00,0x00,0x00,0x00,0x00,0x00,0x00,0x00,0x00,0x00,0x00,0x00,
    0x31,0x34,0x31,0x34,0x31,0x34,0x31,0x34,0x31,0x34,0x31,0x34,0x31,0x34,0x31,0x34,
    0x00,0x00,0x00,0x00,0x00,0x00,0x00,0x00,0x00,0x00,0x00,0x00,0x00,0x00,0x00,0x00,
    0x00,0x00,0x00,0x00,0x00,0x00,0x00,0x00,0x00,0x00,0x00,0x00,0x00,0x00,0x00,0x00,
    0x00,0x00,0x31,0x34,0x31,0x34,0x31,0x34,0x31,0x34,0x31,0x34,0x31,0x34,0x31,0x34,
    0x31,0x34,0x00,0x00,0x00,0x00,0x00,0x00,0x00,0x00,0x00,0x00,0x00,0x00,0x00,0x00,
    0x00,0x00,0x00,0x00,0x00,0x00,0x00,0x00,0x00,0x00,0x00,0x00,0x00,0x00,0x00,0x00,
    0x00,0x00,0x00,0x00,0x00,0x00,0x00,0x00,0x00,0x00,0x00,0x00,0x00,0x00,0x00,0x00,
    0x00,0x00,0x00,0x00,0x00,0x00,0x00,0x00,0x00,0x00,0x00,0x00,0x00,0x00,0x00,0x00,
    0x00,0x00,0x00,0x00,0x00,0x00,0x00,0x00,0x00,0x00,0x00,0x00,0x00,0x00,0x00,0x00,
    0x00,0x00,0x00,0x00,0x00,0x00,0x00,0x00,0x00,0x00,0x00,0x00,0x00,0x00,0x00,0x00,
    0x00,0x00,0x00,0x00,0x00,0x00,0x00,0x00,0x00,0x00,0x00,0x00,0x00,0x00,0x00,0x00,
    0x00,0x00,0x00,0x00,0x00,0x00,0x00,0x00,0x00,0x00,0x00,0x00,0x00,0x00,0x00,0x00,
    0x00,0x00,0x00,0x00,0x00,0x00,0x00,0x00,0x00,0x00,0x00,0x00,0x00,0x00,0x00,0x00,
    0x00,0x00,0x00,0x00,0x00,0x00,0x00,0x00,0xFF,0xFF,0xFF,0xFF,0xFF,0xFF,0xFF,0xFF,
    0x00,0x00,0x00,0x00,0x00,0x00,0x00,0x00,0x00,0x00,0x00,0x00,0x00,0x00,0x00,0x00,
    0x00,0xFF,0xFF,0xFF,0xFF,0xFF,0xFF,0xFF,0xFF,0x00,0x00,0x00,0x00,0x00,0x00,0x00,
    0x00,0x00,0x00,0x00,0x00,0x00,0x00,0x00,0x00,0x00,0xFF,0xFF,0xFF,0xFF,0xFF,0xFF,
    0xFF,0xFF,0x00,0x00,0x00,0x00,0x00,0x00,0x00,0x00,0x00,0x00,0x00,0x00,0x00,0x00,
    0x00,0x00,0x00,0xFF,0xFF,0xFF,0xFF,0xFF,0xFF,0xFF,0xFF,0x00,0x00,0x00,0x00,0x00,
    0x00,0x00,0x00,0x00,0x00,0x00,0x00,0x00,0x00,0x00,0x00,0x00,0xFF,0xFF,0xFF,0xFF,
    0xFF,0xFF,0xFF,0xFF,0x00,0x00,0x00,0x00,0x00,0x00,0x00,0x00,0x00,0x00,0x00,0x00,
    0x00,0x00,0x00,0x00,0x00,0xFF,0xFF,0xFF,0xFF,0xFF,0xFF,0xFF,0xFF,0x00,0x00,0x00,
    0x00,0x00,0x00,0x00,0x00,0x00,0x00,0x00,0x00,0x00,0xFF,0xFF,0xFF,0xFF,0xFF,0xFF,
    0xFF,0xFF,0xFF,0xFF,0xFF,0xFF,0xFF,0xFF,0xFF,0x00,0x00,0x00,0x00,0x00,0x00,0x00,
    0x00,0x00,0x00,0xFF,0xFF,0xFF,0xFF,0xFF,0xFF,0xFF,0xFF,0xFF,0xFF,0xFF,0xFF,0xFF,
    0xFF,0xFF,0x00,0x00,0x00,0x00,0x00,0x00,0x00,0x00,0x00,0x00,0xFF,0xFF,0xFF,0xFF,
    0xFF,0xFF,0xFF,0xFF,0xFF,0xFF,0xFF,0xFF,0xFF,0xFF,0xFF,0x00,0x00,0x00,0x00,0x00,
    0x00,0x00,0x00,0x00,0x00,0xFF,0xFF,0xFF,0xFF,0xFF,0xFF,0xFF,0xFF,0xFF,0xFF,0xFF,
    0xFF,0xFF,0xFF,0xFF,0x00,0x00,0x00,0x00,0x00,0x00,0x00,0x00,0x00,0x00,0xFF,0xFF,
    0xFF,0xFF,0xFF,0xFF,0xFF,0xFF,0xFF,0xFF,0xFF,0xFF,0xFF,0xFF,0xFF,0x00,0x00,0x00,
    0x00,0x00,0x00,0x00,0x00,0x00,0x00,0xFF,0xFF,0xFF,0xFF,0xFF,0xFF,0xFF,0xFF,0xFF,
    0xFF,0xFF,0xFF,0xFF,0xFF,0xFF,0x00,0x00,0x00,0x00,0x00,0x00,0x00,0x00,0x00,0x00,
    0x00,0x00,0x00,0x00,0xFF,0xFF,0xFF,0xFF,0xFF,0xFF,0xFF,0xFF,0x00,0x00,0x00,0x00,
    0x00,0x00,0x00,0x00,0x00,0x00,0x00,0x00,0x00,0x00,0x00,0x00,0x00,0xFF,0xFF,0xFF,
    0xFF,0xFF,0xFF,0xFF,0xFF,0x00,0x00,0x00,0x00,0x00,0x00,0x00,0x00,0x00,0x00,0x00,
    0x00,0x00,0x00,0x00,0x00,0x00,0xFF,0xFF,0xFF,0xFF,0xFF,0xFF,0xFF,0x00,0x00,0x00,
    0x00,0x00,0x00,0x00,0x00,0x00,0x00,0x00,0x00,0x00,0x00,0x00,0x00,0x00,0xFF,0xFF,
    0xFF,0xFF,0xFF,0xFF,0xFF,0xFF,0xFF,0x00,0x00,0x00,0x00,0x00,0x00,0x00,0x00,0x00,
    0x00,0x00,0x00,0x00,0x00,0x00,0x00,0xFF,0xFF,0xFF,0xFF,0xFF,0xFF,0xFF,0xFF,0xFF,
    0x00,0x00,0x00,0x00,0x00,0x00,0x00,0x00,0x00,0x00,0x00,0x00,0x00,0x00,0x00,0x00,
    0xFF,0xFF,0xFF,0xFF,0xFF,0xFF,0xFF,0xFF,0xFF,0x00,0x00,0x00,0x00,0x00,0x00,0x00,
    0x00,0x00,0x00,0x00,0x00,0x00,0x00,0x00,0x00,0x00,0xFF,0xFF,0xFF,0xFF,0xFF,0xFF,
    0xFF,0xFF,0x00,0x00,0x00,0x00,0x00,0x00,0x00,0x00,0x00,0x00,0x00,0x00,0x00,0x00,
    0x00,0x00,0x00,0xFF,0xFF,0xFF,0xFF,0xFF,0xFF,0xFF,0xFF,0x00,0x00,0x00,0x00,0x00,
    0x00,0x00,0x00,
};
const lv_image_dsc_t ui_img_jump_prince_player_r2 = {
    .header.w = 25,
    .header.h = 25,
    .data_size = sizeof(ui_img_jump_prince_player_r2_data),
    .header.cf = LV_COLOR_FORMAT_NATIVE_WITH_ALPHA,
    .header.magic = LV_IMAGE_HEADER_MAGIC,
    .data = ui_img_jump_prince_player_r2_data
};

const LV_ATTRIBUTE_MEM_ALIGN uint8_t ui_img_jump_prince_player_l2_data[] = {
    0x00,0x00,0x00,0x00,0x00,0x00,0x00,0x00,0x00,0x00,0x00,0x00,0x00,0x00,0x00,0x00,
    0x00,0x00,0x00,0x00,0x00,0x00,0x00,0x00,0x00,0x00,0x00,0x00,0x00,0x00,0x00,0x00,
    0x00,0x00,0x00,0x00,0x00,0x00,0x00,0x00,0x00,0x00,0x00,0x00,0x00,0x00,0x00,0x00,
    0x00,0x00,0x00,0x00,0x00,0x00,0x00,0x00,0x00,0x00,0x00,0x00,0x00,0x00,0x00,0x00,
    0x00,0x00,0x00,0x00,0x00,0x00,0x00,0x00,0x00,0x00,0x00,0x00,0x00,0x00,0x00,0x00,
    0x00,0x00,0x00,0x00,0x00,0x00,0x00,0x00,0x00,0x00,0x00,0x00,0x00,0x00,0x00,0x00,
    0x00,0x00,0x00,0x00,0x00,0x00,0x00,0x00,0x00,0x00,0x00,0x00,0x00,0x00,0x00,0x00,
    0x00,0x00,0x00,0x00,0x00,0x00,0x00,0x00,0x00,0x00,0x00,0x00,0x00,0x00,0x00,0x00,
    0x00,0x00,0x00,0x00,0x00,0x00,0x00,0x00,0x00,0x00,0x00,0x00,0x00,0x00,0x00,0x00,
    0x00,0x00,0x00,0x00,0x00,0x00,0x00,0x00,0x00,0x00,0x00,0x00,0x00,0x00,0x00,0x00,
    0x00,0x00,0x00,0x00,0x00,0x00,0x00,0x00,0x00,0x00,0x00,0x00,0x00,0x00,0x00,0x00,
    0x00,0x00,0x00,0x00,0x00,0x00,0x00,0x00,0x00,0x00,0x00,0x00,0x00,0x00,0x00,0x00,
    0x00,0x00,0x00,0x00,0x00,0x00,0x00,0x00,0x00,0x00,0x00,0x00,0x00,0x00,0x00,0x00,
    0x00,0x00,0x00,0x00,0x00,0x00,0x00,0x00,0x00,0x00,0x00,0x00,0x00,0x00,0x00,0x00,
    0x00,0x00,0x00,0x00,0x00,0x00,0x00,0x00,0x00,0x00,0x00,0x00,0x00,0x00,0x00,0x00,
    0x00,0x00,0x00,0x00,0x00,0x00,0x00,0x00,0x00,0x00,0x00,0x00,0x00,0x00,0x00,0x00,
    0x00,0x00,0x00,0x00,0x00,0x00,0x00,0x00,0x00,0x00,0x31,0x34,0x2B,0x5E,0x2B,0x5E,
    0x2B,0x5E,0x2B,0x5E,0x2B,0x5E,0x31,0x34,0x31,0x34,0x00,0x00,0x00,0x00,0x00,0x00,
    0x00,0x00,0x00,0x00,0x00,0x00,0x00,0x00,0x00,0x00,0x00,0x00,0x00,0x00,0x00,0x00,
    0x00,0x00,0x00,0x00,0x00,0x00,0x00,0x00,0x00,0x00,0x00,0x00,0x31,0x34,0x2B,0x5E,
    0x2B,0x5E,0x2B,0x5E,0x2B,0x5E,0x2B,0x5E,0x31,0x34,0x31,0x34,0x00,0x00,0x00,0x00,
    0x00,0x00,0x00,0x00,0x00,0x00,0x00,0x00,0x00,0x00,0x00,0x00,0x00,0x00,0x00,0x00,
    0x00,0x00,0x00,0x00,0x00,0x00,0x00,0x00,0x00,0x00,0x00,0x00,0x00,0x00,0x31,0x34,
    0x2B,0x5E,0x2B,0x5E,0x2B,0x5E,0x2B,0x5E,0x2B,0x5E,0x31,0x34,0x31,0x34,0x00,0x00,
    0x00,0x00,0x00,0x00,0x00,0x00,0x00,0x00,0x00,0x00,0x00,0x00,0x00,0x00,0x00,0x00,
    0x00,0x00,0x00,0x00,0x00,0x00,0x00,0x00,0x00,0x00,0x00,0x00,0x00,0x00,0x00,0x00,
    0x31,0x34,0xAE,0x21,0xAE,0x21,0xAE,0x21,0xAE,0x21,0x2B,0x5E,0x31,0x34,0x31,0x34,
    0x00,0x00,0x00,0x00,0x00,0x00,0x00,0x00,0x00,0x00,0x00,0x00,0x00,0x00,0x00,0x00,
    0x00,0x00,0x00,0x00,0x00,0x00,0x00,0x00,0x00,0x00,0x00,0x00,0x00,0x00,0x00,0x00,
    0x00,0x00,0x31,0x34,0xAE,0x21,0xAE,0x21,0x2B,0x5E,0x2B,0x5E,0x2B,0x5E,0x31,0x34,
    0x31,0x34,0x00,0x00,0x00,0x00,0x00,0x00,0x00,0x00,0x00,0x00,0x00,0x00,0x00,0x00,
    0x00,0x00,0x00,0x00,0x00,0x00,0x00,0x00,0x00,0x00,0x00,0x00,0x00,0x00,0x00,0x00,
    0x00,0x00,0x00,0x00,0x31,0x34,0xAE,0x21,0xAE,0x21,0x2B,0x5E,0x2B,0x5E,0x2B,0x5E,
    0x31,0x34,0x31,0x34,0x00,0x00,0x00,0x00,0x00,0x00,0x00,0x00,0x00,0x00,0x00,0x00,
    0x00,0x00,0x00,0x00,0x00,0x00,0x00,0x00,0x00,0x00,0x00,0x00,0x00,0x00,0x00,0x00,
    0x2B,0x5E,0x2B,0x5E,0x2B,0x5E,0x31,0x34,0x2B,0x5E,0x2B,0x5E,0x2B,0x5E,0x2B,0x5E,
    0x31,0x34,0xAE,0x21,0xAE,0x21,0x2B,0x5E,0x2B,0x5E,0x2B,0x5E,0xAE,0x21,0x00,0x00,
    0x00,0x00,0x00,0x00,0x00,0x00,0x00,0x00,0x00,0x00,0x00,0x00,0x00,0x00,0x00,0x00,
    0x00,0x00,0x2B,0x5E,0x2B,0x5E,0x2B,0x5E,0x31,0x34,0x2B,0x5E,0x2B,0x5E,0x2B,0x5E,
    0x2B,0x5E,0x31,0x34,0xAE,0x21,0xAE,0x21,0x2B,0x5E,0x2B,0x5E,0x2B,0x5E,0xAE,0x21,
    0x00,0x00,0x00,0x00,0x00,0x00,0x00,0x00,0x00,0x00,0x00,0x00,0x00,0x00,0x00,0x00,
    0x00,0x00,0x00,0x00,0x2B,0x5E,0x2B,0x5E,0x2B,0x5E,0xAE,0x21,0xAE,0x21,0xAE,0x21,
    0xAE,0x21,0xAE,0x21,0xAE,0x21,0xAE,0x21,0xAE,0x21,0x2B,0x5E,0x2B,0x5E,0x2B,0x5E,
    0xAE,0x21,0x00,0x00,0x00,0x00,0x00,0x00,0x00,0x00,0x00,0x00,0x00,0x00,0x00,0x00,
    0x00,0x00,0x00,0x00,0x00,0x00,0x2B,0x5E,0x2B,0x5E,0x2B,0x5E,0xAE,0x21,0xAE,0x21,
    0xAE,0x21,0xAE,0x21,0xAE,0x21,0xAE,0x21,0xAE,0x21,0xAE,0x21,0x2B,0x5E,0x2B,0x5E,
    0x2B,0x5E,0xAE,0x21,0x00,0x00,0x00,0x00,0x00,0x00,0x00,0x00,0x00,0x00,0x00,0x00,
    0x00,0x00,0x00,0x00,0x00,0x00,0x00,0x00,0x2B,0x5E,0x2B,0x5E,0x2B,0x5E,0xAE,0x21,
    0xAE,0x21,0xAE,0x21,0xAE,0x21,0xAE,0x21,0xAE,0x21,0xAE,0x21,0xAE,0x21,0x2B,0x5E,
    0x2B,0x5E,0x2B,0x5E,0xAE,0x21,0x00,0x00,0x00,0x00,0x00,0x00,0x00,0x00,0x00,0x00,
    0x00,0x00,0x00,0x00,0x00,0x00,0x00,0x00,0x00,0x00,0xAE,0x21,0xAE,0x21,0xAE,0x21,
    0xAE,0x21,0xAE,0x21,0xAE,0x21,0xAE,0x21,0xAE,0x21,0xAE,0x21,0xAE,0x21,0xAE,0x21,
    0xAE,0x21,0xAE,0x21,0xAE,0x21,0xAE,0x21,0x00,0x00,0x00,0x00,0x00,0x00,0x00,0x00,
    0x00,0x00,0x00,0x00,0x00,0x00,0x00,0x00,0x00,0x00,0x00,0x00,0x00,0x00,0x00,0x00,
    0x00,0x00,0xAE,0x21,0xAE,0x21,0xAE,0x21,0xAE,0x21,0xAE,0x21,0xAE,0x21,0xAE,0x21,
    0xAE,0x21,0x00,0x00,0x00,0x00,0x00,0x00,0x00,0x00,0x00,0x00,0x00,0x00,0x00,0x00,
    0x00,0x00,0x00,0x00,0x00,0x00,0x00,0x00,0x00,0x00,0x00,0x00,0x00,0x00,0x00,0x00,
    0x00,0x00,0x00,0x00,0xAE,0x21,0xAE,0x21,0xAE,0x21,0xAE,0x21,0xAE,0x21,0xAE,0x21,
    0xAE,0x21,0xAE,0x21,0x00,0x00,0x00,0x00,0x00,0x00,0x00,0x00,0x00,0x00,0x00,0x00,
    0x00,0x00,0x00,0x00,0x00,0x00,0x00,0x00,0x00,0x00,0x00,0x00,0x00,0x00,0x00,0x00,
    0x00,0x00,0x00,0x00,0x00,0x00,0x00,0x00,0xAE,0x21,0xAE,0x21,0xAE,0x21,0xAE,0x21,
    0xAE,0x21,0xAE,0x21,0xAE,0x21,0x00,0x00,0x00,0x00,0x00,0x00,0x00,0x00,0x00,0x00,
    0x00,0x00,0x00,0x00,0x00,0x00,0x00,0x00,0x00,0x00,0x00,0x00,0x00,0x00,0x00,0x00,
    0x00,0x00,0x00,0x00,0x00,0x00,0x00,0x00,0xAE,0x21,0xAE,0x21,0xAE,0x21,0xAE,0x21,
    0xAE,0x21,0xAE,0x21,0x31,0x34,0x31,0x34,0x31,0x34,0x00,0x00,0x00,0x00,0x00,0x00,
    0x00,0x00,0x00,0x00,0x00,0x00,0x00,0x00,0x00,0x00,0x00,0x00,0x00,0x00,0x00,0x00,
    0x00,0x00,0x00,0x00,0x00,0x00,0x00,0x00,0x00,0x00,0xAE,0x21,0xAE,0x21,0xAE,0x21,
    0xAE,0x21,0xAE,0x21,0xAE,0x21,0x31,0x34,0x31,0x34,0x31,0x34,0x00,0x00,0x00,0x00,
    0x00,0x00,0x00,0x00,0x00,0x00,0x00,0x00,0x00,0x00,0x00,0x00,0x00,0x00,0x00,0x00,
    0x00,0x00,0x00,0x00,0x00,0x00,0x00,0x00,0x00,0x00,0x00,0x00,0x31,0x34,0x31,0x34,
    0x31,0x34,0x31,0x34,0x31,0x34,0x31,0x34,0x31,0x34,0x31,0x34,0x31,0x34,0x00,0x00,
    0x00,0x00,0x00,0x00,0x00,0x00,0x00,0x00,0x00,0x00,0x00,0x00,0x00,0x00,0x00,0x00,
    0x00,0x00,0x00,0x00,0x00,0x00,0x00,0x00,0x00,0x00,0x00,0x00,0x00,0x00,0x31,0x34,
    0x31,0x34,0x31,0x34,0x31,0x34,0x31,0x34,0x31,0x34,0x31,0x34,0x31,0x34,0x00,0x00,
    0x00,0x00,0x00,0x00,0x00,0x00,0x00,0x00,0x00,0x00,0x00,0x00,0x00,0x00,0x00,0x00,
    0x00,0x00,0x00,0x00,0x00,0x00,0x00,0x00,0x00,0x00,0x00,0x00,0x00,0x00,0x00,0x00,
    0x31,0x34,0x31,0x34,0x31,0x34,0x31,0x34,0x31,0x34,0x31,0x34,0x31,0x34,0x31,0x34,
    0x00,0x00,0x00,0x00,0x00,0x00,0x00,0x00,0x00,0x00,0x00,0x00,0x00,0x00,0x00,0x00,
    0x00,0x00,0x00,0x00,0x00,0x00,0x00,0x00,0x00,0x00,0x00,0x00,0x00,0x00,0x00,0x00,
    0x00,0x00,0x00,0x00,0x00,0x00,0x00,0x00,0x00,0x00,0x00,0x00,0x00,0x00,0x00,0x00,
    0x00,0x00,0x00,0x00,0x00,0x00,0x00,0x00,0x00,0x00,0x00,0x00,0x00,0x00,0x00,0x00,
    0x00,0x00,0x00,0x00,0x00,0x00,0x00,0x00,0x00,0x00,0x00,0x00,0x00,0x00,0x00,0x00,
    0x00,0x00,0x00,0x00,0x00,0x00,0x00,0x00,0x00,0x00,0x00,0x00,0x00,0x00,0x00,0x00,
    0x00,0x00,0x00,0x00,0x00,0x00,0x00,0x00,0x00,0x00,0x00,0x00,0x00,0x00,0x00,0x00,
    0x00,0x00,0x00,0x00,0x00,0x00,0x00,0x00,0x00,0x00,0x00,0x00,0x00,0x00,0x00,0x00,
    0x00,0x00,0x00,0x00,0x00,0x00,0x00,0x00,0x00,0x00,0x00,0x00,0x00,0x00,0x00,0x00,
    0x00,0x00,0x00,0x00,0x00,0x00,0x00,0xFF,0xFF,0xFF,0xFF,0xFF,0xFF,0xFF,0xFF,0x00,
    0x00,0x00,0x00,0x00,0x00,0x00,0x00,0x00,0x00,0x00,0x00,0x00,0x00,0x00,0x00,0x00,
    0xFF,0xFF,0xFF,0xFF,0xFF,0xFF,0xFF,0xFF,0x00,0x00,0x00,0x00,0x00,0x00,0x00,0x00,
    0x00,0x00,0x00,0x00,0x00,0x00,0x00,0x00,0x00,0xFF,0xFF,0xFF,0xFF,0xFF,0xFF,0xFF,
    0xFF,0x00,0x00,0x00,0x00,0x00,0x00,0x00,0x00,0x00,0x00,0x00,0x00,0x00,0x00,0x00,
    0x00,0x00,0xFF,0xFF,0xFF,0xFF,0xFF,0xFF,0xFF,0xFF,0x00,0x00,0x00,0x00,0x00,0x00,
    0x00,0x00,0x00,0x00,0x00,0x00,0x00,0x00,0x00,0x00,0x00,0xFF,0xFF,0xFF,0xFF,0xFF,
    0xFF,0xFF,0xFF,0x00,0x00,0x00,0x00,0x00,0x00,0x00,0x00,0x00,0x00,0x00,0x00,0x00,
    0x00,0x00,0x00,0x00,0xFF,0xFF,0xFF,0xFF,0xFF,0xFF,0xFF,0xFF,0x00,0x00,0x00,0x00,
    0x00,0x00,0x00,0x00,0x00,0x00,0x00,0x00,0x00,0x00,0xFF,0xFF,0xFF,0xFF,0xFF,0xFF,
    0xFF,0xFF,0xFF,0xFF,0xFF,0xFF,0xFF,0xFF,0xFF,0x00,0x00,0x00,0x00,0x00,0x00,0x00,
    0x00,0x00,0x00,0xFF,0xFF,0xFF,0xFF,0xFF,0xFF,0xFF,0xFF,0xFF,0xFF,0xFF,0xFF,0xFF,
    0xFF,0xFF,0x00,0x00,0x00,0x00,0x00,0x00,0x00,0x00,0x00,0x00,0xFF,0xFF,0xFF,0xFF,
    0xFF,0xFF,0xFF,0xFF,0xFF,0xFF,0xFF,0xFF,0xFF,0xFF,0xFF,0x00,0x00,0x00,0x00,0x00,
    0x00,0x00,0x00,0x00,0x00,0xFF,0xFF,0xFF,0xFF,0xFF,0xFF,0xFF,0xFF,0xFF,0xFF,0xFF,
    0xFF,0xFF,0xFF,0xFF,0x00,0x00,0x00,0x00,0x00,0x00,0x00,0x00,0x00,0x00,0xFF,0xFF,
    0xFF,0xFF,0xFF,0xFF,0xFF,0xFF,0xFF,0xFF,0xFF,0xFF,0xFF,0xFF,0xFF,0x00,0x00,0x00,
    0x00,0x00,0x00,0x00,0x00,0x00,0x00,0xFF,0xFF,0xFF,0xFF,0xFF,0xFF,0xFF,0xFF,0xFF,
    0xFF,0xFF,0xFF,0xFF,0xFF,0xFF,0x00,0x00,0x00,0x00,0x00,0x00,0x00,0x00,0x00,0x00,
    0x00,0x00,0x00,0xFF,0xFF,0xFF,0xFF,0xFF,0xFF,0xFF,0xFF,0x00,0x00,0x00,0x00,0x00,
    0x00,0x00,0x00,0x00,0x00,0x00,0x00,0x00,0x00,0x00,0x00,0x00,0xFF,0xFF,0xFF,0xFF,
    0xFF,0xFF,0xFF,0xFF,0x00,0x00,0x00,0x00,0x00,0x00,0x00,0x00,0x00,0x00,0x00,0x00,
    0x00,0x00,0x00,0x00,0x00,0x00,0xFF,0xFF,0xFF,0xFF,0xFF,0xFF,0xFF,0x00,0x00,0x00,
    0x00,0x00,0x00,0x00,0x00,0x00,0x00,0x00,0x00,0x00,0x00,0x00,0x00,0x00,0xFF,0xFF,
    0xFF,0xFF,0xFF,0xFF,0xFF,0xFF,0xFF,0x00,0x00,0x00,0x00,0x00,0x00,0x00,0x00,0x00,
    0x00,0x00,0x00,0x00,0x00,0x00,0x00,0xFF,0xFF,0xFF,0xFF,0xFF,0xFF,0xFF,0xFF,0xFF,
    0x00,0x00,0x00,0x00,0x00,0x00,0x00,0x00,0x00,0x00,0x00,0x00,0x00,0x00,0x00,0x00,
    0xFF,0xFF,0xFF,0xFF,0xFF,0xFF,0xFF,0xFF,0xFF,0x00,0x00,0x00,0x00,0x00,0x00,0x00,
    0x00,0x00,0x00,0x00,0x00,0x00,0x00,0x00,0x00,0xFF,0xFF,0xFF,0xFF,0xFF,0xFF,0xFF,
    0xFF,0x00,0x00,0x00,0x00,0x00,0x00,0x00,0x00,0x00,0x00,0x00,0x00,0x00,0x00,0x00,
    0x00,0x00,0xFF,0xFF,0xFF,0xFF,0xFF,0xFF,0xFF,0xFF,0x00,0x00,0x00,0x00,0x00,0x00,
    0x00,0x00,0x00,
};
const lv_image_dsc_t ui_img_jump_prince_player_l2 = {
    .header.w = 25,
    .header.h = 25,
    .data_size = sizeof(ui_img_jump_prince_player_l2_data),
    .header.cf = LV_COLOR_FORMAT_NATIVE_WITH_ALPHA,
    .header.magic = LV_IMAGE_HEADER_MAGIC,
    .data = ui_img_jump_prince_player_l2_data
};

const LV_ATTRIBUTE_MEM_ALIGN uint8_t ui_img_jump_prince_player_r3_data[] = {
    0x00,0x00,0x00,0x00,0x00,0x00,0x00,0x00,0x00,0x00,0x00,0x00,0x00,0x00,0x00,0x00,
    0x00,0x00,0x00,0x00,0x00,0x00,0x00,0x00,0x00,0x00,0x00,0x00,0x00,0x00,0x00,0x00,
    0x00,0x00,0x00,0x00,0x00,0x00,0x00,0x00,0x00,0x00,0x00,0x00,0x00,0x00,0x00,0x00,
    0x00,0x00,0x00,0x00,0x00,0x00,0x00,0x00,0x00,0x00,0x00,0x00,0x00,0x00,0x00,0x00,
    0x00,0x00,0x00,0x00,0x00,0x00,0x00,0x00,0x00,0x00,0x00,0x00,0x00,0x00,0x00,0x00,
    0x00,0x00,0x00,0x00,0x00,0x00,0x00,0x00,0x00,0x00,0x00,0x00,0x00,0x00,0x00,0x00,
    0x00,0x00,0x00,0x00,0x00,0x00,0x00,0x00,0x00,0x00,0x00,0x00,0x00,0x00,0x00,0x00,
    0x00,0x00,0x00,0x00,0x00,0x00,0x00,0x00,0x00,0x00,0x00,0x00,0x00,0x00,0x00,0x00,
    0x00,0x00,0x00,0x00,0x00,0x00,0x00,0x00,0x00,0x00,0x00,0x00,0x00,0x00,0x00,0x00,
    0x00,0x00,0x00,0x00,0x00,0x00,0x00,0x00,0x00,0x00,0x00,0x00,0x00,0x00,0x00,0x00,
    0x00,0x00,0x00,0x00,0x00,0x00,0x00,0x00,0x00,0x00,0x00,0x00,0x00,0x00,0x00,0x00,
    0x00,0x00,0x00,0x00,0x00,0x00,0x00,0x00,0x00,0x00,0x00,0x00,0x00,0x00,0x00,0x00,
    0x00,0x00,0x00,0x00,0x00,0x00,0x00,0x00,0x00,0x00,0x00,0x00,0x00,0x00,0x00,0x00,
    0x00,0x00,0x00,0x00,0x00,0x00,0x00,0x00,0x00,0x00,0x00,0x00,0x00,0x00,0x00,0x00,
    0x00,0x00,0x00,0x00,0x00,0x00,0x00,0x00,0x00,0x00,0x00,0x00,0x00,0x00,0x00,0x00,
    0x00,0x00,0x00,0x00,0x00,0x00,0x00,0x00,0x00,0x00,0x00,0x00,0x00,0x00,0x00,0x00,
    0x00,0x00,0x00,0x00,0x00,0x00,0x00,0x00,0x00,0x00,0x00,0x00,0x31,0x34,0x31,0x34,
    0x2B,0x5E,0x2B,0x5E,0x2B,0x5E,0x2B,0x5E,0x2B,0x5E,0x31,0x34,0x00,0x00,0x00,0x00,
    0x00,0x00,0x00,0x00,0x00,0x00,0x00,0x00,0x00,0x00,0x00,0x00,0x00,0x00,0x00,0x00,
    0x00,0x00,0x00,0x00,0x00,0x00,0x00,0x00,0x00,0x00,0x00,0x00,0x00,0x00,0x31,0x34,
    0x31,0x34,0x2B,0x5E,0x2B,0x5E,0x2B,0x5E,0x2B,0x5E,0x2B,0x5E,0x31,0x34,0x00,0x00,
    0x00,0x00,0x00,0x00,0x00,0x00,0x00,0x00,0x00,0x00,0x00,0x00,0x00,0x00,0x00,0x00,
    0x00,0x00,0x00,0x00,0x00,0x00,0x00,0x00,0x00,0x00,0x00,0x00,0x00,0x00,0x00,0x00,
    0x31,0x34,0x31,0x34,0x2B,0x5E,0x2B,0x5E,0x2B,0x5E,0x2B,0x5E,0x2B,0x5E,0x31,0x34,
    0x00,0x00,0x00,0x00,0x00,0x00,0x00,0x00,0x00,0x00,0x00,0x00,0x00,0x00,0x00,0x00,
    0x00,0x00,0x00,0x00,0x00,0x00,0x00,0x00,0x00,0x00,0x00,0x00,0x00,0x00,0x00,0x00,
    0x00,0x00,0x31,0x34,0x31,0x34,0x2B,0x5E,0x2B,0x5E,0xAE,0x21,0xAE,0x21,0xAE,0x21,
    0x31,0x34,0x00,0x00,0x00,0x00,0x00,0x00,0x00,0x00,0x00,0x00,0x00,0x00,0x00,0x00,
    0x00,0x00,0x00,0x00,0x00,0x00,0x00,0x00,0x00,0x00,0x00,0x00,0x31,0x34,0x31,0x34,
    0x31,0x34,0x00,0x00,0x31,0x34,0x31,0x34,0x2B,0x5E,0x2B,0x5E,0x2B,0x5E,0xAE,0x21,
    0xAE,0x21,0x31,0x34,0x00,0x00,0x00,0x00,0x00,0x00,0x00,0x00,0x00,0x00,0x00,0x00,
    0x00,0x00,0x00,0x00,0x00,0x00,0x00,0x00,0x00,0x00,0x00,0x00,0x00,0x00,0x31,0x34,
    0x31,0x34,0x31,0x34,0x00,0x00,0x31,0x34,0x31,0x34,0x2B,0x5E,0x2B,0x5E,0x2B,0x5E,
    0xAE,0x21,0xAE,0x21,0x31,0x34,0x00,0x00,0x00,0x00,0x00,0x00,0x00,0x00,0x00,0x00,
    0x00,0x00,0x00,0x00,0x00,0x00,0x00,0x00,0x00,0x00,0x00,0x00,0xAE,0x21,0xAE,0x21,
    0x31,0x34,0x2B,0x5E,0x2B,0x5E,0x2B,0x5E,0xAE,0x21,0xAE,0x21,0x31,0x34,0x31,0x34,
    0x2B,0x5E,0x2B,0x5E,0x2B,0x5E,0x31,0x34,0xAE,0x21,0xAE,0x21,0x2B,0x5E,0x2B,0x5E,
    0x2B,0x5E,0x00,0x00,0x00,0x00,0x00,0x00,0x00,0x00,0x00,0x00,0x00,0x00,0xAE,0x21,
    0xAE,0x21,0x31,0x34,0x2B,0x5E,0x2B,0x5E,0x2B,0x5E,0xAE,0x21,0xAE,0x21,0x31,0x34,
    0x31,0x34,0x2B,0x5E,0x2B,0x5E,0x2B,0x5E,0x31,0x34,0xAE,0x21,0xAE,0x21,0x2B,0x5E,
    0x2B,0x5E,0x2B,0x5E,0x00,0x00,0x00,0x00,0x00,0x00,0x00,0x00,0x00,0x00,0x00,0x00,
    0xAE,0x21,0xAE,0x21,0xAE,0x21,0x2B,0x5E,0x2B,0x5E,0x2B,0x5E,0xAE,0x21,0xAE,0x21,
    0xAE,0x21,0xAE,0x21,0xAE,0x21,0xAE,0x21,0xAE,0x21,0xAE,0x21,0xAE,0x21,0xAE,0x21,
    0x2B,0x5E,0x2B,0x5E,0x2B,0x5E,0x00,0x00,0x00,0x00,0x00,0x00,0x00,0x00,0x00,0x00,
    0x00,0x00,0xAE,0x21,0xAE,0x21,0xAE,0x21,0x2B,0x5E,0x2B,0x5E,0x2B,0x5E,0xAE,0x21,
    0xAE,0x21,0xAE,0x21,0xAE,0x21,0xAE,0x21,0xAE,0x21,0xAE,0x21,0xAE,0x21,0xAE,0x21,
    0xAE,0x21,0x2B,0x5E,0x2B,0x5E,0x2B,0x5E,0x00,0x00,0x00,0x00,0x00,0x00,0x00,0x00,
    0x00,0x00,0x00,0x00,0xAE,0x21,0xAE,0x21,0xAE,0x21,0x2B,0x5E,0x2B,0x5E,0x2B,0x5E,
    0xAE,0x21,0xAE,0x21,0xAE,0x21,0xAE,0x21,0xAE,0x21,0xAE,0x21,0xAE,0x21,0xAE,0x21,
    0xAE,0x21,0xAE,0x21,0x2B,0x5E,0x2B,0x5E,0x2B,0x5E,0x00,0x00,0x00,0x00,0x00,0x00,
    0x00,0x00,0x00,0x00,0x00,0x00,0xAE,0x21,0xAE,0x21,0xAE,0x21,0xAE,0x21,0xAE,0x21,
    0xAE,0x21,0xAE,0x21,0xAE,0x21,0xAE,0x21,0xAE,0x21,0xAE,0x21,0xAE,0x21,0xAE,0x21,
    0xAE,0x21,0x00,0x00,0x00,0x00,0x00,0x00,0x00,0x00,0x00,0x00,0x00,0x00,0x00,0x00,
    0x00,0x00,0x00,0x00,0x00,0x00,0x00,0x00,0x00,0x00,0x00,0x00,0xAE,0x21,0xAE,0x21,
    0xAE,0x21,0xAE,0x21,0xAE,0x21,0xAE,0x21,0xAE,0x21,0xAE,0x21,0xAE,0x21,0xAE,0x21,
    0xAE,0x21,0xAE,0x21,0x00,0x00,0x00,0x00,0x00,0x00,0x00,0x00,0x00,0x00,0x00,0x00,
    0x00,0x00,0x00,0x00,0x00,0x00,0x00,0x00,0x00,0x00,0x00,0x00,0x00,0x00,0xAE,0x21,
    0xAE,0x21,0xAE,0x21,0xAE,0x21,0xAE,0x21,0xAE,0x21,0xAE,0x21,0xAE,0x21,0xAE,0x21,
    0xAE,0x21,0xAE,0x21,0xAE,0x21,0x00,0x00,0x00,0x00,0x00,0x00,0x00,0x00,0x00,0x00,
    0x00,0x00,0x00,0x00,0x00,0x00,0x00,0x00,0x00,0x00,0x31,0x34,0x31,0x34,0x31,0x34,
    0xAE,0x21,0xAE,0x21,0xAE,0x21,0xAE,0x21,0xAE,0x21,0xAE,0x21,0xAE,0x21,0xAE,0x21,
    0xAE,0x21,0xAE,0x21,0xAE,0x21,0xAE,0x21,0xAE,0x21,0xAE,0x21,0x00,0x00,0x31,0x34,
    0x31,0x34,0x31,0x34,0x00,0x00,0x00,0x00,0x00,0x00,0x00,0x00,0x31,0x34,0x31,0x34,
    0x31,0x34,0xAE,0x21,0xAE,0x21,0xAE,0x21,0xAE,0x21,0xAE,0x21,0xAE,0x21,0x00,0x00,
    0x00,0x00,0x00,0x00,0xAE,0x21,0xAE,0x21,0xAE,0x21,0xAE,0x21,0xAE,0x21,0xAE,0x21,
    0x31,0x34,0x31,0x34,0x31,0x34,0x00,0x00,0x00,0x00,0x00,0x00,0x00,0x00,0x31,0x34,
    0x31,0x34,0x31,0x34,0xAE,0x21,0xAE,0x21,0xAE,0x21,0xAE,0x21,0xAE,0x21,0xAE,0x21,
    0x00,0x00,0x00,0x00,0x00,0x00,0xAE,0x21,0xAE,0x21,0xAE,0x21,0xAE,0x21,0xAE,0x21,
    0xAE,0x21,0x31,0x34,0x31,0x34,0x31,0x34,0x00,0x00,0x00,0x00,0x00,0x00,0x00,0x00,
    0x31,0x34,0x31,0x34,0x31,0x34,0x00,0x00,0x00,0x00,0x00,0x00,0x00,0x00,0x00,0x00,
    0x00,0x00,0x00,0x00,0x00,0x00,0x00,0x00,0x00,0x00,0x00,0x00,0x00,0x00,0xAE,0x21,
    0xAE,0x21,0x31,0x34,0x31,0x34,0x31,0x34,0x31,0x34,0x00,0x00,0x00,0x00,0x00,0x00,
    0x00,0x00,0x00,0x00,0x00,0x00,0x00,0x00,0x00,0x00,0x00,0x00,0x00,0x00,0x00,0x00,
    0x00,0x00,0x00,0x00,0x00,0x00,0x00,0x00,0x00,0x00,0x00,0x00,0x00,0x00,0x00,0x00,
    0x00,0x00,0x00,0x00,0x31,0x34,0x31,0x34,0x31,0x34,0x00,0x00,0x00,0x00,0x00,0x00,
    0x00,0x00,0x00,0x00,0x00,0x00,0x00,0x00,0x00,0x00,0x00,0x00,0x00,0x00,0x00,0x00,
    0x00,0x00,0x00,0x00,0x00,0x00,0x00,0x00,0x00,0x00,0x00,0x00,0x00,0x00,0x00,0x00,
    0x00,0x00,0x00,0x00,0x00,0x00,0x31,0x34,0x31,0x34,0x31,0x34,0x00,0x00,0x00,0x00,
    0x00,0x00,0x00,0x00,0x00,0x00,0x00,0x00,0x00,0x00,0x00,0x00,0x00,0x00,0x00,0x00,
    0x00,0x00,0x00,0x00,0x00,0x00,0x00,0x00,0x00,0x00,0x00,0x00,0x00,0x00,0x00,0x00,
    0x00,0x00,0x00,0x00,0x00,0x00,0x00,0x00,0x00,0x00,0x00,0x00,0x00,0x00,0x00,0x00,
    0x00,0x00,0x00,0x00,0x00,0x00,0x00,0x00,0x00,0x00,0x00,0x00,0x00,0x00,0x00,0x00,
    0x00,0x00,0x00,0x00,0x00,0x00,0x00,0x00,0x00,0x00,0x00,0x00,0x00,0x00,0x00,0x00,
    0x00,0x00,0x00,0x00,0x00,0x00,0x00,0x00,0x00,0x00,0x00,0x00,0x00,0x00,0x00,0x00,
    0x00,0x00,0x00,0x00,0x00,0x00,0x00,0x00,0x00,0x00,0x00,0x00,0x00,0x00,0x00,0x00,
    0x00,0x00,0x00,0x00,0x00,0x00,0x00,0x00,0x00,0x00,0x00,0x00,0x00,0x00,0x00,0x00,
    0x00,0x00,0x00,0x00,0x00,0x00,0x00,0x00,0xFF,0xFF,0xFF,0xFF,0xFF,0xFF,0xFF,0xFF,
    0x00,0x00,0x00,0x00,0x00,0x00,0x00,0x00,0x00,0x00,0x00,0x00,0x00,0x00,0x00,0x00,
    0x00,0xFF,0xFF,0xFF,0xFF,0xFF,0xFF,0xFF,0xFF,0x00,0x00,0x00,0x00,0x00,0x00,0x00,
    0x00,0x00,0x00,0x00,0x00,0x00,0x00,0x00,0x00,0x00,0xFF,0xFF,0xFF,0xFF,0xFF,0xFF,
    0xFF,0xFF,0x00,0x00,0x00,0x00,0x00,0x00,0x00,0x00,0x00,0x00,0x00,0x00,0x00,0x00,
    0x00,0x00,0x00,0xFF,0xFF,0xFF,0xFF,0xFF,0xFF,0xFF,0xFF,0x00,0x00,0x00,0x00,0x00,
    0x00,0x00,0x00,0x00,0x00,0x00,0x00,0x00,0xFF,0xFF,0xFF,0x00,0xFF,0xFF,0xFF,0xFF,
    0xFF,0xFF,0xFF,0xFF,0x00,0x00,0x00,0x00,0x00,0x00,0x00,0x00,0x00,0x00,0x00,0x00,
    0x00,0xFF,0xFF,0xFF,0x00,0xFF,0xFF,0xFF,0xFF,0xFF,0xFF,0xFF,0xFF,0x00,0x00,0x00,
    0x00,0x00,0x00,0x00,0x00,0x00,0x00,0x00,0xFF,0xFF,0xFF,0xFF,0xFF,0xFF,0xFF,0xFF,
    0xFF,0xFF,0xFF,0xFF,0xFF,0xFF,0xFF,0xFF,0xFF,0xFF,0xFF,0x00,0x00,0x00,0x00,0x00,
    0x00,0xFF,0xFF,0xFF,0xFF,0xFF,0xFF,0xFF,0xFF,0xFF,0xFF,0xFF,0xFF,0xFF,0xFF,0xFF,
    0xFF,0xFF,0xFF,0xFF,0x00,0x00,0x00,0x00,0x00,0x00,0xFF,0xFF,0xFF,0xFF,0xFF,0xFF,
    0xFF,0xFF,0xFF,0xFF,0xFF,0xFF,0xFF,0xFF,0xFF,0xFF,0xFF,0xFF,0xFF,0x00,0x00,0x00,
    0x00,0x00,0x00,0xFF,0xFF,0xFF,0xFF,0xFF,0xFF,0xFF,0xFF,0xFF,0xFF,0xFF,0xFF,0xFF,
    0xFF,0xFF,0xFF,0xFF,0xFF,0xFF,0x00,0x00,0x00,0x00,0x00,0x00,0xFF,0xFF,0xFF,0xFF,
    0xFF,0xFF,0xFF,0xFF,0xFF,0xFF,0xFF,0xFF,0xFF,0xFF,0xFF,0xFF,0xFF,0xFF,0xFF,0x00,
    0x00,0x00,0x00,0x00,0x00,0xFF,0xFF,0xFF,0xFF,0xFF,0xFF,0xFF,0xFF,0xFF,0xFF,0xFF,
    0xFF,0xFF,0xFF,0x00,0x00,0x00,0x00,0x00,0x00,0x00,0x00,0x00,0x00,0x00,0x00,0x00,
    0xFF,0xFF,0xFF,0xFF,0xFF,0xFF,0xFF,0xFF,0xFF,0xFF,0xFF,0xFF,0x00,0x00,0x00,0x00,
    0x00,0x00,0x00,0x00,0x00,0x00,0x00,0x00,0x00,0xFF,0xFF,0xFF,0xFF,0xFF,0xFF,0xFF,
    0xFF,0xFF,0xFF,0xFF,0xFF,0x00,0x00,0x00,0x00,0x00,0x00,0x00,0x00,0x00,0x00,0xFF,
    0xFF,0xFF,0xFF,0xFF,0xFF,0xFF,0xFF,0xFF,0xFF,0xFF,0xFF,0xFF,0xFF,0xFF,0xFF,0xFF,
    0x00,0xFF,0xFF,0xFF,0x00,0x00,0x00,0x00,0xFF,0xFF,0xFF,0xFF,0xFF,0xFF,0xFF,0xFF,
    0xFF,0x00,0x00,0x00,0xFF,0xFF,0xFF,0xFF,0xFF,0xFF,0xFF,0xFF,0xFF,0x00,0x00,0x00,
    0x00,0xFF,0xFF,0xFF,0xFF,0xFF,0xFF,0xFF,0xFF,0xFF,0x00,0x00,0x00,0xFF,0xFF,0xFF,
    0xFF,0xFF,0xFF,0xFF,0xFF,0xFF,0x00,0x00,0x00,0x00,0xFF,0xFF,0xFF,0x00,0x00,0x00,
    0x00,0x00,0x00,0x00,0x00,0x00,0x00,0x00,0x00,0xFF,0xFF,0xFF,0xFF,0xFF,0xFF,0x00,
    0x00,0x00,0x00,0x00,0x00,0x00,0x00,0x00,0x00,0x00,0x00,0x00,0x00,0x00,0x00,0x00,
    0x00,0x00,0x00,0x00,0xFF,0xFF,0xFF,0x00,0x00,0x00,0x00,0x00,0x00,0x00,0x00,0x00,
    0x00,0x00,0x00,0x00,0x00,0x00,0x00,0x00,0x00,0x00,0x00,0x00,0x00,0xFF,0xFF,0xFF,
    0x00,0x00,0x00,
};
const lv_image_dsc_t ui_img_jump_prince_player_r3 = {
    .header.w = 25,
    .header.h = 25,
    .data_size = sizeof(ui_img_jump_prince_player_r3_data),
    .header.cf = LV_COLOR_FORMAT_NATIVE_WITH_ALPHA,
    .header.magic = LV_IMAGE_HEADER_MAGIC,
    .data = ui_img_jump_prince_player_r3_data
};

const LV_ATTRIBUTE_MEM_ALIGN uint8_t ui_img_jump_prince_player_l3_data[] = {
    0x00,0x00,0x00,0x00,0x00,0x00,0x00,0x00,0x00,0x00,0x00,0x00,0x00,0x00,0x00,0x00,
    0x00,0x00,0x00,0x00,0x00,0x00,0x00,0x00,0x00,0x00,0x00,0x00,0x00,0x00,0x00,0x00,
    0x00,0x00,0x00,0x00,0x00,0x00,0x00,0x00,0x00,0x00,0x00,0x00,0x00,0x00,0x00,0x00,
    0x00,0x00,0x00,0x00,0x00,0x00,0x00,0x00,0x00,0x00,0x00,0x00,0x00,0x00,0x00,0x00,
    0x00,0x00,0x00,0x00,0x00,0x00,0x00,0x00,0x00,0x00,0x00,0x00,0x00,0x00,0x00,0x00,
    0x00,0x00,0x00,0x00,0x00,0x00,0x00,0x00,0x00,0x00,0x00,0x00,0x00,0x00,0x00,0x00,
    0x00,0x00,0x00,0x00,0x00,0x00,0x00,0x00,0x00,0x00,0x00,0x00,0x00,0x00,0x00,0x00,
    0x00,0x00,0x00,0x00,0x00,0x00,0x00,0x00,0x00,0x00,0x00,0x00,0x00,0x00,0x00,0x00,
    0x00,0x00,0x00,0x00,0x00,0x00,0x00,0x00,0x00,0x00,0x00,0x00,0x00,0x00,0x00,0x00,
    0x00,0x00,0x00,0x00,0x00,0x00,0x00,0x00,0x00,0x00,0x00,0x00,0x00,0x00,0x00,0x00,
    0x00,0x00,0x00,0x00,0x00,0x00,0x00,0x00,0x00,0x00,0x00,0x00,0x00,0x00,0x00,0x00,
    0x00,0x00,0x00,0x00,0x00,0x00,0x00,0x00,0x00,0x00,0x00,0x00,0x00,0x00,0x00,0x00,
    0x00,0x00,0x00,0x00,0x00,0x00,0x00,0x00,0x00,0x00,0x00,0x00,0x00,0x00,0x00,0x00,
    0x00,0x00,0x00,0x00,0x00,0x00,0x00,0x00,0x00,0x00,0x00,0x00,0x00,0x00,0x00,0x00,
    0x00,0x00,0x00,0x00,0x00,0x00,0x00,0x00,0x00,0x00,0x00,0x00,0x00,0x00,0x00,0x00,
    0x00,0x00,0x00,0x00,0x00,0x00,0x00,0x00,0x00,0x00,0x00,0x00,0x00,0x00,0x00,0x00,
    0x00,0x00,0x00,0x00,0x00,0x00,0x00,0x00,0x00,0x00,0x31,0x34,0x2B,0x5E,0x2B,0x5E,
    0x2B,0x5E,0x2B,0x5E,0x2B,0x5E,0x31,0x34,0x31,0x34,0x00,0x00,0x00,0x00,0x00,0x00,
    0x00,0x00,0x00,0x00,0x00,0x00,0x00,0x00,0x00,0x00,0x00,0x00,0x00,0x00,0x00,0x00,
    0x00,0x00,0x00,0x00,0x00,0x00,0x00,0x00,0x00,0x00,0x00,0x00,0x31,0x34,0x2B,0x5E,
    0x2B,0x5E,0x2B,0x5E,0x2B,0x5E,0x2B,0x5E,0x31,0x34,0x31,0x34,0x00,0x00,0x00,0x00,
    0x00,0x00,0x00,0x00,0x00,0x00,0x00,0x00,0x00,0x00,0x00,0x00,0x00,0x00,0x00,0x00,
    0x00,0x00,0x00,0x00,0x00,0x00,0x00,0x00,0x00,0x00,0x00,0x00,0x00,0x00,0x31,0x34,
    0x2B,0x5E,0x2B,0x5E,0x2B,0x5E,0x2B,0x5E,0x2B,0x5E,0x31,0x34,0x31,0x34,0x00,0x00,
    0x00,0x00,0x00,0x00,0x00,0x00,0x00,0x00,0x00,0x00,0x00,0x00,0x00,0x00,0x00,0x00,
    0x00,0x00,0x00,0x00,0x00,0x00,0x00,0x00,0x00,0x00,0x00,0x00,0x00,0x00,0x00,0x00,
    0x31,0x34,0xAE,0x21,0xAE,0x21,0xAE,0x21,0xAE,0x21,0x2B,0x5E,0x31,0x34,0x31,0x34,
    0x00,0x00,0x00,0x00,0x00,0x00,0x00,0x00,0x00,0x00,0x00,0x00,0x00,0x00,0x00,0x00,
    0x00,0x00,0x00,0x00,0x00,0x00,0x00,0x00,0x00,0x00,0x00,0x00,0x00,0x00,0x00,0x00,
    0x00,0x00,0x31,0x34,0xAE,0x21,0xAE,0x21,0x2B,0x5E,0x2B,0x5E,0x2B,0x5E,0x31,0x34,
    0x31,0x34,0x00,0x00,0x31,0x34,0x31,0x34,0x31,0x34,0x00,0x00,0x00,0x00,0x00,0x00,
    0x00,0x00,0x00,0x00,0x00,0x00,0x00,0x00,0x00,0x00,0x00,0x00,0x00,0x00,0x00,0x00,
    0x00,0x00,0x00,0x00,0x31,0x34,0xAE,0x21,0xAE,0x21,0x2B,0x5E,0x2B,0x5E,0x2B,0x5E,
    0x31,0x34,0x31,0x34,0x00,0x00,0x31,0x34,0x31,0x34,0x31,0x34,0x00,0x00,0x00,0x00,
    0x00,0x00,0x00,0x00,0x00,0x00,0x00,0x00,0x00,0x00,0x00,0x00,0x2B,0x5E,0x2B,0x5E,
    0x2B,0x5E,0xAE,0x21,0xAE,0x21,0x31,0x34,0x2B,0x5E,0x2B,0x5E,0x2B,0x5E,0x2B,0x5E,
    0x31,0x34,0xAE,0x21,0xAE,0x21,0x2B,0x5E,0x2B,0x5E,0x2B,0x5E,0x31,0x34,0xAE,0x21,
    0xAE,0x21,0x00,0x00,0x00,0x00,0x00,0x00,0x00,0x00,0x00,0x00,0x00,0x00,0x2B,0x5E,
    0x2B,0x5E,0x2B,0x5E,0xAE,0x21,0xAE,0x21,0x31,0x34,0x2B,0x5E,0x2B,0x5E,0x2B,0x5E,
    0x2B,0x5E,0x31,0x34,0xAE,0x21,0xAE,0x21,0x2B,0x5E,0x2B,0x5E,0x2B,0x5E,0x31,0x34,
    0xAE,0x21,0xAE,0x21,0x00,0x00,0x00,0x00,0x00,0x00,0x00,0x00,0x00,0x00,0x00,0x00,
    0x2B,0x5E,0x2B,0x5E,0x2B,0x5E,0xAE,0x21,0xAE,0x21,0xAE,0x21,0xAE,0x21,0xAE,0x21,
    0xAE,0x21,0xAE,0x21,0xAE,0x21,0xAE,0x21,0xAE,0x21,0x2B,0x5E,0x2B,0x5E,0x2B,0x5E,
    0xAE,0x21,0xAE,0x21,0xAE,0x21,0x00,0x00,0x00,0x00,0x00,0x00,0x00,0x00,0x00,0x00,
    0x00,0x00,0x2B,0x5E,0x2B,0x5E,0x2B,0x5E,0xAE,0x21,0xAE,0x21,0xAE,0x21,0xAE,0x21,
    0xAE,0x21,0xAE,0x21,0xAE,0x21,0xAE,0x21,0xAE,0x21,0xAE,0x21,0x2B,0x5E,0x2B,0x5E,
    0x2B,0x5E,0xAE,0x21,0xAE,0x21,0xAE,0x21,0x00,0x00,0x00,0x00,0x00,0x00,0x00,0x00,
    0x00,0x00,0x00,0x00,0x2B,0x5E,0x2B,0x5E,0x2B,0x5E,0xAE,0x21,0xAE,0x21,0xAE,0x21,
    0xAE,0x21,0xAE,0x21,0xAE,0x21,0xAE,0x21,0xAE,0x21,0xAE,0x21,0xAE,0x21,0x2B,0x5E,
    0x2B,0x5E,0x2B,0x5E,0xAE,0x21,0xAE,0x21,0xAE,0x21,0x00,0x00,0x00,0x00,0x00,0x00,
    0x00,0x00,0x00,0x00,0x00,0x00,0x00,0x00,0x00,0x00,0x00,0x00,0x00,0x00,0x00,0x00,
    0xAE,0x21,0xAE,0x21,0xAE,0x21,0xAE,0x21,0xAE,0x21,0xAE,0x21,0xAE,0x21,0xAE,0x21,
    0xAE,0x21,0xAE,0x21,0xAE,0x21,0xAE,0x21,0xAE,0x21,0xAE,0x21,0x00,0x00,0x00,0x00,
    0x00,0x00,0x00,0x00,0x00,0x00,0x00,0x00,0x00,0x00,0x00,0x00,0x00,0x00,0x00,0x00,
    0x00,0x00,0xAE,0x21,0xAE,0x21,0xAE,0x21,0xAE,0x21,0xAE,0x21,0xAE,0x21,0xAE,0x21,
    0xAE,0x21,0xAE,0x21,0xAE,0x21,0xAE,0x21,0xAE,0x21,0x00,0x00,0x00,0x00,0x00,0x00,
    0x00,0x00,0x00,0x00,0x00,0x00,0x00,0x00,0x00,0x00,0x00,0x00,0x00,0x00,0x00,0x00,
    0x00,0x00,0x00,0x00,0xAE,0x21,0xAE,0x21,0xAE,0x21,0xAE,0x21,0xAE,0x21,0xAE,0x21,
    0xAE,0x21,0xAE,0x21,0xAE,0x21,0xAE,0x21,0xAE,0x21,0xAE,0x21,0x00,0x00,0x00,0x00,
    0x00,0x00,0x00,0x00,0x00,0x00,0x00,0x00,0x00,0x00,0x31,0x34,0x31,0x34,0x31,0x34,
    0x00,0x00,0xAE,0x21,0xAE,0x21,0xAE,0x21,0xAE,0x21,0xAE,0x21,0xAE,0x21,0xAE,0x21,
    0xAE,0x21,0xAE,0x21,0xAE,0x21,0xAE,0x21,0xAE,0x21,0xAE,0x21,0xAE,0x21,0x31,0x34,
    0x31,0x34,0x31,0x34,0x00,0x00,0x00,0x00,0x00,0x00,0x00,0x00,0x31,0x34,0x31,0x34,
    0x31,0x34,0xAE,0x21,0xAE,0x21,0xAE,0x21,0xAE,0x21,0xAE,0x21,0xAE,0x21,0x00,0x00,
    0x00,0x00,0x00,0x00,0xAE,0x21,0xAE,0x21,0xAE,0x21,0xAE,0x21,0xAE,0x21,0xAE,0x21,
    0x31,0x34,0x31,0x34,0x31,0x34,0x00,0x00,0x00,0x00,0x00,0x00,0x00,0x00,0x31,0x34,
    0x31,0x34,0x31,0x34,0xAE,0x21,0xAE,0x21,0xAE,0x21,0xAE,0x21,0xAE,0x21,0xAE,0x21,
    0x00,0x00,0x00,0x00,0x00,0x00,0xAE,0x21,0xAE,0x21,0xAE,0x21,0xAE,0x21,0xAE,0x21,
    0xAE,0x21,0x31,0x34,0x31,0x34,0x31,0x34,0x00,0x00,0x00,0x00,0x00,0x00,0x00,0x00,
    0x31,0x34,0x31,0x34,0x31,0x34,0x31,0x34,0xAE,0x21,0xAE,0x21,0x00,0x00,0x00,0x00,
    0x00,0x00,0x00,0x00,0x00,0x00,0x00,0x00,0x00,0x00,0x00,0x00,0x00,0x00,0x00,0x00,
    0x00,0x00,0x00,0x00,0x31,0x34,0x31,0x34,0x31,0x34,0x00,0x00,0x00,0x00,0x00,0x00,
    0x00,0x00,0x00,0x00,0x31,0x34,0x31,0x34,0x31,0x34,0x00,0x00,0x00,0x00,0x00,0x00,
    0x00,0x00,0x00,0x00,0x00,0x00,0x00,0x00,0x00,0x00,0x00,0x00,0x00,0x00,0x00,0x00,
    0x00,0x00,0x00,0x00,0x00,0x00,0x00,0x00,0x00,0x00,0x00,0x00,0x00,0x00,0x00,0x00,
    0x00,0x00,0x00,0x00,0x00,0x00,0x31,0x34,0x31,0x34,0x31,0x34,0x00,0x00,0x00,0x00,
    0x00,0x00,0x00,0x00,0x00,0x00,0x00,0x00,0x00,0x00,0x00,0x00,0x00,0x00,0x00,0x00,
    0x00,0x00,0x00,0x00,0x00,0x00,0x00,0x00,0x00,0x00,0x00,0x00,0x00,0x00,0x00,0x00,
    0x00,0x00,0x00,0x00,0x00,0x00,0x00,0x00,0x00,0x00,0x00,0x00,0x00,0x00,0x00,0x00,
    0x00,0x00,0x00,0x00,0x00,0x00,0x00,0x00,0x00,0x00,0x00,0x00,0x00,0x00,0x00,0x00,
    0x00,0x00,0x00,0x00,0x00,0x00,0x00,0x00,0x00,0x00,0x00,0x00,0x00,0x00,0x00,0x00,
    0x00,0x00,0x00,0x00,0x00,0x00,0x00,0x00,0x00,0x00,0x00,0x00,0x00,0x00,0x00,0x00,
    0x00,0x00,0x00,0x00,0x00,0x00,0x00,0x00,0x00,0x00,0x00,0x00,0x00,0x00,0x00,0x00,
    0x00,0x00,0x00,0x00,0x00,0x00,0x00,0x00,0x00,0x00,0x00,0x00,0x00,0x00,0x00,0x00,
    0x00,0x00,0x00,0x00,0x00,0x00,0x00,0x00,0x00,0x00,0x00,0x00,0x00,0x00,0x00,0x00,
    0x00,0x00,0x00,0x00,0x00,0x00,0x00,0x00,0x00,0x00,0x00,0x00,0x00,0x00,0x00,0x00,
    0x00,0x00,0x00,0x00,0x00,0x00,0x00,0xFF,0xFF,0xFF,0xFF,0xFF,0xFF,0xFF,0xFF,0x00,
    0x00,0x00,0x00,0x00,0x00,0x00,0x00,0x00,0x00,0x00,0x00,0x00,0x00,0x00,0x00,0x00,
    0xFF,0xFF,0xFF,0xFF,0xFF,0xFF,0xFF,0xFF,0x00,0x00,0x00,0x00,0x00,0x00,0x00,0x00,
    0x00,0x00,0x00,0x00,0x00,0x00,0x00,0x00,0x00,0xFF,0xFF,0xFF,0xFF,0xFF,0xFF,0xFF,
    0xFF,0x00,0x00,0x00,0x00,0x00,0x00,0x00,0x00,0x00,0x00,0x00,0x00,0x00,0x00,0x00,
    0x00,0x00,0xFF,0xFF,0xFF,0xFF,0xFF,0xFF,0xFF,0xFF,0x00,0x00,0x00,0x00,0x00,0x00,
    0x00,0x00,0x00,0x00,0x00,0x00,0x00,0x00,0x00,0x00,0x00,0xFF,0xFF,0xFF,0xFF,0xFF,
    0xFF,0xFF,0xFF,0x00,0xFF,0xFF,0xFF,0x00,0x00,0x00,0x00,0x00,0x00,0x00,0x00,0x00,
    0x00,0x00,0x00,0x00,0xFF,0xFF,0xFF,0xFF,0xFF,0xFF,0xFF,0xFF,0x00,0xFF,0xFF,0xFF,
    0x00,0x00,0x00,0x00,0x00,0x00,0x00,0x00,0xFF,0xFF,0xFF,0xFF,0xFF,0xFF,0xFF,0xFF,
    0xFF,0xFF,0xFF,0xFF,0xFF,0xFF,0xFF,0xFF,0xFF,0xFF,0xFF,0x00,0x00,0x00,0x00,0x00,
    0x00,0xFF,0xFF,0xFF,0xFF,0xFF,0xFF,0xFF,0xFF,0xFF,0xFF,0xFF,0xFF,0xFF,0xFF,0xFF,
    0xFF,0xFF,0xFF,0xFF,0x00,0x00,0x00,0x00,0x00,0x00,0xFF,0xFF,0xFF,0xFF,0xFF,0xFF,
    0xFF,0xFF,0xFF,0xFF,0xFF,0xFF,0xFF,0xFF,0xFF,0xFF,0xFF,0xFF,0xFF,0x00,0x00,0x00,
    0x00,0x00,0x00,0xFF,0xFF,0xFF,0xFF,0xFF,0xFF,0xFF,0xFF,0xFF,0xFF,0xFF,0xFF,0xFF,
    0xFF,0xFF,0xFF,0xFF,0xFF,0xFF,0x00,0x00,0x00,0x00,0x00,0x00,0xFF,0xFF,0xFF,0xFF,
    0xFF,0xFF,0xFF,0xFF,0xFF,0xFF,0xFF,0xFF,0xFF,0xFF,0xFF,0xFF,0xFF,0xFF,0xFF,0x00,
    0x00,0x00,0x00,0x00,0x00,0x00,0x00,0x00,0x00,0x00,0xFF,0xFF,0xFF,0xFF,0xFF,0xFF,
    0xFF,0xFF,0xFF,0xFF,0xFF,0xFF,0xFF,0xFF,0x00,0x00,0x00,0x00,0x00,0x00,0x00,0x00,
    0x00,0x00,0x00,0xFF,0xFF,0xFF,0xFF,0xFF,0xFF,0xFF,0xFF,0xFF,0xFF,0xFF,0xFF,0x00,
    0x00,0x00,0x00,0x00,0x00,0x00,0x00,0x00,0x00,0x00,0x00,0x00,0xFF,0xFF,0xFF,0xFF,
    0xFF,0xFF,0xFF,0xFF,0xFF,0xFF,0xFF,0xFF,0x00,0x00,0x00,0x00,0x00,0x00,0x00,0xFF,
    0xFF,0xFF,0x00,0xFF,0xFF,0xFF,0xFF,0xFF,0xFF,0xFF,0xFF,0xFF,0xFF,0xFF,0xFF,0xFF,
    0xFF,0xFF,0xFF,0xFF,0x00,0x00,0x00,0x00,0xFF,0xFF,0xFF,0xFF,0xFF,0xFF,0xFF,0xFF,
    0xFF,0x00,0x00,0x00,0xFF,0xFF,0xFF,0xFF,0xFF,0xFF,0xFF,0xFF,0xFF,0x00,0x00,0x00,
    0x00,0xFF,0xFF,0xFF,0xFF,0xFF,0xFF,0xFF,0xFF,0xFF,0x00,0x00,0x00,0xFF,0xFF,0xFF,
    0xFF,0xFF,0xFF,0xFF,0xFF,0xFF,0x00,0x00,0x00,0x00,0xFF,0xFF,0xFF,0xFF,0xFF,0xFF,
    0x00,0x00,0x00,0x00,0x00,0x00,0x00,0x00,0x00,0x00,0x00,0x00,0xFF,0xFF,0xFF,0x00,
    0x00,0x00,0x00,0x00,0xFF,0xFF,0xFF,0x00,0x00,0x00,0x00,0x00,0x00,0x00,0x00,0x00,
    0x00,0x00,0x00,0x00,0x00,0x00,0x00,0x00,0x00,0x00,0x00,0x00,0x00,0xFF,0xFF,0xFF,
    0x00,0x00,0x00,0x00,0x00,0x00,0x00,0x00,0x00,0x00,0x00,0x00,0x00,0x00,0x00,0x00,
    0x00,0x00,0x00,
};
const lv_image_dsc_t ui_img_jump_prince_player_l3 = {
    .header.w = 25,
    .header.h = 25,
    .data_size = sizeof(ui_img_jump_prince_player_l3_data),
    .header.cf = LV_COLOR_FORMAT_NATIVE_WITH_ALPHA,
    .header.magic = LV_IMAGE_HEADER_MAGIC,
    .data = ui_img_jump_prince_player_l3_data
};

const LV_ATTRIBUTE_MEM_ALIGN uint8_t ui_img_jump_prince_player_r4_data[] = {
    0x00,0x00,0x00,0x00,0x00,0x00,0x00,0x00,0x00,0x00,0x00,0x00,0x00,0x00,0x00,0x00,
    0x00,0x00,0x00,0x00,0x00,0x00,0x00,0x00,0x00,0x00,0x00,0x00,0x00,0x00,0x00,0x00,
    0x00,0x00,0x00,0x00,0x00,0x00,0x00,0x00,0x00,0x00,0x00,0x00,0x00,0x00,0x00,0x00,
    0x00,0x00,0x00,0x00,0x00,0x00,0x00,0x00,0x00,0x00,0x00,0x00,0x00,0x00,0x00,0x00,
    0x00,0x00,0x00,0x00,0x00,0x00,0x00,0x00,0x00,0x00,0x00,0x00,0x00,0x00,0x00,0x00,
    0x00,0x00,0x00,0x00,0x00,0x00,0x00,0x00,0x00,0x00,0x00,0x00,0x00,0x00,0x00,0x00,
    0x00,0x00,0x00,0x00,0x00,0x00,0x00,0x00,0x00,0x00,0x00,0x00,0x00,0x00,0x00,0x00,
    0x00,0x00,0x00,0x00,0x00,0x00,0x00,0x00,0x00,0x00,0x00,0x00,0x00,0x00,0x00,0x00,
    0x00,0x00,0x00,0x00,0x00,0x00,0x00,0x00,0x00,0x00,0x00,0x00,0x00,0x00,0x00,0x00,
    0x00,0x00,0x00,0x00,0x00,0x00,0x00,0x00,0x00,0x00,0x00,0x00,0x00,0x00,0x00,0x00,
    0x00,0x00,0x00,0x00,0x00,0x00,0x00,0x00,0x00,0x00,0x00,0x00,0x00,0x00,0x00,0x00,
    0x00,0x00,0x00,0x00,0x00,0x00,0x00,0x00,0x00,0x00,0x00,0x00,0x00,0x00,0x00,0x00,
    0x00,0x00,0x00,0x00,0x00,0x00,0x00,0x00,0x00,0x00,0x00,0x00,0x00,0x00,0x00,0x00,
    0x00,0x00,0x00,0x00,0x00,0x00,0x00,0x00,0x00,0x00,0x00,0x00,0x00,0x00,0x00,0x00,
    0x00,0x00,0x00,0x00,0x00,0x00,0x00,0x00,0x00,0x00,0x00,0x00,0x00,0x00,0x00,0x00,
    0x00,0x00,0x00,0x00,0x00,0x00,0x00,0x00,0x00,0x00,0x00,0x00,0x00,0x00,0x00,0x00,
    0x00,0x00,0x00,0x00,0x00,0x00,0x00,0x00,0x00,0x00,0x00,0x00,0x00,0x00,0x00,0x00,
    0x00,0x00,0x00,0x00,0x00,0x00,0x00,0x00,0x00,0x00,0x00,0x00,0x00,0x00,0x00,0x00,
    0x00,0x00,0x00,0x00,0x00,0x00,0x00,0x00,0x00,0x00,0x00,0x00,0x00,0x00,0x00,0x00,
    0x00,0x00,0x00,0x00,0x00,0x00,0x00,0x00,0x00,0x00,0x00,0x00,0x00,0x00,0x00,0x00,
    0x00,0x00,0x00,0x00,0x00,0x00,0x00,0x00,0x00,0x00,0x00,0x00,0x00,0x00,0x00,0x00,
    0x00,0x00,0x00,0x00,0x00,0x00,0x00,0x00,0x00,0x00,0x00,0x00,0x00,0x00,0x00,0x00,
    0x00,0x00,0x00,0x00,0x00,0x00,0x00,0x00,0x00,0x00,0x00,0x00,0x00,0x00,0x00,0x00,
    0x00,0x00,0x00,0x00,0x00,0x00,0x00,0x00,0x00,0x00,0x00,0x00,0x00,0x00,0x00,0x00,
    0x00,0x00,0x00,0x00,0x00,0x00,0x00,0x00,0x00,0x00,0x00,0x00,0x00,0x00,0x00,0x00,
    0x00,0x00,0x00,0x00,0x00,0x00,0x00,0x00,0x00,0x00,0x00,0x00,0x00,0x00,0x00,0x00,
    0x00,0x00,0x00,0x00,0x00,0x00,0x00,0x00,0x00,0x00,0x00,0x00,0x00,0x00,0x00,0x00,
    0x00,0x00,0x00,0x00,0x00,0x00,0x00,0x00,0x00,0x00,0x00,0x00,0x00,0x00,0x00,0x00,
    0x00,0x00,0x00,0x00,0x00,0x00,0x00,0x00,0x00,0x00,0x00,0x00,0x00,0x00,0x00,0x00,
    0x00,0x00,0x00,0x00,0x00,0x00,0x00,0x00,0x00,0x00,0x00,0x00,0x00,0x00,0x00,0x00,
    0x00,0x00,0x00,0x00,0x00,0x00,0x00,0x00,0x00,0x00,0x00,0x00,0x00,0x00,0x00,0x00,
    0x00,0x00,0x00,0x00,0x00,0x00,0x00,0x00,0x00,0x00,0x00,0x00,0x00,0x00,0x00,0x00,
    0x00,0x00,0x00,0x00,0x00,0x00,0x00,0x00,0x00,0x00,0x00,0x00,0x00,0x00,0x00,0x00,
    0x00,0x00,0x00,0x00,0x00,0x00,0x00,0x00,0x00,0x00,0x00,0x00,0x00,0x00,0x00,0x00,
    0x00,0x00,0x00,0x00,0x00,0x00,0x00,0x00,0x00,0x00,0x00,0x00,0x00,0x00,0x00,0x00,
    0x00,0x00,0x00,0x00,0x00,0x00,0x00,0x00,0x00,0x00,0x00,0x00,0x00,0x00,0x00,0x00,
    0x00,0x00,0x00,0x00,0x00,0x00,0x00,0x00,0x00,0x00,0x00,0x00,0x00,0x00,0x00,0x00,
    0x00,0x00,0x00,0x00,0x00,0x00,0x00,0x00,0x00,0x00,0x00,0x00,0x00,0x00,0x00,0x00,
    0x00,0x00,0x00,0x00,0x00,0x00,0x00,0x00,0x00,0x00,0x00,0x00,0x00,0x00,0x00,0x00,
    0x00,0x00,0x00,0x00,0x00,0x00,0x00,0x00,0x00,0x00,0x00,0x00,0x00,0x00,0x00,0x00,
    0x00,0x00,0x00,0x00,0x00,0x00,0x00,0x00,0x00,0x00,0x00,0x00,0x00,0x00,0x00,0x00,
    0x31,0x34,0x31,0x34,0x31,0x34,0xAE,0x21,0xAE,0x21,0x00,0x00,0x00,0x00,0x00,0x00,
    0x2B,0x5E,0x2B,0x5E,0x2B,0x5E,0x2B,0x5E,0x2B,0x5E,0x00,0x00,0x00,0x00,0x00,0x00,
    0xAE,0x21,0x31,0x34,0x31,0x34,0x31,0x34,0x00,0x00,0x00,0x00,0x00,0x00,0x00,0x00,
    0x31,0x34,0x31,0x34,0x31,0x34,0x31,0x34,0xAE,0x21,0xAE,0x21,0xAE,0x21,0x2B,0x5E,
    0x2B,0x5E,0x31,0x34,0x31,0x34,0x31,0x34,0x31,0x34,0x31,0x34,0x2B,0x5E,0xAE,0x21,
    0xAE,0x21,0xAE,0x21,0x31,0x34,0x31,0x34,0x31,0x34,0x31,0x34,0x31,0x34,0x00,0x00,
    0x00,0x00,0x31,0x34,0x31,0x34,0x31,0x34,0x31,0x34,0xAE,0x21,0xAE,0x21,0xAE,0x21,
    0x2B,0x5E,0x2B,0x5E,0x31,0x34,0x31,0x34,0x31,0x34,0x31,0x34,0x31,0x34,0x2B,0x5E,
    0xAE,0x21,0xAE,0x21,0xAE,0x21,0x31,0x34,0x31,0x34,0x31,0x34,0x31,0x34,0x31,0x34,
    0x00,0x00,0x00,0x00,0xAE,0x21,0xAE,0x21,0xAE,0x21,0xAE,0x21,0xAE,0x21,0xAE,0x21,
    0xAE,0x21,0x2B,0x5E,0x2B,0x5E,0x31,0x34,0x31,0x34,0x31,0x34,0x31,0x34,0x31,0x34,
    0x2B,0x5E,0xAE,0x21,0xAE,0x21,0xAE,0x21,0xAE,0x21,0xAE,0x21,0xAE,0x21,0xAE,0x21,
    0xAE,0x21,0x00,0x00,0x00,0x00,0x00,0x00,0x2B,0x5E,0x2B,0x5E,0x2B,0x5E,0xAE,0x21,
    0xAE,0x21,0xAE,0x21,0x2B,0x5E,0x2B,0x5E,0x31,0x34,0x31,0x34,0x31,0x34,0x31,0x34,
    0x31,0x34,0x2B,0x5E,0xAE,0x21,0xAE,0x21,0xAE,0x21,0x2B,0x5E,0x2B,0x5E,0x2B,0x5E,
    0x00,0x00,0x00,0x00,0x00,0x00,0x00,0x00,0x00,0x00,0x2B,0x5E,0x2B,0x5E,0x2B,0x5E,
    0xAE,0x21,0xAE,0x21,0xAE,0x21,0x2B,0x5E,0x2B,0x5E,0x31,0x34,0x31,0x34,0x31,0x34,
    0x31,0x34,0x31,0x34,0x2B,0x5E,0xAE,0x21,0xAE,0x21,0xAE,0x21,0x2B,0x5E,0x2B,0x5E,
    0x2B,0x5E,0x00,0x00,0x00,0x00,0x00,0x00,0x00,0x00,0x00,0x00,0x2B,0x5E,0x2B,0x5E,
    0x2B,0x5E,0xAE,0x21,0xAE,0x21,0xAE,0x21,0x31,0x34,0x31,0x34,0x2B,0x5E,0x2B,0x5E,
    0x2B,0x5E,0x2B,0x5E,0x2B,0x5E,0x31,0x34,0xAE,0x21,0xAE,0x21,0xAE,0x21,0x2B,0x5E,
    0x2B,0x5E,0x2B,0x5E,0x00,0x00,0x00,0x00,0x00,0x00,0x00,0x00,0x00,0x00,0x00,0x00,
    0x00,0x00,0xAE,0x21,0xAE,0x21,0xAE,0x21,0xAE,0x21,0x31,0x34,0x31,0x34,0x31,0x34,
    0x31,0x34,0x31,0x34,0x31,0x34,0x31,0x34,0x31,0x34,0xAE,0x21,0xAE,0x21,0xAE,0x21,
    0xAE,0x21,0xAE,0x21,0x00,0x00,0x00,0x00,0x00,0x00,0x00,0x00,0x00,0x00,0x00,0x00,
    0x00,0x00,0x00,0x00,0xAE,0x21,0xAE,0x21,0xAE,0x21,0xAE,0x21,0x31,0x34,0x31,0x34,
    0x31,0x34,0x31,0x34,0x31,0x34,0x31,0x34,0x31,0x34,0x31,0x34,0xAE,0x21,0xAE,0x21,
    0xAE,0x21,0xAE,0x21,0xAE,0x21,0x00,0x00,0x00,0x00,0x00,0x00,0x00,0x00,0x00,0x00,
    0x00,0x00,0x00,0x00,0x00,0x00,0x31,0x34,0x31,0x34,0x31,0x34,0xAE,0x21,0xAE,0x21,
    0xAE,0x21,0x31,0x34,0x31,0x34,0x31,0x34,0x31,0x34,0x31,0x34,0xAE,0x21,0xAE,0x21,
    0xAE,0x21,0x31,0x34,0x31,0x34,0x31,0x34,0x00,0x00,0x00,0x00,0x00,0x00,0x00,0x00,
    0x00,0x00,0x00,0x00,0x31,0x34,0x31,0x34,0x31,0x34,0x31,0x34,0x31,0x34,0xAE,0x21,
    0x00,0x00,0x00,0x00,0x00,0x00,0x00,0x00,0x00,0x00,0x00,0x00,0x00,0x00,0x00,0x00,
    0xAE,0x21,0xAE,0x21,0x31,0x34,0x31,0x34,0x31,0x34,0x31,0x34,0x00,0x00,0x00,0x00,
    0x00,0x00,0x00,0x00,0x00,0x00,0x31,0x34,0x31,0x34,0x31,0x34,0x31,0x34,0x31,0x34,
    0xAE,0x21,0x00,0x00,0x00,0x00,0x00,0x00,0x00,0x00,0x00,0x00,0x00,0x00,0x00,0x00,
    0x00,0x00,0xAE,0x21,0xAE,0x21,0x31,0x34,0x31,0x34,0x31,0x34,0x31,0x34,0x00,0x00,
    0x00,0x00,0x00,0x00,0x00,0x00,0x00,0x00,0x00,0x00,0x00,0x00,0x00,0x00,0x00,0x00,
    0x00,0x00,0x00,0x00,0x00,0x00,0x00,0x00,0x00,0x00,0x00,0x00,0x00,0x00,0x00,0x00,
    0x00,0x00,0x00,0x00,0x00,0x00,0x00,0x00,0x00,0x00,0x00,0x00,0x00,0x00,0x00,0x00,
    0x00,0x00,0x00,0x00,0x00,0x00,0x00,0x00,0x00,0x00,0x00,0x00,0x00,0x00,0x00,0x00,
    0x00,0x00,0x00,0x00,0x00,0x00,0x00,0x00,0x00,0x00,0x00,0x00,0x00,0x00,0x00,0x00,
    0x00,0x00,0x00,0x00,0x00,0x00,0x00,0x00,0x00,0x00,0x00,0x00,0x00,0x00,0x00,0x00,
    0x00,0x00,0x00,0x00,0x00,0x00,0x00,0x00,0x00,0x00,0x00,0x00,0x00,0x00,0x00,0x00,
    0x00,0x00,0x00,0x00,0x00,0x00,0x00,0x00,0x00,0x00,0x00,0x00,0x00,0x00,0x00,0x00,
    0x00,0x00,0x00,0x00,0x00,0x00,0x00,0x00,0x00,0x00,0x00,0x00,0x00,0x00,0x00,0x00,
    0x00,0x00,0x00,0x00,0x00,0x00,0x00,0x00,0x00,0x00,0x00,0x00,0x00,0x00,0x00,0x00,
    0x00,0x00,0x00,0x00,0x00,0x00,0x00,0x00,0x00,0x00,0x00,0x00,0x00,0x00,0x00,0x00,
    0x00,0x00,0x00,0x00,0x00,0x00,0x00,0x00,0x00,0x00,0x00,0x00,0x00,0x00,0x00,0x00,
    0x00,0x00,0x00,0x00,0x00,0x00,0x00,0x00,0x00,0x00,0x00,0x00,0x00,0x00,0x00,0x00,
    0x00,0x00,0x00,0x00,0x00,0x00,0x00,0x00,0x00,0x00,0x00,0x00,0x00,0x00,0x00,0x00,
    0x00,0x00,0x00,0x00,0x00,0x00,0x00,0x00,0x00,0x00,0x00,0x00,0x00,0x00,0x00,0x00,
    0x00,0x00,0x00,0x00,0x00,0x00,0x00,0x00,0x00,0x00,0x00,0x00,0x00,0x00,0x00,0x00,
    0x00,0x00,0x00,0x00,0x00,0x00,0x00,0x00,0x00,0x00,0x00,0x00,0x00,0x00,0x00,0x00,
    0x00,0x00,0x00,0x00,0x00,0x00,0x00,0x00,0x00,0x00,0x00,0x00,0x00,0x00,0x00,0x00,
    0x00,0x00,0x00,0x00,0x00,0x00,0x00,0x00,0x00,0x00,0x00,0x00,0x00,0x00,0x00,0x00,
    0x00,0x00,0x00,0x00,0x00,0x00,0x00,0x00,0x00,0x00,0x00,0x00,0x00,0x00,0x00,0x00,
    0x00,0x00,0x00,0x00,0x00,0x00,0x00,0x00,0x00,0x00,0xFF,0xFF,0xFF,0xFF,0xFF,0x00,
    0x00,0x00,0xFF,0xFF,0xFF,0xFF,0xFF,0x00,0x00,0x00,0xFF,0xFF,0xFF,0xFF,0x00,0x00,
    0x00,0x00,0xFF,0xFF,0xFF,0xFF,0xFF,0xFF,0xFF,0xFF,0xFF,0xFF,0xFF,0xFF,0xFF,0xFF,
    0xFF,0xFF,0xFF,0xFF,0xFF,0xFF,0xFF,0xFF,0xFF,0x00,0x00,0xFF,0xFF,0xFF,0xFF,0xFF,
    0xFF,0xFF,0xFF,0xFF,0xFF,0xFF,0xFF,0xFF,0xFF,0xFF,0xFF,0xFF,0xFF,0xFF,0xFF,0xFF,
    0xFF,0xFF,0x00,0x00,0xFF,0xFF,0xFF,0xFF,0xFF,0xFF,0xFF,0xFF,0xFF,0xFF,0xFF,0xFF,
    0xFF,0xFF,0xFF,0xFF,0xFF,0xFF,0xFF,0xFF,0xFF,0xFF,0xFF,0x00,0x00,0x00,0xFF,0xFF,
    0xFF,0xFF,0xFF,0xFF,0xFF,0xFF,0xFF,0xFF,0xFF,0xFF,0xFF,0xFF,0xFF,0xFF,0xFF,0xFF,
    0xFF,0xFF,0x00,0x00,0x00,0x00,0x00,0xFF,0xFF,0xFF,0xFF,0xFF,0xFF,0xFF,0xFF,0xFF,
    0xFF,0xFF,0xFF,0xFF,0xFF,0xFF,0xFF,0xFF,0xFF,0xFF,0xFF,0x00,0x00,0x00,0x00,0x00,
    0xFF,0xFF,0xFF,0xFF,0xFF,0xFF,0xFF,0xFF,0xFF,0xFF,0xFF,0xFF,0xFF,0xFF,0xFF,0xFF,
    0xFF,0xFF,0xFF,0xFF,0x00,0x00,0x00,0x00,0x00,0x00,0x00,0xFF,0xFF,0xFF,0xFF,0xFF,
    0xFF,0xFF,0xFF,0xFF,0xFF,0xFF,0xFF,0xFF,0xFF,0xFF,0xFF,0xFF,0x00,0x00,0x00,0x00,
    0x00,0x00,0x00,0x00,0xFF,0xFF,0xFF,0xFF,0xFF,0xFF,0xFF,0xFF,0xFF,0xFF,0xFF,0xFF,
    0xFF,0xFF,0xFF,0xFF,0xFF,0x00,0x00,0x00,0x00,0x00,0x00,0x00,0x00,0xFF,0xFF,0xFF,
    0xFF,0xFF,0xFF,0xFF,0xFF,0xFF,0xFF,0xFF,0xFF,0xFF,0xFF,0xFF,0xFF,0xFF,0x00,0x00,
    0x00,0x00,0x00,0x00,0xFF,0xFF,0xFF,0xFF,0xFF,0xFF,0x00,0x00,0x00,0x00,0x00,0x00,
    0x00,0x00,0xFF,0xFF,0xFF,0xFF,0xFF,0xFF,0x00,0x00,0x00,0x00,0x00,0xFF,0xFF,0xFF,
    0xFF,0xFF,0xFF,0x00,0x00,0x00,0x00,0x00,0x00,0x00,0x00,0xFF,0xFF,0xFF,0xFF,0xFF,
    0xFF,0x00,0x00,
};
const lv_image_dsc_t ui_img_jump_prince_player_r4 = {
    .header.w = 25,
    .header.h = 25,
    .data_size = sizeof(ui_img_jump_prince_player_r4_data),
    .header.cf = LV_COLOR_FORMAT_NATIVE_WITH_ALPHA,
    .header.magic = LV_IMAGE_HEADER_MAGIC,
    .data = ui_img_jump_prince_player_r4_data
};

const LV_ATTRIBUTE_MEM_ALIGN uint8_t ui_img_jump_prince_player_l4_data[] = {
    0x00,0x00,0x00,0x00,0x00,0x00,0x00,0x00,0x00,0x00,0x00,0x00,0x00,0x00,0x00,0x00,
    0x00,0x00,0x00,0x00,0x00,0x00,0x00,0x00,0x00,0x00,0x00,0x00,0x00,0x00,0x00,0x00,
    0x00,0x00,0x00,0x00,0x00,0x00,0x00,0x00,0x00,0x00,0x00,0x00,0x00,0x00,0x00,0x00,
    0x00,0x00,0x00,0x00,0x00,0x00,0x00,0x00,0x00,0x00,0x00,0x00,0x00,0x00,0x00,0x00,
    0x00,0x00,0x00,0x00,0x00,0x00,0x00,0x00,0x00,0x00,0x00,0x00,0x00,0x00,0x00,0x00,
    0x00,0x00,0x00,0x00,0x00,0x00,0x00,0x00,0x00,0x00,0x00,0x00,0x00,0x00,0x00,0x00,
    0x00,0x00,0x00,0x00,0x00,0x00,0x00,0x00,0x00,0x00,0x00,0x00,0x00,0x00,0x00,0x00,
    0x00,0x00,0x00,0x00,0x00,0x00,0x00,0x00,0x00,0x00,0x00,0x00,0x00,0x00,0x00,0x00,
    0x00,0x00,0x00,0x00,0x00,0x00,0x00,0x00,0x00,0x00,0x00,0x00,0x00,0x00,0x00,0x00,
    0x00,0x00,0x00,0x00,0x00,0x00,0x00,0x00,0x00,0x00,0x00,0x00,0x00,0x00,0x00,0x00,
    0x00,0x00,0x00,0x00,0x00,0x00,0x00,0x00,0x00,0x00,0x00,0x00,0x00,0x00,0x00,0x00,
    0x00,0x00,0x00,0x00,0x00,0x00,0x00,0x00,0x00,0x00,0x00,0x00,0x00,0x00,0x00,0x00,
    0x00,0x00,0x00,0x00,0x00,0x00,0x00,0x00,0x00,0x00,0x00,0x00,0x00,0x00,0x00,0x00,
    0x00,0x00,0x00,0x00,0x00,0x00,0x00,0x00,0x00,0x00,0x00,0x00,0x00,0x00,0x00,0x00,
    0x00,0x00,0x00,0x00,0x00,0x00,0x00,0x00,0x00,0x00,0x00,0x00,0x00,0x00,0x00,0x00,
    0x00,0x00,0x00,0x00,0x00,0x00,0x00,0x00,0x00,0x00,0x00,0x00,0x00,0x00,0x00,0x00,
    0x00,0x00,0x00,0x00,0x00,0x00,0x00,0x00,0x00,0x00,0x00,0x00,0x00,0x00,0x00,0x00,
    0x00,0x00,0x00,0x00,0x00,0x00,0x00,0x00,0x00,0x00,0x00,0x00,0x00,0x00,0x00,0x00,
    0x00,0x00,0x00,0x00,0x00,0x00,0x00,0x00,0x00,0x00,0x00,0x00,0x00,0x00,0x00,0x00,
    0x00,0x00,0x00,0x00,0x00,0x00,0x00,0x00,0x00,0x00,0x00,0x00,0x00,0x00,0x00,0x00,
    0x00,0x00,0x00,0x00,0x00,0x00,0x00,0x00,0x00,0x00,0x00,0x00,0x00,0x00,0x00,0x00,
    0x00,0x00,0x00,0x00,0x00,0x00,0x00,0x00,0x00,0x00,0x00,0x00,0x00,0x00,0x00,0x00,
    0x00,0x00,0x00,0x00,0x00,0x00,0x00,0x00,0x00,0x00,0x00,0x00,0x00,0x00,0x00,0x00,
    0x00,0x00,0x00,0x00,0x00,0x00,0x00,0x00,0x00,0x00,0x00,0x00,0x00,0x00,0x00,0x00,
    0x00,0x00,0x00,0x00,0x00,0x00,0x00,0x00,0x00,0x00,0x00,0x00,0x00,0x00,0x00,0x00,
    0x00,0x00,0x00,0x00,0x00,0x00,0x00,0x00,0x00,0x00,0x00,0x00,0x00,0x00,0x00,0x00,
    0x00,0x00,0x00,0x00,0x00,0x00,0x00,0x00,0x00,0x00,0x00,0x00,0x00,0x00,0x00,0x00,
    0x00,0x00,0x00,0x00,0x00,0x00,0x00,0x00,0x00,0x00,0x00,0x00,0x00,0x00,0x00,0x00,
    0x00,0x00,0x00,0x00,0x00,0x00,0x00,0x00,0x00,0x00,0x00,0x00,0x00,0x00,0x00,0x00,
    0x00,0x00,0x00,0x00,0x00,0x00,0x00,0x00,0x00,0x00,0x00,0x00,0x00,0x00,0x00,0x00,
    0x00,0x00,0x00,0x00,0x00,0x00,0x00,0x00,0x00,0x00,0x00,0x00,0x00,0x00,0x00,0x00,
    0x00,0x00,0x00,0x00,0x00,0x00,0x00,0x00,0x00,0x00,0x00,0x00,0x00,0x00,0x00,0x00,
    0x00,0x00,0x00,0x00,0x00,0x00,0x00,0x00,0x00,0x00,0x00,0x00,0x00,0x00,0x00,0x00,
    0x00,0x00,0x00,0x00,0x00,0x00,0x00,0x00,0x00,0x00,0x00,0x00,0x00,0x00,0x00,0x00,
    0x00,0x00,0x00,0x00,0x00,0x00,0x00,0x00,0x00,0x00,0x00,0x00,0x00,0x00,0x00,0x00,
    0x00,0x00,0x00,0x00,0x00,0x00,0x00,0x00,0x00,0x00,0x00,0x00,0x00,0x00,0x00,0x00,
    0x00,0x00,0x00,0x00,0x00,0x00,0x00,0x00,0x00,0x00,0x00,0x00,0x00,0x00,0x00,0x00,
    0x00,0x00,0x00,0x00,0x00,0x00,0x00,0x00,0x00,0x00,0x00,0x00,0x00,0x00,0x00,0x00,
    0x00,0x00,0x00,0x00,0x00,0x00,0x00,0x00,0x00,0x00,0x00,0x00,0x00,0x00,0x00,0x00,
    0x00,0x00,0x00,0x00,0x00,0x00,0x00,0x00,0x00,0x00,0x00,0x00,0x00,0x00,0x00,0x00,
    0x00,0x00,0x00,0x00,0x00,0x00,0x00,0x00,0x00,0x00,0x00,0x00,0x00,0x00,0x31,0x34,
    0x31,0x34,0x31,0x34,0xAE,0x21,0x00,0x00,0x00,0x00,0x00,0x00,0x2B,0x5E,0x2B,0x5E,
    0x2B,0x5E,0x2B,0x5E,0x2B,0x5E,0x00,0x00,0x00,0x00,0x00,0x00,0xAE,0x21,0xAE,0x21,
    0x31,0x34,0x31,0x34,0x31,0x34,0x00,0x00,0x00,0x00,0x00,0x00,0x31,0x34,0x31,0x34,
    0x31,0x34,0x31,0x34,0x31,0x34,0xAE,0x21,0xAE,0x21,0xAE,0x21,0x2B,0x5E,0x31,0x34,
    0x31,0x34,0x31,0x34,0x31,0x34,0x31,0x34,0x2B,0x5E,0x2B,0x5E,0xAE,0x21,0xAE,0x21,
    0xAE,0x21,0x31,0x34,0x31,0x34,0x31,0x34,0x31,0x34,0x00,0x00,0x00,0x00,0x31,0x34,
    0x31,0x34,0x31,0x34,0x31,0x34,0x31,0x34,0xAE,0x21,0xAE,0x21,0xAE,0x21,0x2B,0x5E,
    0x31,0x34,0x31,0x34,0x31,0x34,0x31,0x34,0x31,0x34,0x2B,0x5E,0x2B,0x5E,0xAE,0x21,
    0xAE,0x21,0xAE,0x21,0x31,0x34,0x31,0x34,0x31,0x34,0x31,0x34,0x00,0x00,0x00,0x00,
    0xAE,0x21,0xAE,0x21,0xAE,0x21,0xAE,0x21,0xAE,0x21,0xAE,0x21,0xAE,0x21,0xAE,0x21,
    0x2B,0x5E,0x31,0x34,0x31,0x34,0x31,0x34,0x31,0x34,0x31,0x34,0x2B,0x5E,0x2B,0x5E,
    0xAE,0x21,0xAE,0x21,0xAE,0x21,0xAE,0x21,0xAE,0x21,0xAE,0x21,0xAE,0x21,0x00,0x00,
    0x00,0x00,0x00,0x00,0x00,0x00,0x2B,0x5E,0x2B,0x5E,0x2B,0x5E,0xAE,0x21,0xAE,0x21,
    0xAE,0x21,0x2B,0x5E,0x31,0x34,0x31,0x34,0x31,0x34,0x31,0x34,0x31,0x34,0x2B,0x5E,
    0x2B,0x5E,0xAE,0x21,0xAE,0x21,0xAE,0x21,0x2B,0x5E,0x2B,0x5E,0x2B,0x5E,0x00,0x00,
    0x00,0x00,0x00,0x00,0x00,0x00,0x00,0x00,0x2B,0x5E,0x2B,0x5E,0x2B,0x5E,0xAE,0x21,
    0xAE,0x21,0xAE,0x21,0x2B,0x5E,0x31,0x34,0x31,0x34,0x31,0x34,0x31,0x34,0x31,0x34,
    0x2B,0x5E,0x2B,0x5E,0xAE,0x21,0xAE,0x21,0xAE,0x21,0x2B,0x5E,0x2B,0x5E,0x2B,0x5E,
    0x00,0x00,0x00,0x00,0x00,0x00,0x00,0x00,0x00,0x00,0x2B,0x5E,0x2B,0x5E,0x2B,0x5E,
    0xAE,0x21,0xAE,0x21,0xAE,0x21,0x31,0x34,0x2B,0x5E,0x2B,0x5E,0x2B,0x5E,0x2B,0x5E,
    0x2B,0x5E,0x31,0x34,0x31,0x34,0xAE,0x21,0xAE,0x21,0xAE,0x21,0x2B,0x5E,0x2B,0x5E,
    0x2B,0x5E,0x00,0x00,0x00,0x00,0x00,0x00,0x00,0x00,0x00,0x00,0x00,0x00,0xAE,0x21,
    0xAE,0x21,0xAE,0x21,0xAE,0x21,0xAE,0x21,0x31,0x34,0x31,0x34,0x31,0x34,0x31,0x34,
    0x31,0x34,0x31,0x34,0x31,0x34,0x31,0x34,0xAE,0x21,0xAE,0x21,0xAE,0x21,0xAE,0x21,
    0x00,0x00,0x00,0x00,0x00,0x00,0x00,0x00,0x00,0x00,0x00,0x00,0x00,0x00,0x00,0x00,
    0xAE,0x21,0xAE,0x21,0xAE,0x21,0xAE,0x21,0xAE,0x21,0x31,0x34,0x31,0x34,0x31,0x34,
    0x31,0x34,0x31,0x34,0x31,0x34,0x31,0x34,0x31,0x34,0xAE,0x21,0xAE,0x21,0xAE,0x21,
    0xAE,0x21,0x00,0x00,0x00,0x00,0x00,0x00,0x00,0x00,0x00,0x00,0x00,0x00,0x00,0x00,
    0x00,0x00,0x31,0x34,0x31,0x34,0x31,0x34,0xAE,0x21,0xAE,0x21,0xAE,0x21,0x31,0x34,
    0x31,0x34,0x31,0x34,0x31,0x34,0x31,0x34,0xAE,0x21,0xAE,0x21,0xAE,0x21,0x31,0x34,
    0x31,0x34,0x31,0x34,0x00,0x00,0x00,0x00,0x00,0x00,0x00,0x00,0x00,0x00,0x00,0x00,
    0x00,0x00,0x31,0x34,0x31,0x34,0x31,0x34,0x31,0x34,0xAE,0x21,0xAE,0x21,0x00,0x00,
    0x00,0x00,0x00,0x00,0x00,0x00,0x00,0x00,0x00,0x00,0x00,0x00,0x00,0x00,0xAE,0x21,
    0x31,0x34,0x31,0x34,0x31,0x34,0x31,0x34,0x31,0x34,0x00,0x00,0x00,0x00,0x00,0x00,
    0x00,0x00,0x00,0x00,0x31,0x34,0x31,0x34,0x31,0x34,0x31,0x34,0xAE,0x21,0xAE,0x21,
    0x00,0x00,0x00,0x00,0x00,0x00,0x00,0x00,0x00,0x00,0x00,0x00,0x00,0x00,0x00,0x00,
    0xAE,0x21,0x31,0x34,0x31,0x34,0x31,0x34,0x31,0x34,0x31,0x34,0x00,0x00,0x00,0x00,
    0x00,0x00,0x00,0x00,0x00,0x00,0x00,0x00,0x00,0x00,0x00,0x00,0x00,0x00,0x00,0x00,
    0x00,0x00,0x00,0x00,0x00,0x00,0x00,0x00,0x00,0x00,0x00,0x00,0x00,0x00,0x00,0x00,
    0x00,0x00,0x00,0x00,0x00,0x00,0x00,0x00,0x00,0x00,0x00,0x00,0x00,0x00,0x00,0x00,
    0x00,0x00,0x00,0x00,0x00,0x00,0x00,0x00,0x00,0x00,0x00,0x00,0x00,0x00,0x00,0x00,
    0x00,0x00,0x00,0x00,0x00,0x00,0x00,0x00,0x00,0x00,0x00,0x00,0x00,0x00,0x00,0x00,
    0x00,0x00,0x00,0x00,0x00,0x00,0x00,0x00,0x00,0x00,0x00,0x00,0x00,0x00,0x00,0x00,
    0x00,0x00,0x00,0x00,0x00,0x00,0x00,0x00,0x00,0x00,0x00,0x00,0x00,0x00,0x00,0x00,
    0x00,0x00,0x00,0x00,0x00,0x00,0x00,0x00,0x00,0x00,0x00,0x00,0x00,0x00,0x00,0x00,
    0x00,0x00,0x00,0x00,0x00,0x00,0x00,0x00,0x00,0x00,0x00,0x00,0x00,0x00,0x00,0x00,
    0x00,0x00,0x00,0x00,0x00,0x00,0x00,0x00,0x00,0x00,0x00,0x00,0x00,0x00,0x00,0x00,
    0x00,0x00,0x00,0x00,0x00,0x00,0x00,0x00,0x00,0x00,0x00,0x00,0x00,0x00,0x00,0x00,
    0x00,0x00,0x00,0x00,0x00,0x00,0x00,0x00,0x00,0x00,0x00,0x00,0x00,0x00,0x00,0x00,
    0x00,0x00,0x00,0x00,0x00,0x00,0x00,0x00,0x00,0x00,0x00,0x00,0x00,0x00,0x00,0x00,
    0x00,0x00,0x00,0x00,0x00,0x00,0x00,0x00,0x00,0x00,0x00,0x00,0x00,0x00,0x00,0x00,
    0x00,0x00,0x00,0x00,0x00,0x00,0x00,0x00,0x00,0x00,0x00,0x00,0x00,0x00,0x00,0x00,
    0x00,0x00,0x00,0x00,0x00,0x00,0x00,0x00,0x00,0x00,0x00,0x00,0x00,0x00,0x00,0x00,
    0x00,0x00,0x00,0x00,0x00,0x00,0x00,0x00,0x00,0x00,0x00,0x00,0x00,0x00,0x00,0x00,
    0x00,0x00,0x00,0x00,0x00,0x00,0x00,0x00,0x00,0x00,0x00,0x00,0x00,0x00,0x00,0x00,
    0x00,0x00,0x00,0x00,0x00,0x00,0x00,0x00,0x00,0x00,0x00,0x00,0x00,0x00,0x00,0x00,
    0x00,0x00,0x00,0x00,0x00,0x00,0x00,0x00,0x00,0x00,0x00,0x00,0x00,0x00,0x00,0x00,
    0x00,0x00,0x00,0x00,0x00,0x00,0x00,0x00,0x00,0xFF,0xFF,0xFF,0xFF,0x00,0x00,0x00,
    0xFF,0xFF,0xFF,0xFF,0xFF,0x00,0x00,0x00,0xFF,0xFF,0xFF,0xFF,0xFF,0x00,0x00,0x00,
    0xFF,0xFF,0xFF,0xFF,0xFF,0xFF,0xFF,0xFF,0xFF,0xFF,0xFF,0xFF,0xFF,0xFF,0xFF,0xFF,
    0xFF,0xFF,0xFF,0xFF,0xFF,0xFF,0xFF,0x00,0x00,0xFF,0xFF,0xFF,0xFF,0xFF,0xFF,0xFF,
    0xFF,0xFF,0xFF,0xFF,0xFF,0xFF,0xFF,0xFF,0xFF,0xFF,0xFF,0xFF,0xFF,0xFF,0xFF,0xFF,
    0x00,0x00,0xFF,0xFF,0xFF,0xFF,0xFF,0xFF,0xFF,0xFF,0xFF,0xFF,0xFF,0xFF,0xFF,0xFF,
    0xFF,0xFF,0xFF,0xFF,0xFF,0xFF,0xFF,0xFF,0xFF,0x00,0x00,0x00,0x00,0xFF,0xFF,0xFF,
    0xFF,0xFF,0xFF,0xFF,0xFF,0xFF,0xFF,0xFF,0xFF,0xFF,0xFF,0xFF,0xFF,0xFF,0xFF,0xFF,
    0xFF,0x00,0x00,0x00,0x00,0x00,0xFF,0xFF,0xFF,0xFF,0xFF,0xFF,0xFF,0xFF,0xFF,0xFF,
    0xFF,0xFF,0xFF,0xFF,0xFF,0xFF,0xFF,0xFF,0xFF,0xFF,0x00,0x00,0x00,0x00,0x00,0xFF,
    0xFF,0xFF,0xFF,0xFF,0xFF,0xFF,0xFF,0xFF,0xFF,0xFF,0xFF,0xFF,0xFF,0xFF,0xFF,0xFF,
    0xFF,0xFF,0xFF,0x00,0x00,0x00,0x00,0x00,0x00,0xFF,0xFF,0xFF,0xFF,0xFF,0xFF,0xFF,
    0xFF,0xFF,0xFF,0xFF,0xFF,0xFF,0xFF,0xFF,0xFF,0xFF,0x00,0x00,0x00,0x00,0x00,0x00,
    0x00,0x00,0xFF,0xFF,0xFF,0xFF,0xFF,0xFF,0xFF,0xFF,0xFF,0xFF,0xFF,0xFF,0xFF,0xFF,
    0xFF,0xFF,0xFF,0x00,0x00,0x00,0x00,0x00,0x00,0x00,0x00,0xFF,0xFF,0xFF,0xFF,0xFF,
    0xFF,0xFF,0xFF,0xFF,0xFF,0xFF,0xFF,0xFF,0xFF,0xFF,0xFF,0xFF,0x00,0x00,0x00,0x00,
    0x00,0x00,0x00,0xFF,0xFF,0xFF,0xFF,0xFF,0xFF,0x00,0x00,0x00,0x00,0x00,0x00,0x00,
    0x00,0xFF,0xFF,0xFF,0xFF,0xFF,0xFF,0x00,0x00,0x00,0x00,0x00,0xFF,0xFF,0xFF,0xFF,
    0xFF,0xFF,0x00,0x00,0x00,0x00,0x00,0x00,0x00,0x00,0xFF,0xFF,0xFF,0xFF,0xFF,0xFF,
    0x00,0x00,0x00,
};
const lv_image_dsc_t ui_img_jump_prince_player_l4 = {
    .header.w = 25,
    .header.h = 25,
    .data_size = sizeof(ui_img_jump_prince_player_l4_data),
    .header.cf = LV_COLOR_FORMAT_NATIVE_WITH_ALPHA,
    .header.magic = LV_IMAGE_HEADER_MAGIC,
    .data = ui_img_jump_prince_player_l4_data
};

const LV_ATTRIBUTE_MEM_ALIGN uint8_t ui_img_jump_prince_player_r5_data[] = {
    0x00,0x00,0x00,0x00,0x00,0x00,0x00,0x00,0x00,0x00,0x00,0x00,0x00,0x00,0x00,0x00,
    0x00,0x00,0x31,0x34,0x31,0x34,0x2B,0x5E,0x2B,0x5E,0x2B,0x5E,0x2B,0x5E,0x2B,0x5E,
    0x31,0x34,0x00,0x00,0x00,0x00,0x00,0x00,0x00,0x00,0x00,0x00,0x00,0x00,0x00,0x00,
    0x00,0x00,0x00,0x00,0x00,0x00,0x00,0x00,0x00,0x00,0x00,0x00,0x00,0x00,0x00,0x00,
    0x00,0x00,0x00,0x00,0x31,0x34,0x31,0x34,0x2B,0x5E,0x2B,0x5E,0x2B,0x5E,0x2B,0x5E,
    0x2B,0x5E,0x31,0x34,0x00,0x00,0x00,0x00,0x00,0x00,0x00,0x00,0x00,0x00,0x00,0x00,
    0x00,0x00,0x00,0x00,0x00,0x00,0x00,0x00,0x00,0x00,0x00,0x00,0x00,0x00,0x00,0x00,
    0x00,0x00,0x00,0x00,0x00,0x00,0x31,0x34,0x31,0x34,0x2B,0x5E,0x2B,0x5E,0x2B,0x5E,
    0x2B,0x5E,0x2B,0x5E,0x31,0x34,0x00,0x00,0x00,0x00,0x2B,0x5E,0x2B,0x5E,0x2B,0x5E,
    0x00,0x00,0x00,0x00,0x00,0x00,0x00,0x00,0x00,0x00,0x00,0x00,0x00,0x00,0x00,0x00,
    0x00,0x00,0x00,0x00,0x00,0x00,0x00,0x00,0x31,0x34,0x31,0x34,0x2B,0x5E,0x2B,0x5E,
    0xAE,0x21,0xAE,0x21,0xAE,0x21,0x31,0x34,0x00,0x00,0x00,0x00,0x2B,0x5E,0x2B,0x5E,
    0x2B,0x5E,0x00,0x00,0x00,0x00,0x00,0x00,0x00,0x00,0x00,0x00,0x00,0x00,0x00,0x00,
    0x00,0x00,0x00,0x00,0x00,0x00,0x00,0x00,0x00,0x00,0x31,0x34,0x31,0x34,0x2B,0x5E,
    0x2B,0x5E,0xAE,0x21,0xAE,0x21,0xAE,0x21,0x31,0x34,0x00,0x00,0x00,0x00,0x2B,0x5E,
    0x2B,0x5E,0x2B,0x5E,0x00,0x00,0x00,0x00,0x00,0x00,0x00,0x00,0x00,0x00,0x00,0x00,
    0x00,0x00,0x00,0x00,0x00,0x00,0x00,0x00,0x00,0x00,0x00,0x00,0x31,0x34,0x31,0x34,
    0x2B,0x5E,0x2B,0x5E,0x2B,0x5E,0xAE,0x21,0xAE,0x21,0x31,0x34,0x31,0x34,0x31,0x34,
    0x2B,0x5E,0x2B,0x5E,0x2B,0x5E,0x00,0x00,0x00,0x00,0x00,0x00,0x00,0x00,0x00,0x00,
    0x00,0x00,0x00,0x00,0x00,0x00,0x2B,0x5E,0x2B,0x5E,0x2B,0x5E,0xAE,0x21,0xAE,0x21,
    0xAE,0x21,0x31,0x34,0x31,0x34,0x2B,0x5E,0x2B,0x5E,0x2B,0x5E,0x31,0x34,0xAE,0x21,
    0xAE,0x21,0xAE,0x21,0x00,0x00,0x00,0x00,0x00,0x00,0x00,0x00,0x00,0x00,0x00,0x00,
    0x00,0x00,0x00,0x00,0x00,0x00,0x00,0x00,0x2B,0x5E,0x2B,0x5E,0x2B,0x5E,0xAE,0x21,
    0xAE,0x21,0xAE,0x21,0x31,0x34,0x31,0x34,0x2B,0x5E,0x2B,0x5E,0x2B,0x5E,0x31,0x34,
    0xAE,0x21,0xAE,0x21,0xAE,0x21,0x00,0x00,0x00,0x00,0x00,0x00,0x00,0x00,0x00,0x00,
    0x00,0x00,0x00,0x00,0x00,0x00,0x31,0x34,0x31,0x34,0x2B,0x5E,0x2B,0x5E,0x2B,0x5E,
    0xAE,0x21,0xAE,0x21,0xAE,0x21,0xAE,0x21,0xAE,0x21,0xAE,0x21,0xAE,0x21,0xAE,0x21,
    0xAE,0x21,0xAE,0x21,0xAE,0x21,0xAE,0x21,0x00,0x00,0x00,0x00,0x00,0x00,0x00,0x00,
    0x00,0x00,0x00,0x00,0x00,0x00,0x00,0x00,0xAE,0x21,0xAE,0x21,0x2B,0x5E,0x2B,0x5E,
    0x2B,0x5E,0xAE,0x21,0xAE,0x21,0xAE,0x21,0xAE,0x21,0xAE,0x21,0xAE,0x21,0xAE,0x21,
    0xAE,0x21,0xAE,0x21,0xAE,0x21,0xAE,0x21,0x00,0x00,0x00,0x00,0x00,0x00,0x00,0x00,
    0x00,0x00,0x00,0x00,0x00,0x00,0x00,0x00,0x00,0x00,0xAE,0x21,0xAE,0x21,0x2B,0x5E,
    0x2B,0x5E,0x2B,0x5E,0xAE,0x21,0xAE,0x21,0xAE,0x21,0xAE,0x21,0xAE,0x21,0xAE,0x21,
    0xAE,0x21,0xAE,0x21,0xAE,0x21,0xAE,0x21,0xAE,0x21,0x00,0x00,0x00,0x00,0x00,0x00,
    0x00,0x00,0x00,0x00,0x00,0x00,0x00,0x00,0x00,0x00,0x00,0x00,0xAE,0x21,0xAE,0x21,
    0xAE,0x21,0xAE,0x21,0xAE,0x21,0xAE,0x21,0xAE,0x21,0xAE,0x21,0xAE,0x21,0xAE,0x21,
    0xAE,0x21,0xAE,0x21,0xAE,0x21,0xAE,0x21,0x00,0x00,0x00,0x00,0x00,0x00,0x00,0x00,
    0x00,0x00,0x00,0x00,0x00,0x00,0x00,0x00,0x00,0x00,0x00,0x00,0x00,0x00,0xAE,0x21,
    0xAE,0x21,0xAE,0x21,0xAE,0x21,0xAE,0x21,0xAE,0x21,0xAE,0x21,0xAE,0x21,0xAE,0x21,
    0xAE,0x21,0xAE,0x21,0xAE,0x21,0xAE,0x21,0xAE,0x21,0x00,0x00,0x00,0x00,0x00,0x00,
    0x00,0x00,0x00,0x00,0x00,0x00,0x00,0x00,0x00,0x00,0x00,0x00,0x00,0x00,0x00,0x00,
    0xAE,0x21,0xAE,0x21,0xAE,0x21,0xAE,0x21,0xAE,0x21,0xAE,0x21,0xAE,0x21,0xAE,0x21,
    0xAE,0x21,0xAE,0x21,0xAE,0x21,0xAE,0x21,0xAE,0x21,0xAE,0x21,0x00,0x00,0x00,0x00,
    0x00,0x00,0x00,0x00,0x00,0x00,0x00,0x00,0x00,0x00,0x00,0x00,0x00,0x00,0x00,0x00,
    0x00,0x00,0x00,0x00,0x00,0x00,0xAE,0x21,0xAE,0x21,0xAE,0x21,0xAE,0x21,0xAE,0x21,
    0xAE,0x21,0xAE,0x21,0xAE,0x21,0xAE,0x21,0xAE,0x21,0xAE,0x21,0xAE,0x21,0x00,0x00,
    0x00,0x00,0x00,0x00,0x00,0x00,0x00,0x00,0x00,0x00,0x00,0x00,0x00,0x00,0x00,0x00,
    0x00,0x00,0x00,0x00,0x00,0x00,0x00,0x00,0xAE,0x21,0xAE,0x21,0xAE,0x21,0xAE,0x21,
    0xAE,0x21,0xAE,0x21,0xAE,0x21,0xAE,0x21,0xAE,0x21,0xAE,0x21,0xAE,0x21,0xAE,0x21,
    0x00,0x00,0x00,0x00,0x00,0x00,0x00,0x00,0x00,0x00,0x00,0x00,0x00,0x00,0x00,0x00,
    0x00,0x00,0x00,0x00,0x00,0x00,0x00,0x00,0x00,0x00,0x00,0x00,0xAE,0x21,0xAE,0x21,
    0x31,0x34,0x31,0x34,0x31,0x34,0xAE,0x21,0xAE,0x21,0xAE,0x21,0x31,0x34,0x31,0x34,
    0x31,0x34,0x00,0x00,0x00,0x00,0x00,0x00,0x00,0x00,0x00,0x00,0x00,0x00,0x00,0x00,
    0x00,0x00,0x00,0x00,0x00,0x00,0x00,0x00,0x00,0x00,0x00,0x00,0x00,0x00,0xAE,0x21,
    0xAE,0x21,0x31,0x34,0x31,0x34,0x31,0x34,0xAE,0x21,0xAE,0x21,0xAE,0x21,0x31,0x34,
    0x31,0x34,0x31,0x34,0x00,0x00,0x00,0x00,0x00,0x00,0x00,0x00,0x00,0x00,0x00,0x00,
    0x00,0x00,0x00,0x00,0x00,0x00,0x00,0x00,0x00,0x00,0x00,0x00,0x00,0x00,0x00,0x00,
    0xAE,0x21,0xAE,0x21,0x31,0x34,0x31,0x34,0x31,0x34,0xAE,0x21,0xAE,0x21,0xAE,0x21,
    0x31,0x34,0x31,0x34,0x31,0x34,0x00,0x00,0x00,0x00,0x00,0x00,0x00,0x00,0x00,0x00,
    0x00,0x00,0x00,0x00,0x00,0x00,0x00,0x00,0x00,0x00,0x00,0x00,0x00,0x00,0x00,0x00,
    0x00,0x00,0xAE,0x21,0xAE,0x21,0xAE,0x21,0xAE,0x21,0xAE,0x21,0xAE,0x21,0xAE,0x21,
    0xAE,0x21,0xAE,0x21,0xAE,0x21,0x00,0x00,0x00,0x00,0x00,0x00,0x00,0x00,0x00,0x00,
    0x00,0x00,0x00,0x00,0x00,0x00,0x00,0x00,0x00,0x00,0x00,0x00,0x00,0x00,0x00,0x00,
    0x00,0x00,0x31,0x34,0x31,0x34,0x31,0x34,0x31,0x34,0x00,0x00,0x00,0x00,0x31,0x34,
    0x31,0x34,0x31,0x34,0x31,0x34,0x31,0x34,0x00,0x00,0x00,0x00,0x00,0x00,0x00,0x00,
    0x00,0x00,0x00,0x00,0x00,0x00,0x00,0x00,0x00,0x00,0x00,0x00,0x00,0x00,0x00,0x00,
    0x00,0x00,0x00,0x00,0x31,0x34,0x31,0x34,0x31,0x34,0x31,0x34,0x00,0x00,0x00,0x00,
    0x31,0x34,0x31,0x34,0x31,0x34,0x31,0x34,0x31,0x34,0x00,0x00,0x00,0x00,0x00,0x00,
    0x00,0x00,0x00,0x00,0x00,0x00,0x00,0x00,0x00,0x00,0x00,0x00,0x00,0x00,0x00,0x00,
    0x00,0x00,0x00,0x00,0x00,0x00,0x31,0x34,0x31,0x34,0x31,0x34,0x00,0x00,0x00,0x00,
    0x00,0x00,0x31,0x34,0x31,0x34,0x31,0x34,0x00,0x00,0x00,0x00,0x00,0x00,0x00,0x00,
    0x00,0x00,0x00,0x00,0x00,0x00,0x00,0x00,0x00,0x00,0x00,0x00,0x00,0x00,0x00,0x00,
    0x00,0x00,0x00,0x00,0x00,0x00,0x00,0x00,0x31,0x34,0x31,0x34,0x31,0x34,0x00,0x00,
    0x00,0x00,0x00,0x00,0x31,0x34,0x31,0x34,0x31,0x34,0x00,0x00,0x00,0x00,0x00,0x00,
    0x00,0x00,0x00,0x00,0x00,0x00,0x00,0x00,0x00,0x00,0x00,0x00,0x00,0x00,0x00,0x00,
    0x00,0x00,0x00,0x00,0x00,0x00,0x00,0x00,0x00,0x00,0x31,0x34,0x31,0x34,0x31,0x34,
    0x00,0x00,0x00,0x00,0x00,0x00,0x31,0x34,0x31,0x34,0x31,0x34,0x00,0x00,0x00,0x00,
    0x00,0x00,0x00,0x00,0x00,0x00,0x00,0x00,0x00,0x00,0x00,0x00,0x00,0x00,0x00,0x00,
    0x00,0x00,0x00,0x00,0x00,0x00,0x00,0x00,0x00,0x00,0x00,0xFF,0xFF,0xFF,0xFF,0xFF,
    0xFF,0xFF,0xFF,0x00,0x00,0x00,0x00,0x00,0x00,0x00,0x00,0x00,0x00,0x00,0x00,0x00,
    0x00,0x00,0x00,0x00,0xFF,0xFF,0xFF,0xFF,0xFF,0xFF,0xFF,0xFF,0x00,0x00,0x00,0x00,
    0x00,0x00,0x00,0x00,0x00,0x00,0x00,0x00,0x00,0x00,0x00,0x00,0x00,0xFF,0xFF,0xFF,
    0xFF,0xFF,0xFF,0xFF,0xFF,0x00,0x00,0xFF,0xFF,0xFF,0x00,0x00,0x00,0x00,0x00,0x00,
    0x00,0x00,0x00,0x00,0x00,0x00,0xFF,0xFF,0xFF,0xFF,0xFF,0xFF,0xFF,0xFF,0x00,0x00,
    0xFF,0xFF,0xFF,0x00,0x00,0x00,0x00,0x00,0x00,0x00,0x00,0x00,0x00,0x00,0x00,0xFF,
    0xFF,0xFF,0xFF,0xFF,0xFF,0xFF,0xFF,0x00,0x00,0xFF,0xFF,0xFF,0x00,0x00,0x00,0x00,
    0x00,0x00,0x00,0x00,0x00,0x00,0x00,0x00,0xFF,0xFF,0xFF,0xFF,0xFF,0xFF,0xFF,0xFF,
    0xFF,0xFF,0xFF,0xFF,0xFF,0x00,0x00,0x00,0x00,0x00,0x00,0x00,0x00,0xFF,0xFF,0xFF,
    0xFF,0xFF,0xFF,0xFF,0xFF,0xFF,0xFF,0xFF,0xFF,0xFF,0xFF,0xFF,0x00,0x00,0x00,0x00,
    0x00,0x00,0x00,0x00,0x00,0x00,0xFF,0xFF,0xFF,0xFF,0xFF,0xFF,0xFF,0xFF,0xFF,0xFF,
    0xFF,0xFF,0xFF,0xFF,0xFF,0x00,0x00,0x00,0x00,0x00,0x00,0x00,0x00,0xFF,0xFF,0xFF,
    0xFF,0xFF,0xFF,0xFF,0xFF,0xFF,0xFF,0xFF,0xFF,0xFF,0xFF,0xFF,0xFF,0xFF,0x00,0x00,
    0x00,0x00,0x00,0x00,0x00,0x00,0xFF,0xFF,0xFF,0xFF,0xFF,0xFF,0xFF,0xFF,0xFF,0xFF,
    0xFF,0xFF,0xFF,0xFF,0xFF,0xFF,0x00,0x00,0x00,0x00,0x00,0x00,0x00,0x00,0x00,0xFF,
    0xFF,0xFF,0xFF,0xFF,0xFF,0xFF,0xFF,0xFF,0xFF,0xFF,0xFF,0xFF,0xFF,0xFF,0xFF,0x00,
    0x00,0x00,0x00,0x00,0x00,0x00,0x00,0x00,0xFF,0xFF,0xFF,0xFF,0xFF,0xFF,0xFF,0xFF,
    0xFF,0xFF,0xFF,0xFF,0xFF,0xFF,0x00,0x00,0x00,0x00,0x00,0x00,0x00,0x00,0x00,0x00,
    0x00,0xFF,0xFF,0xFF,0xFF,0xFF,0xFF,0xFF,0xFF,0xFF,0xFF,0xFF,0xFF,0xFF,0xFF,0x00,
    0x00,0x00,0x00,0x00,0x00,0x00,0x00,0x00,0x00,0x00,0xFF,0xFF,0xFF,0xFF,0xFF,0xFF,
    0xFF,0xFF,0xFF,0xFF,0xFF,0xFF,0xFF,0xFF,0x00,0x00,0x00,0x00,0x00,0x00,0x00,0x00,
    0x00,0x00,0x00,0x00,0x00,0xFF,0xFF,0xFF,0xFF,0xFF,0xFF,0xFF,0xFF,0xFF,0xFF,0xFF,
    0xFF,0x00,0x00,0x00,0x00,0x00,0x00,0x00,0x00,0x00,0x00,0x00,0x00,0x00,0xFF,0xFF,
    0xFF,0xFF,0xFF,0xFF,0xFF,0xFF,0xFF,0xFF,0xFF,0xFF,0x00,0x00,0x00,0x00,0x00,0x00,
    0x00,0x00,0x00,0x00,0x00,0x00,0x00,0x00,0xFF,0xFF,0xFF,0xFF,0xFF,0xFF,0xFF,0xFF,
    0xFF,0xFF,0xFF,0x00,0x00,0x00,0x00,0x00,0x00,0x00,0x00,0x00,0x00,0x00,0x00,0x00,
    0x00,0xFF,0xFF,0xFF,0xFF,0xFF,0xFF,0xFF,0xFF,0xFF,0xFF,0xFF,0x00,0x00,0x00,0x00,
    0x00,0x00,0x00,0x00,0x00,0x00,0x00,0x00,0x00,0x00,0xFF,0xFF,0xFF,0xFF,0xFF,0xFF,
    0xFF,0xFF,0xFF,0xFF,0xFF,0x00,0x00,0x00,0x00,0x00,0x00,0x00,0x00,0x00,0x00,0x00,
    0x00,0x00,0x00,0xFF,0xFF,0xFF,0xFF,0xFF,0xFF,0xFF,0xFF,0xFF,0xFF,0x00,0x00,0x00,
    0x00,0x00,0x00,0x00,0x00,0x00,0x00,0x00,0x00,0x00,0x00,0xFF,0xFF,0xFF,0xFF,0x00,
    0x00,0xFF,0xFF,0xFF,0xFF,0xFF,0x00,0x00,0x00,0x00,0x00,0x00,0x00,0x00,0x00,0x00,
    0x00,0x00,0x00,0x00,0xFF,0xFF,0xFF,0xFF,0x00,0x00,0xFF,0xFF,0xFF,0xFF,0xFF,0x00,
    0x00,0x00,0x00,0x00,0x00,0x00,0x00,0x00,0x00,0x00,0x00,0x00,0x00,0xFF,0xFF,0xFF,
    0x00,0x00,0x00,0xFF,0xFF,0xFF,0x00,0x00,0x00,0x00,0x00,0x00,0x00,0x00,0x00,0x00,
    0x00,0x00,0x00,0x00,0x00,0x00,0xFF,0xFF,0xFF,0x00,0x00,0x00,0xFF,0xFF,0xFF,0x00,
    0x00,0x00,0x00,0x00,0x00,0x00,0x00,0x00,0x00,0x00,0x00,0x00,0x00,0x00,0x00,0xFF,
    0xFF,0xFF,0x00,0x00,0x00,0xFF,0xFF,0xFF,0x00,0x00,0x00,0x00,0x00,0x00,0x00,0x00,
    0x00,0x00,0x00,
};
const lv_image_dsc_t ui_img_jump_prince_player_r5 = {
    .header.w = 25,
    .header.h = 25,
    .data_size = sizeof(ui_img_jump_prince_player_r5_data),
    .header.cf = LV_COLOR_FORMAT_NATIVE_WITH_ALPHA,
    .header.magic = LV_IMAGE_HEADER_MAGIC,
    .data = ui_img_jump_prince_player_r5_data
};

const LV_ATTRIBUTE_MEM_ALIGN uint8_t ui_img_jump_prince_player_l5_data[] = {
    0x00,0x00,0x00,0x00,0x00,0x00,0x00,0x00,0x00,0x00,0x00,0x00,0x00,0x00,0x00,0x00,
    0x31,0x34,0x2B,0x5E,0x2B,0x5E,0x2B,0x5E,0x2B,0x5E,0x2B,0x5E,0x31,0x34,0x31,0x34,
    0x00,0x00,0x00,0x00,0x00,0x00,0x00,0x00,0x00,0x00,0x00,0x00,0x00,0x00,0x00,0x00,
    0x00,0x00,0x00,0x00,0x00,0x00,0x00,0x00,0x00,0x00,0x00,0x00,0x00,0x00,0x00,0x00,
    0x00,0x00,0x31,0x34,0x2B,0x5E,0x2B,0x5E,0x2B,0x5E,0x2B,0x5E,0x2B,0x5E,0x31,0x34,
    0x31,0x34,0x00,0x00,0x00,0x00,0x00,0x00,0x00,0x00,0x00,0x00,0x00,0x00,0x00,0x00,
    0x00,0x00,0x00,0x00,0x00,0x00,0x00,0x00,0x00,0x00,0x2B,0x5E,0x2B,0x5E,0x2B,0x5E,
    0x00,0x00,0x00,0x00,0x31,0x34,0x2B,0x5E,0x2B,0x5E,0x2B,0x5E,0x2B,0x5E,0x2B,0x5E,
    0x31,0x34,0x31,0x34,0x00,0x00,0x00,0x00,0x00,0x00,0x00,0x00,0x00,0x00,0x00,0x00,
    0x00,0x00,0x00,0x00,0x00,0x00,0x00,0x00,0x00,0x00,0x00,0x00,0x2B,0x5E,0x2B,0x5E,
    0x2B,0x5E,0x00,0x00,0x00,0x00,0x31,0x34,0xAE,0x21,0xAE,0x21,0xAE,0x21,0xAE,0x21,
    0x2B,0x5E,0x31,0x34,0x31,0x34,0x00,0x00,0x00,0x00,0x00,0x00,0x00,0x00,0x00,0x00,
    0x00,0x00,0x00,0x00,0x00,0x00,0x00,0x00,0x00,0x00,0x00,0x00,0x00,0x00,0x2B,0x5E,
    0x2B,0x5E,0x2B,0x5E,0x00,0x00,0x00,0x00,0x31,0x34,0xAE,0x21,0xAE,0x21,0xAE,0x21,
    0xAE,0x21,0x2B,0x5E,0x31,0x34,0x31,0x34,0x00,0x00,0x00,0x00,0x00,0x00,0x00,0x00,
    0x00,0x00,0x00,0x00,0x00,0x00,0x00,0x00,0x00,0x00,0x00,0x00,0x00,0x00,0x00,0x00,
    0x2B,0x5E,0x2B,0x5E,0x2B,0x5E,0x31,0x34,0x31,0x34,0x31,0x34,0xAE,0x21,0xAE,0x21,
    0x2B,0x5E,0x2B,0x5E,0x2B,0x5E,0x31,0x34,0x31,0x34,0x00,0x00,0x00,0x00,0x00,0x00,
    0x00,0x00,0x00,0x00,0x00,0x00,0x00,0x00,0x00,0x00,0x00,0x00,0x00,0x00,0x00,0x00,
    0x00,0x00,0x00,0x00,0x00,0x00,0xAE,0x21,0xAE,0x21,0xAE,0x21,0x31,0x34,0x2B,0x5E,
    0x2B,0x5E,0x2B,0x5E,0x2B,0x5E,0x31,0x34,0xAE,0x21,0xAE,0x21,0xAE,0x21,0x2B,0x5E,
    0x2B,0x5E,0x2B,0x5E,0x00,0x00,0x00,0x00,0x00,0x00,0x00,0x00,0x00,0x00,0x00,0x00,
    0x00,0x00,0x00,0x00,0x00,0x00,0x00,0x00,0xAE,0x21,0xAE,0x21,0xAE,0x21,0x31,0x34,
    0x2B,0x5E,0x2B,0x5E,0x2B,0x5E,0x2B,0x5E,0x31,0x34,0xAE,0x21,0xAE,0x21,0xAE,0x21,
    0x2B,0x5E,0x2B,0x5E,0x2B,0x5E,0x00,0x00,0x00,0x00,0x00,0x00,0x00,0x00,0x00,0x00,
    0x00,0x00,0x00,0x00,0x00,0x00,0x00,0x00,0x00,0x00,0xAE,0x21,0xAE,0x21,0xAE,0x21,
    0xAE,0x21,0xAE,0x21,0xAE,0x21,0xAE,0x21,0xAE,0x21,0xAE,0x21,0xAE,0x21,0xAE,0x21,
    0xAE,0x21,0x2B,0x5E,0x2B,0x5E,0x2B,0x5E,0x31,0x34,0x31,0x34,0x00,0x00,0x00,0x00,
    0x00,0x00,0x00,0x00,0x00,0x00,0x00,0x00,0x00,0x00,0x00,0x00,0x00,0x00,0xAE,0x21,
    0xAE,0x21,0xAE,0x21,0xAE,0x21,0xAE,0x21,0xAE,0x21,0xAE,0x21,0xAE,0x21,0xAE,0x21,
    0xAE,0x21,0xAE,0x21,0x2B,0x5E,0x2B,0x5E,0x2B,0x5E,0xAE,0x21,0xAE,0x21,0x00,0x00,
    0x00,0x00,0x00,0x00,0x00,0x00,0x00,0x00,0x00,0x00,0x00,0x00,0x00,0x00,0x00,0x00,
    0xAE,0x21,0xAE,0x21,0xAE,0x21,0xAE,0x21,0xAE,0x21,0xAE,0x21,0xAE,0x21,0xAE,0x21,
    0xAE,0x21,0xAE,0x21,0xAE,0x21,0x2B,0x5E,0x2B,0x5E,0x2B,0x5E,0xAE,0x21,0xAE,0x21,
    0x00,0x00,0x00,0x00,0x00,0x00,0x00,0x00,0x00,0x00,0x00,0x00,0x00,0x00,0x00,0x00,
    0x00,0x00,0x00,0x00,0x00,0x00,0xAE,0x21,0xAE,0x21,0xAE,0x21,0xAE,0x21,0xAE,0x21,
    0xAE,0x21,0xAE,0x21,0xAE,0x21,0xAE,0x21,0xAE,0x21,0xAE,0x21,0xAE,0x21,0xAE,0x21,
    0xAE,0x21,0x00,0x00,0x00,0x00,0x00,0x00,0x00,0x00,0x00,0x00,0x00,0x00,0x00,0x00,
    0x00,0x00,0x00,0x00,0x00,0x00,0x00,0x00,0xAE,0x21,0xAE,0x21,0xAE,0x21,0xAE,0x21,
    0xAE,0x21,0xAE,0x21,0xAE,0x21,0xAE,0x21,0xAE,0x21,0xAE,0x21,0xAE,0x21,0xAE,0x21,
    0xAE,0x21,0xAE,0x21,0x00,0x00,0x00,0x00,0x00,0x00,0x00,0x00,0x00,0x00,0x00,0x00,
    0x00,0x00,0x00,0x00,0x00,0x00,0x00,0x00,0x00,0x00,0xAE,0x21,0xAE,0x21,0xAE,0x21,
    0xAE,0x21,0xAE,0x21,0xAE,0x21,0xAE,0x21,0xAE,0x21,0xAE,0x21,0xAE,0x21,0xAE,0x21,
    0xAE,0x21,0xAE,0x21,0xAE,0x21,0x00,0x00,0x00,0x00,0x00,0x00,0x00,0x00,0x00,0x00,
    0x00,0x00,0x00,0x00,0x00,0x00,0x00,0x00,0x00,0x00,0x00,0x00,0xAE,0x21,0xAE,0x21,
    0xAE,0x21,0xAE,0x21,0xAE,0x21,0xAE,0x21,0xAE,0x21,0xAE,0x21,0xAE,0x21,0xAE,0x21,
    0xAE,0x21,0xAE,0x21,0x00,0x00,0x00,0x00,0x00,0x00,0x00,0x00,0x00,0x00,0x00,0x00,
    0x00,0x00,0x00,0x00,0x00,0x00,0x00,0x00,0x00,0x00,0x00,0x00,0x00,0x00,0xAE,0x21,
    0xAE,0x21,0xAE,0x21,0xAE,0x21,0xAE,0x21,0xAE,0x21,0xAE,0x21,0xAE,0x21,0xAE,0x21,
    0xAE,0x21,0xAE,0x21,0xAE,0x21,0x00,0x00,0x00,0x00,0x00,0x00,0x00,0x00,0x00,0x00,
    0x00,0x00,0x00,0x00,0x00,0x00,0x00,0x00,0x00,0x00,0x00,0x00,0x00,0x00,0x00,0x00,
    0x31,0x34,0x31,0x34,0x31,0x34,0xAE,0x21,0xAE,0x21,0xAE,0x21,0x31,0x34,0x31,0x34,
    0x31,0x34,0xAE,0x21,0xAE,0x21,0x00,0x00,0x00,0x00,0x00,0x00,0x00,0x00,0x00,0x00,
    0x00,0x00,0x00,0x00,0x00,0x00,0x00,0x00,0x00,0x00,0x00,0x00,0x00,0x00,0x00,0x00,
    0x00,0x00,0x31,0x34,0x31,0x34,0x31,0x34,0xAE,0x21,0xAE,0x21,0xAE,0x21,0x31,0x34,
    0x31,0x34,0x31,0x34,0xAE,0x21,0xAE,0x21,0x00,0x00,0x00,0x00,0x00,0x00,0x00,0x00,
    0x00,0x00,0x00,0x00,0x00,0x00,0x00,0x00,0x00,0x00,0x00,0x00,0x00,0x00,0x00,0x00,
    0x00,0x00,0x00,0x00,0x31,0x34,0x31,0x34,0x31,0x34,0xAE,0x21,0xAE,0x21,0xAE,0x21,
    0x31,0x34,0x31,0x34,0x31,0x34,0xAE,0x21,0xAE,0x21,0x00,0x00,0x00,0x00,0x00,0x00,
    0x00,0x00,0x00,0x00,0x00,0x00,0x00,0x00,0x00,0x00,0x00,0x00,0x00,0x00,0x00,0x00,
    0x00,0x00,0x00,0x00,0x00,0x00,0x00,0x00,0xAE,0x21,0xAE,0x21,0xAE,0x21,0xAE,0x21,
    0xAE,0x21,0xAE,0x21,0xAE,0x21,0xAE,0x21,0xAE,0x21,0xAE,0x21,0x00,0x00,0x00,0x00,
    0x00,0x00,0x00,0x00,0x00,0x00,0x00,0x00,0x00,0x00,0x00,0x00,0x00,0x00,0x00,0x00,
    0x00,0x00,0x00,0x00,0x00,0x00,0x00,0x00,0x00,0x00,0x31,0x34,0x31,0x34,0x31,0x34,
    0x31,0x34,0x31,0x34,0x00,0x00,0x00,0x00,0x31,0x34,0x31,0x34,0x31,0x34,0x31,0x34,
    0x00,0x00,0x00,0x00,0x00,0x00,0x00,0x00,0x00,0x00,0x00,0x00,0x00,0x00,0x00,0x00,
    0x00,0x00,0x00,0x00,0x00,0x00,0x00,0x00,0x00,0x00,0x00,0x00,0x31,0x34,0x31,0x34,
    0x31,0x34,0x31,0x34,0x31,0x34,0x00,0x00,0x00,0x00,0x31,0x34,0x31,0x34,0x31,0x34,
    0x31,0x34,0x00,0x00,0x00,0x00,0x00,0x00,0x00,0x00,0x00,0x00,0x00,0x00,0x00,0x00,
    0x00,0x00,0x00,0x00,0x00,0x00,0x00,0x00,0x00,0x00,0x00,0x00,0x00,0x00,0x00,0x00,
    0x00,0x00,0x31,0x34,0x31,0x34,0x31,0x34,0x00,0x00,0x00,0x00,0x00,0x00,0x31,0x34,
    0x31,0x34,0x31,0x34,0x00,0x00,0x00,0x00,0x00,0x00,0x00,0x00,0x00,0x00,0x00,0x00,
    0x00,0x00,0x00,0x00,0x00,0x00,0x00,0x00,0x00,0x00,0x00,0x00,0x00,0x00,0x00,0x00,
    0x00,0x00,0x00,0x00,0x31,0x34,0x31,0x34,0x31,0x34,0x00,0x00,0x00,0x00,0x00,0x00,
    0x31,0x34,0x31,0x34,0x31,0x34,0x00,0x00,0x00,0x00,0x00,0x00,0x00,0x00,0x00,0x00,
    0x00,0x00,0x00,0x00,0x00,0x00,0x00,0x00,0x00,0x00,0x00,0x00,0x00,0x00,0x00,0x00,
    0x00,0x00,0x00,0x00,0x00,0x00,0x31,0x34,0x31,0x34,0x31,0x34,0x00,0x00,0x00,0x00,
    0x00,0x00,0x31,0x34,0x31,0x34,0x31,0x34,0x00,0x00,0x00,0x00,0x00,0x00,0x00,0x00,
    0x00,0x00,0x00,0x00,0x00,0x00,0x00,0x00,0x00,0x00,0xFF,0xFF,0xFF,0xFF,0xFF,0xFF,
    0xFF,0xFF,0x00,0x00,0x00,0x00,0x00,0x00,0x00,0x00,0x00,0x00,0x00,0x00,0x00,0x00,
    0x00,0x00,0x00,0xFF,0xFF,0xFF,0xFF,0xFF,0xFF,0xFF,0xFF,0x00,0x00,0x00,0x00,0x00,
    0x00,0x00,0x00,0x00,0x00,0x00,0x00,0xFF,0xFF,0xFF,0x00,0x00,0xFF,0xFF,0xFF,0xFF,
    0xFF,0xFF,0xFF,0xFF,0x00,0x00,0x00,0x00,0x00,0x00,0x00,0x00,0x00,0x00,0x00,0x00,
    0xFF,0xFF,0xFF,0x00,0x00,0xFF,0xFF,0xFF,0xFF,0xFF,0xFF,0xFF,0xFF,0x00,0x00,0x00,
    0x00,0x00,0x00,0x00,0x00,0x00,0x00,0x00,0x00,0xFF,0xFF,0xFF,0x00,0x00,0xFF,0xFF,
    0xFF,0xFF,0xFF,0xFF,0xFF,0xFF,0x00,0x00,0x00,0x00,0x00,0x00,0x00,0x00,0x00,0x00,
    0x00,0x00,0xFF,0xFF,0xFF,0xFF,0xFF,0xFF,0xFF,0xFF,0xFF,0xFF,0xFF,0xFF,0xFF,0x00,
    0x00,0x00,0x00,0x00,0x00,0x00,0x00,0x00,0x00,0x00,0x00,0x00,0x00,0xFF,0xFF,0xFF,
    0xFF,0xFF,0xFF,0xFF,0xFF,0xFF,0xFF,0xFF,0xFF,0xFF,0xFF,0xFF,0x00,0x00,0x00,0x00,
    0x00,0x00,0x00,0x00,0x00,0x00,0xFF,0xFF,0xFF,0xFF,0xFF,0xFF,0xFF,0xFF,0xFF,0xFF,
    0xFF,0xFF,0xFF,0xFF,0xFF,0x00,0x00,0x00,0x00,0x00,0x00,0x00,0x00,0x00,0x00,0xFF,
    0xFF,0xFF,0xFF,0xFF,0xFF,0xFF,0xFF,0xFF,0xFF,0xFF,0xFF,0xFF,0xFF,0xFF,0xFF,0xFF,
    0x00,0x00,0x00,0x00,0x00,0x00,0x00,0x00,0x00,0xFF,0xFF,0xFF,0xFF,0xFF,0xFF,0xFF,
    0xFF,0xFF,0xFF,0xFF,0xFF,0xFF,0xFF,0xFF,0xFF,0x00,0x00,0x00,0x00,0x00,0x00,0x00,
    0x00,0x00,0xFF,0xFF,0xFF,0xFF,0xFF,0xFF,0xFF,0xFF,0xFF,0xFF,0xFF,0xFF,0xFF,0xFF,
    0xFF,0xFF,0x00,0x00,0x00,0x00,0x00,0x00,0x00,0x00,0x00,0x00,0x00,0xFF,0xFF,0xFF,
    0xFF,0xFF,0xFF,0xFF,0xFF,0xFF,0xFF,0xFF,0xFF,0xFF,0xFF,0x00,0x00,0x00,0x00,0x00,
    0x00,0x00,0x00,0x00,0x00,0x00,0xFF,0xFF,0xFF,0xFF,0xFF,0xFF,0xFF,0xFF,0xFF,0xFF,
    0xFF,0xFF,0xFF,0xFF,0x00,0x00,0x00,0x00,0x00,0x00,0x00,0x00,0x00,0x00,0x00,0xFF,
    0xFF,0xFF,0xFF,0xFF,0xFF,0xFF,0xFF,0xFF,0xFF,0xFF,0xFF,0xFF,0xFF,0x00,0x00,0x00,
    0x00,0x00,0x00,0x00,0x00,0x00,0x00,0x00,0xFF,0xFF,0xFF,0xFF,0xFF,0xFF,0xFF,0xFF,
    0xFF,0xFF,0xFF,0xFF,0x00,0x00,0x00,0x00,0x00,0x00,0x00,0x00,0x00,0x00,0x00,0x00,
    0x00,0xFF,0xFF,0xFF,0xFF,0xFF,0xFF,0xFF,0xFF,0xFF,0xFF,0xFF,0xFF,0x00,0x00,0x00,
    0x00,0x00,0x00,0x00,0x00,0x00,0x00,0x00,0x00,0x00,0xFF,0xFF,0xFF,0xFF,0xFF,0xFF,
    0xFF,0xFF,0xFF,0xFF,0xFF,0x00,0x00,0x00,0x00,0x00,0x00,0x00,0x00,0x00,0x00,0x00,
    0x00,0x00,0x00,0xFF,0xFF,0xFF,0xFF,0xFF,0xFF,0xFF,0xFF,0xFF,0xFF,0xFF,0x00,0x00,
    0x00,0x00,0x00,0x00,0x00,0x00,0x00,0x00,0x00,0x00,0x00,0x00,0xFF,0xFF,0xFF,0xFF,
    0xFF,0xFF,0xFF,0xFF,0xFF,0xFF,0xFF,0x00,0x00,0x00,0x00,0x00,0x00,0x00,0x00,0x00,
    0x00,0x00,0x00,0x00,0x00,0x00,0xFF,0xFF,0xFF,0xFF,0xFF,0xFF,0xFF,0xFF,0xFF,0xFF,
    0x00,0x00,0x00,0x00,0x00,0x00,0x00,0x00,0x00,0x00,0x00,0x00,0x00,0x00,0x00,0xFF,
    0xFF,0xFF,0xFF,0xFF,0x00,0x00,0xFF,0xFF,0xFF,0xFF,0x00,0x00,0x00,0x00,0x00,0x00,
    0x00,0x00,0x00,0x00,0x00,0x00,0x00,0x00,0xFF,0xFF,0xFF,0xFF,0xFF,0x00,0x00,0xFF,
    0xFF,0xFF,0xFF,0x00,0x00,0x00,0x00,0x00,0x00,0x00,0x00,0x00,0x00,0x00,0x00,0x00,
    0x00,0x00,0x00,0xFF,0xFF,0xFF,0x00,0x00,0x00,0xFF,0xFF,0xFF,0x00,0x00,0x00,0x00,
    0x00,0x00,0x00,0x00,0x00,0x00,0x00,0x00,0x00,0x00,0x00,0x00,0xFF,0xFF,0xFF,0x00,
    0x00,0x00,0xFF,0xFF,0xFF,0x00,0x00,0x00,0x00,0x00,0x00,0x00,0x00,0x00,0x00,0x00,
    0x00,0x00,0x00,0x00,0x00,0xFF,0xFF,0xFF,0x00,0x00,0x00,0xFF,0xFF,0xFF,0x00,0x00,
    0x00,0x00,0x00,
};
const lv_image_dsc_t ui_img_jump_prince_player_l5 = {
    .header.w = 25,
    .header.h = 25,
    .data_size = sizeof(ui_img_jump_prince_player_l5_data),
    .header.cf = LV_COLOR_FORMAT_NATIVE_WITH_ALPHA,
    .header.magic = LV_IMAGE_HEADER_MAGIC,
    .data = ui_img_jump_prince_player_l5_data
};

const LV_ATTRIBUTE_MEM_ALIGN uint8_t ui_img_jump_prince_player_r6_data[] = {
    0x00,0x00,0x00,0x00,0x00,0x00,0x00,0x00,0x00,0x00,0x00,0x00,0x00,0x00,0x00,0x00,
    0x00,0x00,0x00,0x00,0x00,0x00,0x00,0x00,0x00,0x00,0x00,0x00,0x00,0x00,0x00,0x00,
    0x00,0x00,0x00,0x00,0x00,0x00,0x00,0x00,0x00,0x00,0x00,0x00,0x00,0x00,0x00,0x00,
    0x00,0x00,0x00,0x00,0x00,0x00,0x00,0x00,0x00,0x00,0x00,0x00,0x00,0x00,0x00,0x00,
    0x00,0x00,0x00,0x00,0x00,0x00,0x00,0x00,0x00,0x00,0x00,0x00,0x00,0x00,0x00,0x00,
    0x00,0x00,0x00,0x00,0x00,0x00,0x00,0x00,0x00,0x00,0x00,0x00,0x00,0x00,0x00,0x00,
    0x00,0x00,0x00,0x00,0x00,0x00,0x00,0x00,0x00,0x00,0x00,0x00,0x00,0x00,0x00,0x00,
    0x00,0x00,0x00,0x00,0x00,0x00,0x31,0x34,0x31,0x34,0x2B,0x5E,0x2B,0x5E,0x2B,0x5E,
    0x2B,0x5E,0x2B,0x5E,0x31,0x34,0x00,0x00,0x00,0x00,0x00,0x00,0x00,0x00,0x00,0x00,
    0x00,0x00,0x00,0x00,0x00,0x00,0x00,0x00,0x00,0x00,0x00,0x00,0x00,0x00,0x00,0x00,
    0x00,0x00,0x00,0x00,0x00,0x00,0x00,0x00,0x31,0x34,0x31,0x34,0x2B,0x5E,0x2B,0x5E,
    0x2B,0x5E,0x2B,0x5E,0x2B,0x5E,0x31,0x34,0x00,0x00,0x00,0x00,0x00,0x00,0x00,0x00,
    0x00,0x00,0x00,0x00,0x00,0x00,0x00,0x00,0x00,0x00,0x00,0x00,0x00,0x00,0x00,0x00,
    0x00,0x00,0x00,0x00,0x00,0x00,0x00,0x00,0x00,0x00,0x31,0x34,0x31,0x34,0x2B,0x5E,
    0x2B,0x5E,0x2B,0x5E,0x2B,0x5E,0x2B,0x5E,0x31,0x34,0x00,0x00,0x00,0x00,0x00,0x00,
    0x00,0x00,0x00,0x00,0x00,0x00,0x00,0x00,0x00,0x00,0x00,0x00,0x00,0x00,0x00,0x00,
    0x00,0x00,0x00,0x00,0x00,0x00,0x00,0x00,0x00,0x00,0x00,0x00,0x31,0x34,0x31,0x34,
    0x2B,0x5E,0x2B,0x5E,0xAE,0x21,0xAE,0x21,0xAE,0x21,0x31,0x34,0x00,0x00,0x00,0x00,
    0x00,0x00,0x00,0x00,0x00,0x00,0x00,0x00,0x00,0x00,0x00,0x00,0x00,0x00,0x00,0x00,
    0x00,0x00,0x00,0x00,0x00,0x00,0x31,0x34,0x31,0x34,0x31,0x34,0xAE,0x21,0x31,0x34,
    0x31,0x34,0x2B,0x5E,0x2B,0x5E,0x2B,0x5E,0xAE,0x21,0xAE,0x21,0x31,0x34,0x31,0x34,
    0x31,0x34,0x00,0x00,0x00,0x00,0x00,0x00,0x00,0x00,0x00,0x00,0x00,0x00,0x00,0x00,
    0x00,0x00,0x00,0x00,0x00,0x00,0x00,0x00,0x31,0x34,0x31,0x34,0x31,0x34,0xAE,0x21,
    0x31,0x34,0x31,0x34,0x2B,0x5E,0x2B,0x5E,0x2B,0x5E,0xAE,0x21,0xAE,0x21,0x31,0x34,
    0x31,0x34,0x31,0x34,0x00,0x00,0x00,0x00,0x00,0x00,0x00,0x00,0x00,0x00,0x00,0x00,
    0x00,0x00,0x00,0x00,0x00,0x00,0x31,0x34,0x31,0x34,0x31,0x34,0x31,0x34,0x31,0x34,
    0xAE,0x21,0xAE,0x21,0xAE,0x21,0x31,0x34,0x31,0x34,0x2B,0x5E,0x2B,0x5E,0x2B,0x5E,
    0x31,0x34,0x31,0x34,0x31,0x34,0x31,0x34,0x00,0x00,0x00,0x00,0x00,0x00,0x00,0x00,
    0x00,0x00,0x00,0x00,0x00,0x00,0x00,0x00,0xAE,0x21,0xAE,0x21,0xAE,0x21,0xAE,0x21,
    0xAE,0x21,0xAE,0x21,0xAE,0x21,0xAE,0x21,0xAE,0x21,0xAE,0x21,0xAE,0x21,0xAE,0x21,
    0xAE,0x21,0xAE,0x21,0xAE,0x21,0xAE,0x21,0xAE,0x21,0x00,0x00,0x00,0x00,0x00,0x00,
    0x00,0x00,0x00,0x00,0x00,0x00,0x00,0x00,0x00,0x00,0xAE,0x21,0xAE,0x21,0xAE,0x21,
    0xAE,0x21,0xAE,0x21,0xAE,0x21,0xAE,0x21,0xAE,0x21,0xAE,0x21,0xAE,0x21,0xAE,0x21,
    0xAE,0x21,0xAE,0x21,0xAE,0x21,0xAE,0x21,0xAE,0x21,0xAE,0x21,0x00,0x00,0x00,0x00,
    0x00,0x00,0x00,0x00,0x00,0x00,0x00,0x00,0x00,0x00,0x00,0x00,0x2B,0x5E,0x2B,0x5E,
    0x2B,0x5E,0xAE,0x21,0xAE,0x21,0xAE,0x21,0xAE,0x21,0xAE,0x21,0xAE,0x21,0xAE,0x21,
    0xAE,0x21,0xAE,0x21,0xAE,0x21,0xAE,0x21,0xAE,0x21,0xAE,0x21,0x2B,0x5E,0x00,0x00,
    0x00,0x00,0x00,0x00,0x00,0x00,0x00,0x00,0x00,0x00,0x00,0x00,0x00,0x00,0x2B,0x5E,
    0x2B,0x5E,0x2B,0x5E,0xAE,0x21,0xAE,0x21,0xAE,0x21,0xAE,0x21,0xAE,0x21,0xAE,0x21,
    0xAE,0x21,0xAE,0x21,0xAE,0x21,0xAE,0x21,0xAE,0x21,0xAE,0x21,0xAE,0x21,0x2B,0x5E,
    0x00,0x00,0x00,0x00,0x00,0x00,0x00,0x00,0x00,0x00,0x00,0x00,0x00,0x00,0x00,0x00,
    0x2B,0x5E,0x2B,0x5E,0x2B,0x5E,0xAE,0x21,0xAE,0x21,0xAE,0x21,0xAE,0x21,0xAE,0x21,
    0xAE,0x21,0xAE,0x21,0xAE,0x21,0xAE,0x21,0xAE,0x21,0xAE,0x21,0xAE,0x21,0xAE,0x21,
    0x2B,0x5E,0x00,0x00,0x00,0x00,0x00,0x00,0x00,0x00,0x00,0x00,0x00,0x00,0x00,0x00,
    0x00,0x00,0x00,0x00,0x00,0x00,0x00,0x00,0xAE,0x21,0xAE,0x21,0xAE,0x21,0xAE,0x21,
    0xAE,0x21,0xAE,0x21,0xAE,0x21,0xAE,0x21,0xAE,0x21,0xAE,0x21,0x31,0x34,0x31,0x34,
    0x31,0x34,0x00,0x00,0x00,0x00,0x00,0x00,0x00,0x00,0x00,0x00,0x00,0x00,0x00,0x00,
    0x00,0x00,0x00,0x00,0x00,0x00,0x00,0x00,0x00,0x00,0xAE,0x21,0xAE,0x21,0xAE,0x21,
    0xAE,0x21,0xAE,0x21,0xAE,0x21,0xAE,0x21,0xAE,0x21,0xAE,0x21,0xAE,0x21,0x31,0x34,
    0x31,0x34,0x31,0x34,0x00,0x00,0x00,0x00,0x00,0x00,0x00,0x00,0x00,0x00,0x00,0x00,
    0x00,0x00,0x00,0x00,0x00,0x00,0x00,0x00,0x00,0x00,0x00,0x00,0xAE,0x21,0xAE,0x21,
    0xAE,0x21,0xAE,0x21,0xAE,0x21,0x31,0x34,0x31,0x34,0x31,0x34,0xAE,0x21,0xAE,0x21,
    0x31,0x34,0x31,0x34,0x31,0x34,0xAE,0x21,0x00,0x00,0x00,0x00,0x00,0x00,0x00,0x00,
    0x00,0x00,0x00,0x00,0x00,0x00,0x00,0x00,0x00,0x00,0x00,0x00,0x00,0x00,0x00,0x00,
    0x00,0x00,0xAE,0x21,0xAE,0x21,0xAE,0x21,0x31,0x34,0x31,0x34,0x31,0x34,0xAE,0x21,
    0xAE,0x21,0xAE,0x21,0xAE,0x21,0xAE,0x21,0xAE,0x21,0x00,0x00,0x00,0x00,0x00,0x00,
    0x00,0x00,0x00,0x00,0x00,0x00,0x00,0x00,0x00,0x00,0x00,0x00,0x00,0x00,0x00,0x00,
    0x00,0x00,0x00,0x00,0xAE,0x21,0xAE,0x21,0xAE,0x21,0x31,0x34,0x31,0x34,0x31,0x34,
    0xAE,0x21,0xAE,0x21,0xAE,0x21,0xAE,0x21,0xAE,0x21,0xAE,0x21,0x00,0x00,0x00,0x00,
    0x00,0x00,0x00,0x00,0x00,0x00,0x00,0x00,0x00,0x00,0x00,0x00,0x00,0x00,0x00,0x00,
    0x00,0x00,0x00,0x00,0x00,0x00,0xAE,0x21,0xAE,0x21,0xAE,0x21,0xAE,0x21,0xAE,0x21,
    0xAE,0x21,0x00,0x00,0x00,0x00,0xAE,0x21,0xAE,0x21,0xAE,0x21,0x31,0x34,0x31,0x34,
    0x31,0x34,0x00,0x00,0x00,0x00,0x00,0x00,0x00,0x00,0x00,0x00,0x00,0x00,0x00,0x00,
    0x00,0x00,0x00,0x00,0x00,0x00,0x00,0x00,0x00,0x00,0xAE,0x21,0xAE,0x21,0xAE,0x21,
    0xAE,0x21,0x31,0x34,0x31,0x34,0x31,0x34,0x00,0x00,0x31,0x34,0x31,0x34,0x31,0x34,
    0x31,0x34,0x31,0x34,0x00,0x00,0x00,0x00,0x00,0x00,0x00,0x00,0x00,0x00,0x00,0x00,
    0x00,0x00,0x00,0x00,0x00,0x00,0x00,0x00,0x00,0x00,0x00,0x00,0xAE,0x21,0xAE,0x21,
    0xAE,0x21,0xAE,0x21,0x31,0x34,0x31,0x34,0x31,0x34,0x00,0x00,0x31,0x34,0x31,0x34,
    0x31,0x34,0x31,0x34,0x31,0x34,0x00,0x00,0x00,0x00,0x00,0x00,0x00,0x00,0x00,0x00,
    0x00,0x00,0x00,0x00,0x00,0x00,0x00,0x00,0x00,0x00,0x00,0x00,0x00,0x00,0x00,0x00,
    0x00,0x00,0x31,0x34,0x31,0x34,0x31,0x34,0x31,0x34,0x31,0x34,0x00,0x00,0x31,0x34,
    0x31,0x34,0x31,0x34,0x00,0x00,0x00,0x00,0x00,0x00,0x00,0x00,0x00,0x00,0x00,0x00,
    0x00,0x00,0x00,0x00,0x00,0x00,0x00,0x00,0x00,0x00,0x00,0x00,0x00,0x00,0x00,0x00,
    0x00,0x00,0x00,0x00,0x31,0x34,0x31,0x34,0x31,0x34,0x00,0x00,0x00,0x00,0x00,0x00,
    0x00,0x00,0x00,0x00,0x00,0x00,0x00,0x00,0x00,0x00,0x00,0x00,0x00,0x00,0x00,0x00,
    0x00,0x00,0x00,0x00,0x00,0x00,0x00,0x00,0x00,0x00,0x00,0x00,0x00,0x00,0x00,0x00,
    0x00,0x00,0x00,0x00,0x00,0x00,0x31,0x34,0x31,0x34,0x31,0x34,0x00,0x00,0x00,0x00,
    0x00,0x00,0x00,0x00,0x00,0x00,0x00,0x00,0x00,0x00,0x00,0x00,0x00,0x00,0x00,0x00,
    0x00,0x00,0x00,0x00,0x00,0x00,0x00,0x00,0x00,0x00,0x00,0x00,0x00,0x00,0x00,0x00,
    0x00,0x00,0x00,0x00,0x00,0x00,0x00,0x00,0x00,0x00,0x00,0x00,0x00,0x00,0x00,0x00,
    0x00,0x00,0x00,0x00,0x00,0x00,0x00,0x00,0x00,0x00,0x00,0x00,0x00,0x00,0x00,0x00,
    0x00,0x00,0x00,0x00,0x00,0x00,0x00,0x00,0x00,0x00,0x00,0x00,0x00,0xFF,0xFF,0xFF,
    0xFF,0xFF,0xFF,0xFF,0xFF,0x00,0x00,0x00,0x00,0x00,0x00,0x00,0x00,0x00,0x00,0x00,
    0x00,0x00,0x00,0x00,0x00,0x00,0xFF,0xFF,0xFF,0xFF,0xFF,0xFF,0xFF,0xFF,0x00,0x00,
    0x00,0x00,0x00,0x00,0x00,0x00,0x00,0x00,0x00,0x00,0x00,0x00,0x00,0x00,0x00,0xFF,
    0xFF,0xFF,0xFF,0xFF,0xFF,0xFF,0xFF,0x00,0x00,0x00,0x00,0x00,0x00,0x00,0x00,0x00,
    0x00,0x00,0x00,0x00,0x00,0x00,0x00,0x00,0xFF,0xFF,0xFF,0xFF,0xFF,0xFF,0xFF,0xFF,
    0x00,0x00,0x00,0x00,0x00,0x00,0x00,0x00,0x00,0x00,0x00,0x00,0x00,0xFF,0xFF,0xFF,
    0xFF,0xFF,0xFF,0xFF,0xFF,0xFF,0xFF,0xFF,0xFF,0xFF,0xFF,0x00,0x00,0x00,0x00,0x00,
    0x00,0x00,0x00,0x00,0x00,0x00,0xFF,0xFF,0xFF,0xFF,0xFF,0xFF,0xFF,0xFF,0xFF,0xFF,
    0xFF,0xFF,0xFF,0xFF,0x00,0x00,0x00,0x00,0x00,0x00,0x00,0x00,0x00,0xFF,0xFF,0xFF,
    0xFF,0xFF,0xFF,0xFF,0xFF,0xFF,0xFF,0xFF,0xFF,0xFF,0xFF,0xFF,0xFF,0xFF,0x00,0x00,
    0x00,0x00,0x00,0x00,0x00,0x00,0xFF,0xFF,0xFF,0xFF,0xFF,0xFF,0xFF,0xFF,0xFF,0xFF,
    0xFF,0xFF,0xFF,0xFF,0xFF,0xFF,0xFF,0x00,0x00,0x00,0x00,0x00,0x00,0x00,0x00,0xFF,
    0xFF,0xFF,0xFF,0xFF,0xFF,0xFF,0xFF,0xFF,0xFF,0xFF,0xFF,0xFF,0xFF,0xFF,0xFF,0xFF,
    0x00,0x00,0x00,0x00,0x00,0x00,0x00,0x00,0xFF,0xFF,0xFF,0xFF,0xFF,0xFF,0xFF,0xFF,
    0xFF,0xFF,0xFF,0xFF,0xFF,0xFF,0xFF,0xFF,0xFF,0x00,0x00,0x00,0x00,0x00,0x00,0x00,
    0x00,0xFF,0xFF,0xFF,0xFF,0xFF,0xFF,0xFF,0xFF,0xFF,0xFF,0xFF,0xFF,0xFF,0xFF,0xFF,
    0xFF,0xFF,0x00,0x00,0x00,0x00,0x00,0x00,0x00,0x00,0xFF,0xFF,0xFF,0xFF,0xFF,0xFF,
    0xFF,0xFF,0xFF,0xFF,0xFF,0xFF,0xFF,0xFF,0xFF,0xFF,0xFF,0x00,0x00,0x00,0x00,0x00,
    0x00,0x00,0x00,0x00,0x00,0x00,0xFF,0xFF,0xFF,0xFF,0xFF,0xFF,0xFF,0xFF,0xFF,0xFF,
    0xFF,0xFF,0xFF,0x00,0x00,0x00,0x00,0x00,0x00,0x00,0x00,0x00,0x00,0x00,0x00,0xFF,
    0xFF,0xFF,0xFF,0xFF,0xFF,0xFF,0xFF,0xFF,0xFF,0xFF,0xFF,0xFF,0x00,0x00,0x00,0x00,
    0x00,0x00,0x00,0x00,0x00,0x00,0x00,0x00,0xFF,0xFF,0xFF,0xFF,0xFF,0xFF,0xFF,0xFF,
    0xFF,0xFF,0xFF,0xFF,0xFF,0xFF,0x00,0x00,0x00,0x00,0x00,0x00,0x00,0x00,0x00,0x00,
    0x00,0x00,0x00,0xFF,0xFF,0xFF,0xFF,0xFF,0xFF,0xFF,0xFF,0xFF,0xFF,0xFF,0xFF,0x00,
    0x00,0x00,0x00,0x00,0x00,0x00,0x00,0x00,0x00,0x00,0x00,0x00,0xFF,0xFF,0xFF,0xFF,
    0xFF,0xFF,0xFF,0xFF,0xFF,0xFF,0xFF,0xFF,0x00,0x00,0x00,0x00,0x00,0x00,0x00,0x00,
    0x00,0x00,0x00,0x00,0x00,0xFF,0xFF,0xFF,0xFF,0xFF,0xFF,0x00,0x00,0xFF,0xFF,0xFF,
    0xFF,0xFF,0xFF,0x00,0x00,0x00,0x00,0x00,0x00,0x00,0x00,0x00,0x00,0x00,0x00,0xFF,
    0xFF,0xFF,0xFF,0xFF,0xFF,0xFF,0x00,0xFF,0xFF,0xFF,0xFF,0xFF,0x00,0x00,0x00,0x00,
    0x00,0x00,0x00,0x00,0x00,0x00,0x00,0x00,0xFF,0xFF,0xFF,0xFF,0xFF,0xFF,0xFF,0x00,
    0xFF,0xFF,0xFF,0xFF,0xFF,0x00,0x00,0x00,0x00,0x00,0x00,0x00,0x00,0x00,0x00,0x00,
    0x00,0x00,0x00,0xFF,0xFF,0xFF,0xFF,0xFF,0x00,0xFF,0xFF,0xFF,0x00,0x00,0x00,0x00,
    0x00,0x00,0x00,0x00,0x00,0x00,0x00,0x00,0x00,0x00,0x00,0x00,0xFF,0xFF,0xFF,0x00,
    0x00,0x00,0x00,0x00,0x00,0x00,0x00,0x00,0x00,0x00,0x00,0x00,0x00,0x00,0x00,0x00,
    0x00,0x00,0x00,0x00,0x00,0xFF,0xFF,0xFF,0x00,0x00,0x00,0x00,0x00,0x00,0x00,0x00,
    0x00,0x00,0x00,
};
const lv_image_dsc_t ui_img_jump_prince_player_r6 = {
    .header.w = 25,
    .header.h = 25,
    .data_size = sizeof(ui_img_jump_prince_player_r6_data),
    .header.cf = LV_COLOR_FORMAT_NATIVE_WITH_ALPHA,
    .header.magic = LV_IMAGE_HEADER_MAGIC,
    .data = ui_img_jump_prince_player_r6_data
};

const LV_ATTRIBUTE_MEM_ALIGN uint8_t ui_img_jump_prince_player_l6_data[] = {
    0x00,0x00,0x00,0x00,0x00,0x00,0x00,0x00,0x00,0x00,0x00,0x00,0x00,0x00,0x00,0x00,
    0x00,0x00,0x00,0x00,0x00,0x00,0x00,0x00,0x00,0x00,0x00,0x00,0x00,0x00,0x00,0x00,
    0x00,0x00,0x00,0x00,0x00,0x00,0x00,0x00,0x00,0x00,0x00,0x00,0x00,0x00,0x00,0x00,
    0x00,0x00,0x00,0x00,0x00,0x00,0x00,0x00,0x00,0x00,0x00,0x00,0x00,0x00,0x00,0x00,
    0x00,0x00,0x00,0x00,0x00,0x00,0x00,0x00,0x00,0x00,0x00,0x00,0x00,0x00,0x00,0x00,
    0x00,0x00,0x00,0x00,0x00,0x00,0x00,0x00,0x00,0x00,0x00,0x00,0x00,0x00,0x00,0x00,
    0x00,0x00,0x00,0x00,0x00,0x00,0x00,0x00,0x00,0x00,0x00,0x00,0x00,0x00,0x00,0x00,
    0x00,0x00,0x00,0x00,0x31,0x34,0x2B,0x5E,0x2B,0x5E,0x2B,0x5E,0x2B,0x5E,0x2B,0x5E,
    0x31,0x34,0x31,0x34,0x00,0x00,0x00,0x00,0x00,0x00,0x00,0x00,0x00,0x00,0x00,0x00,
    0x00,0x00,0x00,0x00,0x00,0x00,0x00,0x00,0x00,0x00,0x00,0x00,0x00,0x00,0x00,0x00,
    0x00,0x00,0x00,0x00,0x00,0x00,0x31,0x34,0x2B,0x5E,0x2B,0x5E,0x2B,0x5E,0x2B,0x5E,
    0x2B,0x5E,0x31,0x34,0x31,0x34,0x00,0x00,0x00,0x00,0x00,0x00,0x00,0x00,0x00,0x00,
    0x00,0x00,0x00,0x00,0x00,0x00,0x00,0x00,0x00,0x00,0x00,0x00,0x00,0x00,0x00,0x00,
    0x00,0x00,0x00,0x00,0x00,0x00,0x00,0x00,0x31,0x34,0x2B,0x5E,0x2B,0x5E,0x2B,0x5E,
    0x2B,0x5E,0x2B,0x5E,0x31,0x34,0x31,0x34,0x00,0x00,0x00,0x00,0x00,0x00,0x00,0x00,
    0x00,0x00,0x00,0x00,0x00,0x00,0x00,0x00,0x00,0x00,0x00,0x00,0x00,0x00,0x00,0x00,
    0x00,0x00,0x00,0x00,0x00,0x00,0x00,0x00,0x00,0x00,0x31,0x34,0xAE,0x21,0xAE,0x21,
    0xAE,0x21,0xAE,0x21,0x2B,0x5E,0x31,0x34,0x31,0x34,0x00,0x00,0x00,0x00,0x00,0x00,
    0x00,0x00,0x00,0x00,0x00,0x00,0x00,0x00,0x00,0x00,0x00,0x00,0x00,0x00,0x00,0x00,
    0x00,0x00,0x00,0x00,0x00,0x00,0x00,0x00,0x31,0x34,0x31,0x34,0x31,0x34,0xAE,0x21,
    0xAE,0x21,0x2B,0x5E,0x2B,0x5E,0x2B,0x5E,0x31,0x34,0x31,0x34,0xAE,0x21,0x31,0x34,
    0x31,0x34,0x31,0x34,0x00,0x00,0x00,0x00,0x00,0x00,0x00,0x00,0x00,0x00,0x00,0x00,
    0x00,0x00,0x00,0x00,0x00,0x00,0x00,0x00,0x00,0x00,0x31,0x34,0x31,0x34,0x31,0x34,
    0xAE,0x21,0xAE,0x21,0x2B,0x5E,0x2B,0x5E,0x2B,0x5E,0x31,0x34,0x31,0x34,0xAE,0x21,
    0x31,0x34,0x31,0x34,0x31,0x34,0x00,0x00,0x00,0x00,0x00,0x00,0x00,0x00,0x00,0x00,
    0x00,0x00,0x00,0x00,0x00,0x00,0x00,0x00,0x00,0x00,0x31,0x34,0x31,0x34,0x31,0x34,
    0x31,0x34,0x2B,0x5E,0x2B,0x5E,0x2B,0x5E,0x2B,0x5E,0x31,0x34,0xAE,0x21,0xAE,0x21,
    0xAE,0x21,0x31,0x34,0x31,0x34,0x31,0x34,0x31,0x34,0x31,0x34,0x00,0x00,0x00,0x00,
    0x00,0x00,0x00,0x00,0x00,0x00,0x00,0x00,0x00,0x00,0x00,0x00,0xAE,0x21,0xAE,0x21,
    0xAE,0x21,0xAE,0x21,0xAE,0x21,0xAE,0x21,0xAE,0x21,0xAE,0x21,0xAE,0x21,0xAE,0x21,
    0xAE,0x21,0xAE,0x21,0xAE,0x21,0xAE,0x21,0xAE,0x21,0xAE,0x21,0xAE,0x21,0x00,0x00,
    0x00,0x00,0x00,0x00,0x00,0x00,0x00,0x00,0x00,0x00,0x00,0x00,0x00,0x00,0xAE,0x21,
    0xAE,0x21,0xAE,0x21,0xAE,0x21,0xAE,0x21,0xAE,0x21,0xAE,0x21,0xAE,0x21,0xAE,0x21,
    0xAE,0x21,0xAE,0x21,0xAE,0x21,0xAE,0x21,0xAE,0x21,0xAE,0x21,0xAE,0x21,0xAE,0x21,
    0x00,0x00,0x00,0x00,0x00,0x00,0x00,0x00,0x00,0x00,0x00,0x00,0x00,0x00,0x00,0x00,
    0x2B,0x5E,0xAE,0x21,0xAE,0x21,0xAE,0x21,0xAE,0x21,0xAE,0x21,0xAE,0x21,0xAE,0x21,
    0xAE,0x21,0xAE,0x21,0xAE,0x21,0xAE,0x21,0xAE,0x21,0xAE,0x21,0x2B,0x5E,0x2B,0x5E,
    0x2B,0x5E,0x00,0x00,0x00,0x00,0x00,0x00,0x00,0x00,0x00,0x00,0x00,0x00,0x00,0x00,
    0x00,0x00,0x2B,0x5E,0xAE,0x21,0xAE,0x21,0xAE,0x21,0xAE,0x21,0xAE,0x21,0xAE,0x21,
    0xAE,0x21,0xAE,0x21,0xAE,0x21,0xAE,0x21,0xAE,0x21,0xAE,0x21,0xAE,0x21,0x2B,0x5E,
    0x2B,0x5E,0x2B,0x5E,0x00,0x00,0x00,0x00,0x00,0x00,0x00,0x00,0x00,0x00,0x00,0x00,
    0x00,0x00,0x00,0x00,0x2B,0x5E,0xAE,0x21,0xAE,0x21,0xAE,0x21,0xAE,0x21,0xAE,0x21,
    0xAE,0x21,0xAE,0x21,0xAE,0x21,0xAE,0x21,0xAE,0x21,0xAE,0x21,0xAE,0x21,0xAE,0x21,
    0x2B,0x5E,0x2B,0x5E,0x2B,0x5E,0x00,0x00,0x00,0x00,0x00,0x00,0x00,0x00,0x00,0x00,
    0x00,0x00,0x00,0x00,0x00,0x00,0x00,0x00,0x31,0x34,0x31,0x34,0x31,0x34,0xAE,0x21,
    0xAE,0x21,0xAE,0x21,0xAE,0x21,0xAE,0x21,0xAE,0x21,0xAE,0x21,0xAE,0x21,0xAE,0x21,
    0xAE,0x21,0x00,0x00,0x00,0x00,0x00,0x00,0x00,0x00,0x00,0x00,0x00,0x00,0x00,0x00,
    0x00,0x00,0x00,0x00,0x00,0x00,0x00,0x00,0x00,0x00,0x31,0x34,0x31,0x34,0x31,0x34,
    0xAE,0x21,0xAE,0x21,0xAE,0x21,0xAE,0x21,0xAE,0x21,0xAE,0x21,0xAE,0x21,0xAE,0x21,
    0xAE,0x21,0xAE,0x21,0x00,0x00,0x00,0x00,0x00,0x00,0x00,0x00,0x00,0x00,0x00,0x00,
    0x00,0x00,0x00,0x00,0x00,0x00,0x00,0x00,0x00,0x00,0xAE,0x21,0x31,0x34,0x31,0x34,
    0x31,0x34,0xAE,0x21,0xAE,0x21,0x31,0x34,0x31,0x34,0x31,0x34,0xAE,0x21,0xAE,0x21,
    0xAE,0x21,0xAE,0x21,0xAE,0x21,0x00,0x00,0x00,0x00,0x00,0x00,0x00,0x00,0x00,0x00,
    0x00,0x00,0x00,0x00,0x00,0x00,0x00,0x00,0x00,0x00,0x00,0x00,0xAE,0x21,0xAE,0x21,
    0xAE,0x21,0xAE,0x21,0xAE,0x21,0xAE,0x21,0x31,0x34,0x31,0x34,0x31,0x34,0xAE,0x21,
    0xAE,0x21,0xAE,0x21,0x00,0x00,0x00,0x00,0x00,0x00,0x00,0x00,0x00,0x00,0x00,0x00,
    0x00,0x00,0x00,0x00,0x00,0x00,0x00,0x00,0x00,0x00,0x00,0x00,0x00,0x00,0xAE,0x21,
    0xAE,0x21,0xAE,0x21,0xAE,0x21,0xAE,0x21,0xAE,0x21,0x31,0x34,0x31,0x34,0x31,0x34,
    0xAE,0x21,0xAE,0x21,0xAE,0x21,0x00,0x00,0x00,0x00,0x00,0x00,0x00,0x00,0x00,0x00,
    0x00,0x00,0x00,0x00,0x00,0x00,0x00,0x00,0x00,0x00,0x00,0x00,0x31,0x34,0x31,0x34,
    0x31,0x34,0xAE,0x21,0xAE,0x21,0xAE,0x21,0x00,0x00,0x00,0x00,0xAE,0x21,0xAE,0x21,
    0xAE,0x21,0xAE,0x21,0xAE,0x21,0xAE,0x21,0x00,0x00,0x00,0x00,0x00,0x00,0x00,0x00,
    0x00,0x00,0x00,0x00,0x00,0x00,0x00,0x00,0x00,0x00,0x00,0x00,0x00,0x00,0x31,0x34,
    0x31,0x34,0x31,0x34,0x31,0x34,0x31,0x34,0x00,0x00,0x31,0x34,0x31,0x34,0x31,0x34,
    0x31,0x34,0xAE,0x21,0xAE,0x21,0xAE,0x21,0x00,0x00,0x00,0x00,0x00,0x00,0x00,0x00,
    0x00,0x00,0x00,0x00,0x00,0x00,0x00,0x00,0x00,0x00,0x00,0x00,0x00,0x00,0x00,0x00,
    0x31,0x34,0x31,0x34,0x31,0x34,0x31,0x34,0x31,0x34,0x00,0x00,0x31,0x34,0x31,0x34,
    0x31,0x34,0x31,0x34,0xAE,0x21,0xAE,0x21,0xAE,0x21,0x00,0x00,0x00,0x00,0x00,0x00,
    0x00,0x00,0x00,0x00,0x00,0x00,0x00,0x00,0x00,0x00,0x00,0x00,0x00,0x00,0x00,0x00,
    0x00,0x00,0x00,0x00,0x00,0x00,0x31,0x34,0x31,0x34,0x31,0x34,0x00,0x00,0x31,0x34,
    0x31,0x34,0x31,0x34,0x31,0x34,0x31,0x34,0x00,0x00,0x00,0x00,0x00,0x00,0x00,0x00,
    0x00,0x00,0x00,0x00,0x00,0x00,0x00,0x00,0x00,0x00,0x00,0x00,0x00,0x00,0x00,0x00,
    0x00,0x00,0x00,0x00,0x00,0x00,0x00,0x00,0x00,0x00,0x00,0x00,0x00,0x00,0x00,0x00,
    0x00,0x00,0x00,0x00,0x31,0x34,0x31,0x34,0x31,0x34,0x00,0x00,0x00,0x00,0x00,0x00,
    0x00,0x00,0x00,0x00,0x00,0x00,0x00,0x00,0x00,0x00,0x00,0x00,0x00,0x00,0x00,0x00,
    0x00,0x00,0x00,0x00,0x00,0x00,0x00,0x00,0x00,0x00,0x00,0x00,0x00,0x00,0x00,0x00,
    0x00,0x00,0x00,0x00,0x00,0x00,0x31,0x34,0x31,0x34,0x31,0x34,0x00,0x00,0x00,0x00,
    0x00,0x00,0x00,0x00,0x00,0x00,0x00,0x00,0x00,0x00,0x00,0x00,0x00,0x00,0x00,0x00,
    0x00,0x00,0x00,0x00,0x00,0x00,0x00,0x00,0x00,0x00,0x00,0x00,0x00,0x00,0x00,0x00,
    0x00,0x00,0x00,0x00,0x00,0x00,0x00,0x00,0x00,0x00,0x00,0x00,0x00,0x00,0x00,0x00,
    0x00,0x00,0x00,0x00,0x00,0x00,0x00,0x00,0x00,0x00,0x00,0x00,0x00,0x00,0x00,0x00,
    0x00,0x00,0x00,0x00,0x00,0x00,0x00,0x00,0x00,0x00,0x00,0x00,0xFF,0xFF,0xFF,0xFF,
    0xFF,0xFF,0xFF,0xFF,0x00,0x00,0x00,0x00,0x00,0x00,0x00,0x00,0x00,0x00,0x00,0x00,
    0x00,0x00,0x00,0x00,0x00,0xFF,0xFF,0xFF,0xFF,0xFF,0xFF,0xFF,0xFF,0x00,0x00,0x00,
    0x00,0x00,0x00,0x00,0x00,0x00,0x00,0x00,0x00,0x00,0x00,0x00,0x00,0x00,0xFF,0xFF,
    0xFF,0xFF,0xFF,0xFF,0xFF,0xFF,0x00,0x00,0x00,0x00,0x00,0x00,0x00,0x00,0x00,0x00,
    0x00,0x00,0x00,0x00,0x00,0x00,0x00,0xFF,0xFF,0xFF,0xFF,0xFF,0xFF,0xFF,0xFF,0x00,
    0x00,0x00,0x00,0x00,0x00,0x00,0x00,0x00,0x00,0x00,0x00,0x00,0x00,0x00,0xFF,0xFF,
    0xFF,0xFF,0xFF,0xFF,0xFF,0xFF,0xFF,0xFF,0xFF,0xFF,0xFF,0xFF,0x00,0x00,0x00,0x00,
    0x00,0x00,0x00,0x00,0x00,0x00,0x00,0xFF,0xFF,0xFF,0xFF,0xFF,0xFF,0xFF,0xFF,0xFF,
    0xFF,0xFF,0xFF,0xFF,0xFF,0x00,0x00,0x00,0x00,0x00,0x00,0x00,0x00,0x00,0x00,0xFF,
    0xFF,0xFF,0xFF,0xFF,0xFF,0xFF,0xFF,0xFF,0xFF,0xFF,0xFF,0xFF,0xFF,0xFF,0xFF,0xFF,
    0x00,0x00,0x00,0x00,0x00,0x00,0x00,0x00,0xFF,0xFF,0xFF,0xFF,0xFF,0xFF,0xFF,0xFF,
    0xFF,0xFF,0xFF,0xFF,0xFF,0xFF,0xFF,0xFF,0xFF,0x00,0x00,0x00,0x00,0x00,0x00,0x00,
    0x00,0xFF,0xFF,0xFF,0xFF,0xFF,0xFF,0xFF,0xFF,0xFF,0xFF,0xFF,0xFF,0xFF,0xFF,0xFF,
    0xFF,0xFF,0x00,0x00,0x00,0x00,0x00,0x00,0x00,0x00,0xFF,0xFF,0xFF,0xFF,0xFF,0xFF,
    0xFF,0xFF,0xFF,0xFF,0xFF,0xFF,0xFF,0xFF,0xFF,0xFF,0xFF,0x00,0x00,0x00,0x00,0x00,
    0x00,0x00,0x00,0xFF,0xFF,0xFF,0xFF,0xFF,0xFF,0xFF,0xFF,0xFF,0xFF,0xFF,0xFF,0xFF,
    0xFF,0xFF,0xFF,0xFF,0x00,0x00,0x00,0x00,0x00,0x00,0x00,0x00,0xFF,0xFF,0xFF,0xFF,
    0xFF,0xFF,0xFF,0xFF,0xFF,0xFF,0xFF,0xFF,0xFF,0xFF,0xFF,0xFF,0xFF,0x00,0x00,0x00,
    0x00,0x00,0x00,0x00,0x00,0x00,0xFF,0xFF,0xFF,0xFF,0xFF,0xFF,0xFF,0xFF,0xFF,0xFF,
    0xFF,0xFF,0xFF,0x00,0x00,0x00,0x00,0x00,0x00,0x00,0x00,0x00,0x00,0x00,0x00,0xFF,
    0xFF,0xFF,0xFF,0xFF,0xFF,0xFF,0xFF,0xFF,0xFF,0xFF,0xFF,0xFF,0x00,0x00,0x00,0x00,
    0x00,0x00,0x00,0x00,0x00,0x00,0x00,0xFF,0xFF,0xFF,0xFF,0xFF,0xFF,0xFF,0xFF,0xFF,
    0xFF,0xFF,0xFF,0xFF,0xFF,0x00,0x00,0x00,0x00,0x00,0x00,0x00,0x00,0x00,0x00,0x00,
    0xFF,0xFF,0xFF,0xFF,0xFF,0xFF,0xFF,0xFF,0xFF,0xFF,0xFF,0xFF,0x00,0x00,0x00,0x00,
    0x00,0x00,0x00,0x00,0x00,0x00,0x00,0x00,0x00,0xFF,0xFF,0xFF,0xFF,0xFF,0xFF,0xFF,
    0xFF,0xFF,0xFF,0xFF,0xFF,0x00,0x00,0x00,0x00,0x00,0x00,0x00,0x00,0x00,0x00,0x00,
    0xFF,0xFF,0xFF,0xFF,0xFF,0xFF,0x00,0x00,0xFF,0xFF,0xFF,0xFF,0xFF,0xFF,0x00,0x00,
    0x00,0x00,0x00,0x00,0x00,0x00,0x00,0x00,0x00,0xFF,0xFF,0xFF,0xFF,0xFF,0x00,0xFF,
    0xFF,0xFF,0xFF,0xFF,0xFF,0xFF,0x00,0x00,0x00,0x00,0x00,0x00,0x00,0x00,0x00,0x00,
    0x00,0x00,0xFF,0xFF,0xFF,0xFF,0xFF,0x00,0xFF,0xFF,0xFF,0xFF,0xFF,0xFF,0xFF,0x00,
    0x00,0x00,0x00,0x00,0x00,0x00,0x00,0x00,0x00,0x00,0x00,0x00,0x00,0xFF,0xFF,0xFF,
    0x00,0xFF,0xFF,0xFF,0xFF,0xFF,0x00,0x00,0x00,0x00,0x00,0x00,0x00,0x00,0x00,0x00,
    0x00,0x00,0x00,0x00,0x00,0x00,0x00,0x00,0x00,0x00,0x00,0x00,0xFF,0xFF,0xFF,0x00,
    0x00,0x00,0x00,0x00,0x00,0x00,0x00,0x00,0x00,0x00,0x00,0x00,0x00,0x00,0x00,0x00,
    0x00,0x00,0x00,0x00,0x00,0xFF,0xFF,0xFF,0x00,0x00,0x00,0x00,0x00,0x00,0x00,0x00,
    0x00,0x00,0x00,
};
const lv_image_dsc_t ui_img_jump_prince_player_l6 = {
    .header.w = 25,
    .header.h = 25,
    .data_size = sizeof(ui_img_jump_prince_player_l6_data),
    .header.cf = LV_COLOR_FORMAT_NATIVE_WITH_ALPHA,
    .header.magic = LV_IMAGE_HEADER_MAGIC,
    .data = ui_img_jump_prince_player_l6_data
};

const LV_ATTRIBUTE_MEM_ALIGN uint8_t ui_img_jump_prince_tile_0_0_data[] = {
    0x31,0x34,0x31,0x34,0x2B,0x5E,0x2B,0x5E,0x2B,0x5E,0x2B,0x5E,0x2B,0x5E,0x2B,0x5E,
    0x2B,0x5E,0x2B,0x5E,0x2B,0x5E,0x2B,0x5E,0x2B,0x5E,0x2B,0x5E,0x2B,0x5E,0x2B,0x5E,
    0x2B,0x5E,0x2B,0x5E,0x2B,0x5E,0x2B,0x5E,0x2B,0x5E,0x2B,0x5E,0x2B,0x5E,0x31,0x34,
    0x31,0x34,0x31,0x34,0x31,0x34,0x2B,0x5E,0x2B,0x5E,0x2B,0x5E,0x2B,0x5E,0x2B,0x5E,
    0x2B,0x5E,0x2B,0x5E,0x2B,0x5E,0x2B,0x5E,0x2B,0x5E,0x2B,0x5E,0x2B,0x5E,0x2B,0x5E,
    0x2B,0x5E,0x2B,0x5E,0x2B,0x5E,0x2B,0x5E,0x2B,0x5E,0x2B,0x5E,0x2B,0x5E,0x2B,0x5E,
    0x31,0x34,0x31,0x34,0x31,0x34,0x31,0x34,0x31,0x34,0x31,0x34,0x31,0x34,0x31,0x34,
    0x31,0x34,0x31,0x34,0x31,0x34,0x31,0x34,0x31,0x34,0x2B,0x5E,0x2B,0x5E,0x2B,0x5E,
    0x31,0x34,0x31,0x34,0x31,0x34,0x31,0x34,0x31,0x34,0x31,0x34,0x31,0x34,0x31,0x34,
    0x31,0x34,0x2B,0x5E,0x2B,0x5E,0x31,0x34,0x31,0x34,0x31,0x34,0x31,0x34,0x31,0x34,
    0x31,0x34,0x31,0x34,0x31,0x34,0x31,0x34,0x31,0x34,0x31,0x34,0x31,0x34,0x31,0x34,
    0x31,0x34,0x31,0x34,0x31,0x34,0x31,0x34,0x31,0x34,0x31,0x34,0x31,0x34,0x31,0x34,
    0x31,0x34,0x31,0x34,0x31,0x34,0x31,0x34,0x31,0x34,0x31,0x34,0x31,0x34,0x31,0x34,
    0x31,0x34,0x31,0x34,0x31,0x34,0x31,0x34,0x31,0x34,0x31,0x34,0x31,0x34,0x31,0x34,
    0x31,0x34,0x31,0x34,0x31,0x34,0x31,0x34,0x31,0x34,0x31,0x34,0x31,0x34,0x31,0x34,
    0x31,0x34,0x31,0x34,0x31,0x34,0x31,0x34,0x31,0x34,0x2B,0x5E,0x2B,0x5E,0x31,0x34,
    0x31,0x34,0x31,0x34,0x31,0x34,0x31,0x34,0x31,0x34,0x31,0x34,0x2B,0x5E,0x2B,0x5E,
    0x31,0x34,0x31,0x34,0x31,0x34,0x31,0x34,0x31,0x34,0x31,0x34,0x31,0x34,0x31,0x34,
    0x31,0x34,0x31,0x34,0x31,0x34,0x2B,0x5E,0x31,0x34,0x31,0x34,0x25,0x08,0x25,0x08,
    0x25,0x08,0x25,0x08,0x25,0x08,0x25,0x08,0x25,0x08,0x25,0x08,0x25,0x08,0x25,0x08,
    0x25,0x08,0x25,0x08,0x25,0x08,0x25,0x08,0x25,0x08,0x25,0x08,0x25,0x08,0x25,0x08,
    0x25,0x08,0x25,0x08,0x25,0x08,0x25,0x08,0x25,0x08,0x25,0x08,0x25,0x08,0x25,0x08,
    0x25,0x08,0x25,0x08,0x25,0x08,0x25,0x08,0x25,0x08,0x25,0x08,0x25,0x08,0x25,0x08,
    0x25,0x08,0x25,0x08,0x25,0x08,0x25,0x08,0x25,0x08,0x25,0x08,0x25,0x08,0x25,0x08,
    0x25,0x08,0x25,0x08,0x25,0x08,0x25,0x08,0x25,0x08,0x25,0x08,0x25,0x08,0x25,0x08,
    0x31,0x34,0x31,0x34,0x31,0x34,0x2B,0x5E,0x2B,0x5E,0x31,0x34,0xAE,0x21,0xAE,0x21,
    0x31,0x34,0x2B,0x5E,0x2B,0x5E,0x2B,0x5E,0x2B,0x5E,0x2B,0x5E,0x2B,0x5E,0x2B,0x5E,
    0x31,0x34,0xAE,0x21,0xAE,0x21,0xAE,0x21,0x31,0x34,0x31,0x34,0x2B,0x5E,0x2B,0x5E,
    0x2B,0x5E,0x31,0x34,0x31,0x34,0x31,0x34,0x2B,0x5E,0x2B,0x5E,0x2B,0x5E,0xAE,0x21,
    0xAE,0x21,0x2B,0x5E,0x2B,0x5E,0x2B,0x5E,0x2B,0x5E,0x2B,0x5E,0x2B,0x5E,0x2B,0x5E,
    0x2B,0x5E,0x2B,0x5E,0x2B,0x5E,0x2B,0x5E,0xAE,0x21,0x2B,0x5E,0x2B,0x5E,0x2B,0x5E,
    0x2B,0x5E,0x2B,0x5E,0x31,0x34,0x31,0x34,0x31,0x34,0x2B,0x5E,0x2B,0x5E,0x2B,0x5E,
    0xAE,0x21,0xAE,0x21,0x2B,0x5E,0x2B,0x5E,0x2B,0x5E,0x2B,0x5E,0x2B,0x5E,0x2B,0x5E,
    0x2B,0x5E,0x2B,0x5E,0x2B,0x5E,0x2B,0x5E,0x2B,0x5E,0xAE,0x21,0x2B,0x5E,0x2B,0x5E,
    0x2B,0x5E,0x2B,0x5E,0x2B,0x5E,0x31,0x34,0x31,0x34,0x2B,0x5E,0x2B,0x5E,0x2B,0x5E,
    0x2B,0x5E,0xAE,0x21,0xAE,0x21,0x2B,0x5E,0x2B,0x5E,0x2B,0x5E,0x2B,0x5E,0x2B,0x5E,
    0x2B,0x5E,0x2B,0x5E,0x2B,0x5E,0x2B,0x5E,0x2B,0x5E,0x2B,0x5E,0xAE,0x21,0x2B,0x5E,
    0x2B,0x5E,0x2B,0x5E,0x2B,0x5E,0x2B,0x5E,0x31,0x34,0x31,0x34,0x2B,0x5E,0x2B,0x5E,
    0x2B,0x5E,0x2B,0x5E,0xAE,0x21,0xAE,0x21,0x2B,0x5E,0x2B,0x5E,0x2B,0x5E,0x2B,0x5E,
    0x2B,0x5E,0x2B,0x5E,0x2B,0x5E,0x2B,0x5E,0x2B,0x5E,0x2B,0x5E,0x2B,0x5E,0xAE,0x21,
    0x2B,0x5E,0x2B,0x5E,0x2B,0x5E,0x2B,0x5E,0x2B,0x5E,0x25,0x08,0x25,0x08,0x25,0x08,
    0xAE,0x21,0xAE,0x21,0xAE,0x21,0xAE,0x21,0xAE,0x21,0xAE,0x21,0xAE,0x21,0xAE,0x21,
    0xAE,0x21,0xAE,0x21,0xAE,0x21,0xAE,0x21,0xAE,0x21,0xAE,0x21,0xAE,0x21,0xAE,0x21,
    0xAE,0x21,0xAE,0x21,0xAE,0x21,0xAE,0x21,0xAE,0x21,0xAE,0x21,0xAE,0x21,0xAE,0x21,
    0x31,0x34,0x31,0x34,0x31,0x34,0x31,0x34,0x31,0x34,0x31,0x34,0x31,0x34,0x31,0x34,
    0x31,0x34,0x31,0x34,0x31,0x34,0xAE,0x21,0x31,0x34,0x31,0x34,0x31,0x34,0x31,0x34,
    0x31,0x34,0x31,0x34,0x31,0x34,0x31,0x34,0x31,0x34,0xAE,0x21,0xAE,0x21,0xAE,0x21,
    0xAE,0x21,0x31,0x34,0x31,0x34,0x31,0x34,0x31,0x34,0x31,0x34,0x31,0x34,0x31,0x34,
    0x31,0x34,0x31,0x34,0x31,0x34,0x31,0x34,0xAE,0x21,0x31,0x34,0x31,0x34,0x31,0x34,
    0x31,0x34,0x31,0x34,0x31,0x34,0x31,0x34,0x31,0x34,0x31,0x34,0xAE,0x21,0xAE,0x21,
    0xAE,0x21,0xAE,0x21,0x2B,0x5E,0x31,0x34,0x31,0x34,0x31,0x34,0x31,0x34,0x31,0x34,
    0x31,0x34,0x31,0x34,0x31,0x34,0x31,0x34,0x31,0x34,0xAE,0x21,0x31,0x34,0x31,0x34,
    0x31,0x34,0x31,0x34,0x31,0x34,0x31,0x34,0x31,0x34,0x31,0x34,0x31,0x34,0xAE,0x21,
    0xAE,0x21,0xAE,0x21,0xAE,0x21,0x31,0x34,0x31,0x34,0x31,0x34,0x31,0x34,0x31,0x34,
    0x31,0x34,0x31,0x34,0x31,0x34,0x31,0x34,0xAE,0x21,0xAE,0x21,0xAE,0x21,0x31,0x34,
    0x31,0x34,0x31,0x34,0x31,0x34,0x31,0x34,0x31,0x34,0x31,0x34,0x31,0x34,0xAE,0x21,
    0xAE,0x21,0xAE,0x21,0xAE,0x21,0xAE,0x21,0x31,0x34,0x31,0x34,0x31,0x34,0x31,0x34,
    0x31,0x34,0x31,0x34,0x31,0x34,0x31,0x34,0x31,0x34,0xAE,0x21,0xAE,0x21,0xAE,0x21,
    0x31,0x34,0x31,0x34,0x31,0x34,0x31,0x34,0x31,0x34,0x31,0x34,0x31,0x34,0x31,0x34,
    0xAE,0x21,0xAE,0x21,0xAE,0x21,0x25,0x08,0x25,0x08,0xAE,0x21,0xAE,0x21,0xAE,0x21,
    0xAE,0x21,0x25,0x08,0x25,0x08,0x25,0x08,0xAE,0x21,0xAE,0x21,0xAE,0x21,0xAE,0x21,
    0xAE,0x21,0xAE,0x21,0xAE,0x21,0x25,0x08,0x25,0x08,0x25,0x08,0x25,0x08,0x25,0x08,
    0x25,0x08,0x25,0x08,0x25,0x08,0x25,0x08,0x2B,0x5E,0x2B,0x5E,0x31,0x34,0x31,0x34,
    0x31,0x34,0x25,0x08,0x31,0x34,0x31,0x34,0x31,0x34,0x31,0x34,0x31,0x34,0x31,0x34,
    0x31,0x34,0x31,0x34,0x31,0x34,0x31,0x34,0x31,0x34,0x31,0x34,0x31,0x34,0x25,0x08,
    0xAE,0x21,0xAE,0x21,0xAE,0x21,0xAE,0x21,0xAE,0x21,0x2B,0x5E,0x2B,0x5E,0x31,0x34,
    0x31,0x34,0x31,0x34,0x25,0x08,0x31,0x34,0x31,0x34,0x31,0x34,0x31,0x34,0x31,0x34,
    0x31,0x34,0x31,0x34,0x31,0x34,0x31,0x34,0x31,0x34,0x31,0x34,0x31,0x34,0x31,0x34,
    0x25,0x08,0xAE,0x21,0xAE,0x21,0xAE,0x21,0xAE,0x21,0xAE,0x21,0x2B,0x5E,0x2B,0x5E,
    0x31,0x34,0x31,0x34,0x31,0x34,0xAE,0x21,0x31,0x34,0x31,0x34,0x31,0x34,0x31,0x34,
    0x31,0x34,0x31,0x34,0x31,0x34,0x31,0x34,0x31,0x34,0x31,0x34,0x31,0x34,0x31,0x34,
    0x31,0x34,0x25,0x08,0xAE,0x21,0xAE,0x21,0xAE,0x21,0xAE,0x21,0xAE,0x21,0x31,0x34,
    0x31,0x34,0x31,0x34,0x31,0x34,0x31,0x34,0xAE,0x21,0xAE,0x21,0xAE,0x21,0x31,0x34,
    0x31,0x34,0x31,0x34,0x31,0x34,0x31,0x34,0x31,0x34,0x31,0x34,0x31,0x34,0x31,0x34,
    0xAE,0x21,0xAE,0x21,0x25,0x08,0xAE,0x21,0xAE,0x21,0xAE,0x21,0xAE,0x21,0xAE,0x21,
    0x31,0x34,0x31,0x34,0x31,0x34,0x31,0x34,0x31,0x34,0xAE,0x21,0xAE,0x21,0xAE,0x21,
    0x31,0x34,0x31,0x34,0x31,0x34,0x31,0x34,0x31,0x34,0x31,0x34,0x31,0x34,0x31,0x34,
    0x31,0x34,0xAE,0x21,0xAE,0x21,0x25,0x08,0xAE,0x21,0xAE,0x21,0xAE,0x21,0xAE,0x21,
    0xAE,0x21,0xFF,0xFF,0xFF,0xFF,0xFF,0xFF,0xFF,0xFF,0xFF,0xFF,0xFF,0xFF,0xFF,0xFF,
    0xFF,0xFF,0xFF,0xFF,0xFF,0xFF,0xFF,0xFF,0xFF,0xFF,0xFF,0xFF,0xFF,0xFF,0xFF,0xFF,
    0xFF,0xFF,0xFF,0xFF,0xFF,0xFF,0xFF,0xFF,0xFF,0xFF,0xFF,0xFF,0xFF,0xFF,0xFF,0xFF,
    0xFF,0xFF,0xFF,0xFF,0xFF,0xFF,0xFF,0xFF,0xFF,0xFF,0xFF,0xFF,0xFF,0xFF,0xFF,0xFF,
    0xFF,0xFF,0xFF,0xFF,0xFF,0xFF,0xFF,0xFF,0xFF,0xFF,0xFF,0xFF,0xFF,0xFF,0xFF,0xFF,
    0xFF,0xFF,0xFF,0xFF,0xFF,0xFF,0xFF,0xFF,0xFF,0xFF,0xFF,0xFF,0xFF,0xFF,0xFF,0xFF,
    0xFF,0xFF,0xFF,0xFF,0xFF,0xFF,0xFF,0xFF,0xFF,0xFF,0xFF,0xFF,0xFF,0xFF,0xFF,0xFF,
    0xFF,0xFF,0xFF,0xFF,0xFF,0xFF,0xFF,0xFF,0xFF,0xFF,0xFF,0xFF,0xFF,0xFF,0xFF,0xFF,
    0xFF,0xFF,0xFF,0xFF,0xFF,0xFF,0xFF,0xFF,0xFF,0xFF,0xFF,0xFF,0xFF,0xFF,0xFF,0xFF,
    0xFF,0xFF,0xFF,0xFF,0xFF,0xFF,0xFF,0xFF,0xFF,0xFF,0xFF,0xFF,0xFF,0xFF,0xFF,0xFF,
    0xFF,0xFF,0xFF,0xFF,0xFF,0xFF,0xFF,0xFF,0xFF,0xFF,0xFF,0xFF,0xFF,0xFF,0xFF,0xFF,
    0xFF,0xFF,0xFF,0xFF,0xFF,0xFF,0xFF,0xFF,0xFF,0xFF,0xFF,0xFF,0xFF,0xFF,0xFF,0xFF,
    0xFF,0xFF,0xFF,0xFF,0xFF,0xFF,0xFF,0xFF,0xFF,0xFF,0xFF,0xFF,0xFF,0xFF,0xFF,0xFF,
    0xFF,0xFF,0xFF,0xFF,0xFF,0xFF,0xFF,0xFF,0xFF,0xFF,0xFF,0xFF,0xFF,0xFF,0xFF,0xFF,
    0xFF,0xFF,0xFF,0xFF,0xFF,0xFF,0xFF,0xFF,0xFF,0xFF,0xFF,0xFF,0xFF,0xFF,0xFF,0xFF,
    0xFF,0xFF,0xFF,0xFF,0xFF,0xFF,0xFF,0xFF,0xFF,0xFF,0xFF,0xFF,0xFF,0xFF,0xFF,0xFF,
    0xFF,0xFF,0xFF,0xFF,0xFF,0xFF,0xFF,0xFF,0xFF,0xFF,0xFF,0xFF,0xFF,0xFF,0xFF,0xFF,
    0xFF,0xFF,0xFF,0xFF,0xFF,0xFF,0xFF,0xFF,0xFF,0xFF,0xFF,0xFF,0xFF,0xFF,0xFF,0xFF,
    0xFF,0xFF,0xFF,0xFF,0xFF,0xFF,0xFF,0xFF,0xFF,0xFF,0xFF,0xFF,0xFF,0xFF,0xFF,0xFF,
    0xFF,0xFF,0xFF,0xFF,0xFF,0xFF,0xFF,0xFF,0xFF,0xFF,0xFF,0xFF,0xFF,0xFF,0xFF,0xFF,
    0xFF,0xFF,0xFF,0xFF,0xFF,0xFF,0xFF,0xFF,0xFF,0xFF,0xFF,0xFF,0xFF,0xFF,0xFF,0xFF,
    0xFF,0xFF,0xFF,0xFF,0xFF,0xFF,0xFF,0xFF,0xFF,0xFF,0xFF,0xFF,0xFF,0xFF,0xFF,0xFF,
    0xFF,0xFF,0xFF,0xFF,0xFF,0xFF,0xFF,0xFF,0xFF,0xFF,0xFF,0xFF,0xFF,0xFF,0xFF,0xFF,
    0xFF,0xFF,0xFF,0xFF,0xFF,0xFF,0xFF,0xFF,0xFF,0xFF,0xFF,0xFF,0xFF,0xFF,0xFF,0xFF,
    0xFF,0xFF,0xFF,0xFF,0xFF,0xFF,0xFF,0xFF,0xFF,0xFF,0xFF,0xFF,0xFF,0xFF,0xFF,0xFF,
    0xFF,0xFF,0xFF,0xFF,0xFF,0xFF,0xFF,0xFF,0xFF,0xFF,0xFF,0xFF,0xFF,0xFF,0xFF,0xFF,
    0xFF,0xFF,0xFF,0xFF,0xFF,0xFF,0xFF,0xFF,0xFF,0xFF,0xFF,0xFF,0xFF,0xFF,0xFF,0xFF,
    0xFF,0xFF,0xFF,0xFF,0xFF,0xFF,0xFF,0xFF,0xFF,0xFF,0xFF,0xFF,0xFF,0xFF,0xFF,0xFF,
    0xFF,0xFF,0xFF,0xFF,0xFF,0xFF,0xFF,0xFF,0xFF,0xFF,0xFF,0xFF,0xFF,0xFF,0xFF,0xFF,
    0xFF,0xFF,0xFF,0xFF,0xFF,0xFF,0xFF,0xFF,0xFF,0xFF,0xFF,0xFF,0xFF,0xFF,0xFF,0xFF,
    0xFF,0xFF,0xFF,0xFF,0xFF,0xFF,0xFF,0xFF,0xFF,0xFF,0xFF,0xFF,0xFF,0xFF,0xFF,0xFF,
    0xFF,0xFF,0xFF,0xFF,0xFF,0xFF,0xFF,0xFF,0xFF,0xFF,0xFF,0xFF,0xFF,0xFF,0xFF,0xFF,
    0xFF,0xFF,0xFF,0xFF,0xFF,0xFF,0xFF,0xFF,0xFF,0xFF,0xFF,0xFF,0xFF,0xFF,0xFF,0xFF,
    0xFF,0xFF,0xFF,0xFF,0xFF,0xFF,0xFF,0xFF,0xFF,0xFF,0xFF,0xFF,0xFF,0xFF,0xFF,0xFF,
    0xFF,0xFF,0xFF,0xFF,0xFF,0xFF,0xFF,0xFF,0xFF,0xFF,0xFF,0xFF,0xFF,0xFF,0xFF,0xFF,
    0xFF,0xFF,0xFF,0xFF,0xFF,0xFF,0xFF,0xFF,0xFF,0xFF,0xFF,0xFF,0xFF,0xFF,0xFF,0xFF,
    0xFF,0xFF,0xFF,0xFF,0xFF,0xFF,0xFF,0xFF,0xFF,0xFF,0xFF,0xFF,0xFF,0xFF,0xFF,0xFF,
    0xFF,0xFF,0xFF,0xFF,0xFF,0xFF,0xFF,0xFF,0xFF,0xFF,0xFF,0xFF,0xFF,0xFF,0xFF,0xFF,
    0xFF,0xFF,0xFF,0xFF,0xFF,0xFF,0xFF,0xFF,0xFF,0xFF,0xFF,0xFF,0xFF,0xFF,0xFF,0xFF,
    0xFF,0xFF,0xFF,
};
const lv_image_dsc_t ui_img_jump_prince_tile_0_0 = {
    .header.w = 25,
    .header.h = 25,
    .data_size = sizeof(ui_img_jump_prince_tile_0_0_data),
    .header.cf = LV_COLOR_FORMAT_NATIVE_WITH_ALPHA,
    .header.magic = LV_IMAGE_HEADER_MAGIC,
    .data = ui_img_jump_prince_tile_0_0_data
};

const LV_ATTRIBUTE_MEM_ALIGN uint8_t ui_img_jump_prince_tile_1_0_data[] = {
    0x2B,0x5E,0x2B,0x5E,0x2B,0x5E,0x2B,0x5E,0x2B,0x5E,0x2B,0x5E,0x2B,0x5E,0x2B,0x5E,
    0x2B,0x5E,0x2B,0x5E,0x2B,0x5E,0x2B,0x5E,0x2B,0x5E,0x2B,0x5E,0x2B,0x5E,0x2B,0x5E,
    0x2B,0x5E,0x2B,0x5E,0x2B,0x5E,0x2B,0x5E,0x2B,0x5E,0x2B,0x5E,0x2B,0x5E,0x31,0x34,
    0x31,0x34,0x2B,0x5E,0x2B,0x5E,0x2B,0x5E,0x2B,0x5E,0x2B,0x5E,0x2B,0x5E,0x2B,0x5E,
    0x2B,0x5E,0x2B,0x5E,0x2B,0x5E,0x2B,0x5E,0x2B,0x5E,0x2B,0x5E,0x2B,0x5E,0x2B,0x5E,
    0x2B,0x5E,0x2B,0x5E,0x2B,0x5E,0x2B,0x5E,0x2B,0x5E,0x2B,0x5E,0x2B,0x5E,0x2B,0x5E,
    0x31,0x34,0x31,0x34,0x2B,0x5E,0x2B,0x5E,0x31,0x34,0x31,0x34,0x31,0x34,0x31,0x34,
    0x31,0x34,0x31,0x34,0x31,0x34,0x31,0x34,0x31,0x34,0x2B,0x5E,0x2B,0x5E,0x2B,0x5E,
    0x31,0x34,0x31,0x34,0x31,0x34,0x31,0x34,0x31,0x34,0x31,0x34,0x31,0x34,0x31,0x34,
    0x31,0x34,0x2B,0x5E,0x2B,0x5E,0x31,0x34,0x31,0x34,0x31,0x34,0x31,0x34,0x31,0x34,
    0x31,0x34,0x31,0x34,0x31,0x34,0x31,0x34,0x31,0x34,0x31,0x34,0x31,0x34,0x31,0x34,
    0x31,0x34,0x31,0x34,0x31,0x34,0x31,0x34,0x31,0x34,0x31,0x34,0x31,0x34,0x31,0x34,
    0x31,0x34,0x31,0x34,0x31,0x34,0x31,0x34,0x31,0x34,0x31,0x34,0x31,0x34,0x31,0x34,
    0x31,0x34,0x31,0x34,0x31,0x34,0x31,0x34,0x31,0x34,0x31,0x34,0x31,0x34,0x31,0x34,
    0x31,0x34,0x31,0x34,0x31,0x34,0x31,0x34,0x31,0x34,0x31,0x34,0x31,0x34,0x31,0x34,
    0x31,0x34,0x31,0x34,0x31,0x34,0x31,0x34,0x31,0x34,0x31,0x34,0x31,0x34,0x31,0x34,
    0x31,0x34,0x31,0x34,0x31,0x34,0x31,0x34,0x31,0x34,0x31,0x34,0x2B,0x5E,0x2B,0x5E,
    0x31,0x34,0x31,0x34,0x31,0x34,0x31,0x34,0x31,0x34,0x31,0x34,0x31,0x34,0x31,0x34,
    0x31,0x34,0x31,0x34,0x31,0x34,0x2B,0x5E,0x31,0x34,0x31,0x34,0x25,0x08,0x25,0x08,
    0x25,0x08,0x25,0x08,0x25,0x08,0x25,0x08,0x25,0x08,0x25,0x08,0x25,0x08,0x25,0x08,
    0x25,0x08,0x25,0x08,0x25,0x08,0x25,0x08,0x25,0x08,0x25,0x08,0x25,0x08,0x25,0x08,
    0x25,0x08,0x25,0x08,0x25,0x08,0x25,0x08,0x25,0x08,0x25,0x08,0x25,0x08,0x25,0x08,
    0x25,0x08,0x25,0x08,0x25,0x08,0x25,0x08,0x25,0x08,0x25,0x08,0x25,0x08,0x25,0x08,
    0x25,0x08,0x25,0x08,0x25,0x08,0x25,0x08,0x25,0x08,0x25,0x08,0x25,0x08,0x25,0x08,
    0x25,0x08,0x25,0x08,0x25,0x08,0x25,0x08,0x25,0x08,0x25,0x08,0x25,0x08,0x25,0x08,
    0x2B,0x5E,0x2B,0x5E,0x2B,0x5E,0x31,0x34,0x31,0x34,0xAE,0x21,0xAE,0x21,0xAE,0x21,
    0x31,0x34,0x2B,0x5E,0x2B,0x5E,0x2B,0x5E,0x2B,0x5E,0x2B,0x5E,0x2B,0x5E,0x2B,0x5E,
    0x31,0x34,0xAE,0x21,0xAE,0x21,0x31,0x34,0x2B,0x5E,0x2B,0x5E,0x2B,0x5E,0x2B,0x5E,
    0x2B,0x5E,0x2B,0x5E,0x2B,0x5E,0x2B,0x5E,0x2B,0x5E,0x2B,0x5E,0xAE,0x21,0x2B,0x5E,
    0x2B,0x5E,0x2B,0x5E,0x2B,0x5E,0x2B,0x5E,0x2B,0x5E,0x2B,0x5E,0x2B,0x5E,0x2B,0x5E,
    0x2B,0x5E,0x2B,0x5E,0xAE,0x21,0xAE,0x21,0x2B,0x5E,0x2B,0x5E,0x2B,0x5E,0x2B,0x5E,
    0x2B,0x5E,0x2B,0x5E,0x2B,0x5E,0x2B,0x5E,0x2B,0x5E,0x2B,0x5E,0x2B,0x5E,0xAE,0x21,
    0x2B,0x5E,0x2B,0x5E,0x2B,0x5E,0x2B,0x5E,0x2B,0x5E,0x2B,0x5E,0x2B,0x5E,0x2B,0x5E,
    0x2B,0x5E,0x2B,0x5E,0x2B,0x5E,0xAE,0x21,0xAE,0x21,0x2B,0x5E,0x2B,0x5E,0x2B,0x5E,
    0x2B,0x5E,0x2B,0x5E,0x2B,0x5E,0x2B,0x5E,0x2B,0x5E,0x2B,0x5E,0x2B,0x5E,0x2B,0x5E,
    0xAE,0x21,0x2B,0x5E,0x2B,0x5E,0x2B,0x5E,0x2B,0x5E,0x2B,0x5E,0x2B,0x5E,0x2B,0x5E,
    0x2B,0x5E,0x2B,0x5E,0x2B,0x5E,0x2B,0x5E,0xAE,0x21,0xAE,0x21,0x2B,0x5E,0x2B,0x5E,
    0x2B,0x5E,0x2B,0x5E,0x2B,0x5E,0x2B,0x5E,0x2B,0x5E,0x2B,0x5E,0x2B,0x5E,0x2B,0x5E,
    0x2B,0x5E,0xAE,0x21,0x2B,0x5E,0x2B,0x5E,0x2B,0x5E,0x2B,0x5E,0x2B,0x5E,0x2B,0x5E,
    0x2B,0x5E,0x2B,0x5E,0x2B,0x5E,0x2B,0x5E,0x2B,0x5E,0xAE,0x21,0xAE,0x21,0x2B,0x5E,
    0x2B,0x5E,0x2B,0x5E,0x2B,0x5E,0x2B,0x5E,0x2B,0x5E,0xAE,0x21,0xAE,0x21,0xAE,0x21,
    0xAE,0x21,0xAE,0x21,0xAE,0x21,0xAE,0x21,0xAE,0x21,0xAE,0x21,0xAE,0x21,0xAE,0x21,
    0xAE,0x21,0xAE,0x21,0xAE,0x21,0xAE,0x21,0xAE,0x21,0xAE,0x21,0xAE,0x21,0xAE,0x21,
    0xAE,0x21,0xAE,0x21,0xAE,0x21,0xAE,0x21,0xAE,0x21,0xAE,0x21,0x31,0x34,0x31,0x34,
    0x31,0x34,0x31,0x34,0x31,0x34,0x31,0x34,0x31,0x34,0x31,0x34,0x31,0x34,0x31,0x34,
    0x31,0x34,0xAE,0x21,0xAE,0x21,0x31,0x34,0x31,0x34,0x31,0x34,0x31,0x34,0x31,0x34,
    0x31,0x34,0x31,0x34,0x31,0x34,0x31,0x34,0x31,0x34,0xAE,0x21,0xAE,0x21,0x31,0x34,
    0x31,0x34,0x31,0x34,0x31,0x34,0x31,0x34,0x31,0x34,0x31,0x34,0x31,0x34,0x31,0x34,
    0x31,0x34,0x31,0x34,0xAE,0x21,0xAE,0x21,0x31,0x34,0x31,0x34,0x31,0x34,0x31,0x34,
    0x31,0x34,0x31,0x34,0x31,0x34,0x31,0x34,0x31,0x34,0x31,0x34,0xAE,0x21,0xAE,0x21,
    0x31,0x34,0x31,0x34,0x31,0x34,0x31,0x34,0x31,0x34,0x31,0x34,0x31,0x34,0x31,0x34,
    0x31,0x34,0x31,0x34,0x31,0x34,0xAE,0x21,0xAE,0x21,0x31,0x34,0x31,0x34,0x31,0x34,
    0x31,0x34,0x31,0x34,0x31,0x34,0x31,0x34,0x31,0x34,0x31,0x34,0x31,0x34,0xAE,0x21,
    0xAE,0x21,0xAE,0x21,0xAE,0x21,0x31,0x34,0x31,0x34,0x31,0x34,0x31,0x34,0x31,0x34,
    0x31,0x34,0x31,0x34,0xAE,0x21,0xAE,0x21,0xAE,0x21,0xAE,0x21,0xAE,0x21,0x31,0x34,
    0x31,0x34,0x31,0x34,0x31,0x34,0x31,0x34,0x31,0x34,0x31,0x34,0x31,0x34,0xAE,0x21,
    0xAE,0x21,0xAE,0x21,0xAE,0x21,0xAE,0x21,0x31,0x34,0x31,0x34,0x31,0x34,0x31,0x34,
    0x31,0x34,0x31,0x34,0x31,0x34,0xAE,0x21,0xAE,0x21,0xAE,0x21,0xAE,0x21,0xAE,0x21,
    0x31,0x34,0x31,0x34,0x31,0x34,0x31,0x34,0x31,0x34,0x31,0x34,0x31,0x34,0x31,0x34,
    0xAE,0x21,0xAE,0x21,0xAE,0x21,0x25,0x08,0x25,0x08,0x25,0x08,0x25,0x08,0x25,0x08,
    0x25,0x08,0x25,0x08,0x25,0x08,0x25,0x08,0x25,0x08,0x25,0x08,0x25,0x08,0x25,0x08,
    0x25,0x08,0x25,0x08,0x25,0x08,0x25,0x08,0x25,0x08,0x25,0x08,0x25,0x08,0x25,0x08,
    0x25,0x08,0x25,0x08,0x25,0x08,0x25,0x08,0xAE,0x21,0xAE,0x21,0xAE,0x21,0xAE,0x21,
    0xAE,0x21,0x25,0x08,0xAE,0x21,0xAE,0x21,0xAE,0x21,0xAE,0x21,0xAE,0x21,0xAE,0x21,
    0xAE,0x21,0xAE,0x21,0xAE,0x21,0xAE,0x21,0xAE,0x21,0x25,0x08,0x25,0x08,0xAE,0x21,
    0xAE,0x21,0xAE,0x21,0xAE,0x21,0xAE,0x21,0xAE,0x21,0xAE,0x21,0xAE,0x21,0xAE,0x21,
    0xAE,0x21,0xAE,0x21,0x25,0x08,0xAE,0x21,0xAE,0x21,0xAE,0x21,0xAE,0x21,0xAE,0x21,
    0xAE,0x21,0xAE,0x21,0xAE,0x21,0xAE,0x21,0xAE,0x21,0xAE,0x21,0x25,0x08,0x25,0x08,
    0xAE,0x21,0xAE,0x21,0xAE,0x21,0xAE,0x21,0xAE,0x21,0xAE,0x21,0xAE,0x21,0xAE,0x21,
    0xAE,0x21,0xAE,0x21,0xAE,0x21,0x25,0x08,0xAE,0x21,0xAE,0x21,0xAE,0x21,0xAE,0x21,
    0xAE,0x21,0xAE,0x21,0xAE,0x21,0xAE,0x21,0xAE,0x21,0xAE,0x21,0xAE,0x21,0x25,0x08,
    0x25,0x08,0xAE,0x21,0xAE,0x21,0xAE,0x21,0xAE,0x21,0xAE,0x21,0xAE,0x21,0xAE,0x21,
    0xAE,0x21,0xAE,0x21,0xAE,0x21,0xAE,0x21,0x25,0x08,0x25,0x08,0x25,0x08,0xAE,0x21,
    0xAE,0x21,0xAE,0x21,0xAE,0x21,0xAE,0x21,0xAE,0x21,0xAE,0x21,0xAE,0x21,0xAE,0x21,
    0x25,0x08,0x25,0x08,0x25,0x08,0xAE,0x21,0xAE,0x21,0xAE,0x21,0xAE,0x21,0xAE,0x21,
    0xAE,0x21,0xAE,0x21,0xAE,0x21,0xAE,0x21,0xAE,0x21,0x25,0x08,0x25,0x08,0x25,0x08,
    0xAE,0x21,0xAE,0x21,0xAE,0x21,0xAE,0x21,0xAE,0x21,0xAE,0x21,0xAE,0x21,0xAE,0x21,
    0xAE,0x21,0x25,0x08,0x25,0x08,0x25,0x08,0xAE,0x21,0xAE,0x21,0xAE,0x21,0xAE,0x21,
    0xAE,0x21,0xFF,0xFF,0xFF,0xFF,0xFF,0xFF,0xFF,0xFF,0xFF,0xFF,0xFF,0xFF,0xFF,0xFF,
    0xFF,0xFF,0xFF,0xFF,0xFF,0xFF,0xFF,0xFF,0xFF,0xFF,0xFF,0xFF,0xFF,0xFF,0xFF,0xFF,
    0xFF,0xFF,0xFF,0xFF,0xFF,0xFF,0xFF,0xFF,0xFF,0xFF,0xFF,0xFF,0xFF,0xFF,0xFF,0xFF,
    0xFF,0xFF,0xFF,0xFF,0xFF,0xFF,0xFF,0xFF,0xFF,0xFF,0xFF,0xFF,0xFF,0xFF,0xFF,0xFF,
    0xFF,0xFF,0xFF,0xFF,0xFF,0xFF,0xFF,0xFF,0xFF,0xFF,0xFF,0xFF,0xFF,0xFF,0xFF,0xFF,
    0xFF,0xFF,0xFF,0xFF,0xFF,0xFF,0xFF,0xFF,0xFF,0xFF,0xFF,0xFF,0xFF,0xFF,0xFF,0xFF,
    0xFF,0xFF,0xFF,0xFF,0xFF,0xFF,0xFF,0xFF,0xFF,0xFF,0xFF,0xFF,0xFF,0xFF,0xFF,0xFF,
    0xFF,0xFF,0xFF,0xFF,0xFF,0xFF,0xFF,0xFF,0xFF,0xFF,0xFF,0xFF,0xFF,0xFF,0xFF,0xFF,
    0xFF,0xFF,0xFF,0xFF,0xFF,0xFF,0xFF,0xFF,0xFF,0xFF,0xFF,0xFF,0xFF,0xFF,0xFF,0xFF,
    0xFF,0xFF,0xFF,0xFF,0xFF,0xFF,0xFF,0xFF,0xFF,0xFF,0xFF,0xFF,0xFF,0xFF,0xFF,0xFF,
    0xFF,0xFF,0xFF,0xFF,0xFF,0xFF,0xFF,0xFF,0xFF,0xFF,0xFF,0xFF,0xFF,0xFF,0xFF,0xFF,
    0xFF,0xFF,0xFF,0xFF,0xFF,0xFF,0xFF,0xFF,0xFF,0xFF,0xFF,0xFF,0xFF,0xFF,0xFF,0xFF,
    0xFF,0xFF,0xFF,0xFF,0xFF,0xFF,0xFF,0xFF,0xFF,0xFF,0xFF,0xFF,0xFF,0xFF,0xFF,0xFF,
    0xFF,0xFF,0xFF,0xFF,0xFF,0xFF,0xFF,0xFF,0xFF,0xFF,0xFF,0xFF,0xFF,0xFF,0xFF,0xFF,
    0xFF,0xFF,0xFF,0xFF,0xFF,0xFF,0xFF,0xFF,0xFF,0xFF,0xFF,0xFF,0xFF,0xFF,0xFF,0xFF,
    0xFF,0xFF,0xFF,0xFF,0xFF,0xFF,0xFF,0xFF,0xFF,0xFF,0xFF,0xFF,0xFF,0xFF,0xFF,0xFF,
    0xFF,0xFF,0xFF,0xFF,0xFF,0xFF,0xFF,0xFF,0xFF,0xFF,0xFF,0xFF,0xFF,0xFF,0xFF,0xFF,
    0xFF,0xFF,0xFF,0xFF,0xFF,0xFF,0xFF,0xFF,0xFF,0xFF,0xFF,0xFF,0xFF,0xFF,0xFF,0xFF,
    0xFF,0xFF,0xFF,0xFF,0xFF,0xFF,0xFF,0xFF,0xFF,0xFF,0xFF,0xFF,0xFF,0xFF,0xFF,0xFF,
    0xFF,0xFF,0xFF,0xFF,0xFF,0xFF,0xFF,0xFF,0xFF,0xFF,0xFF,0xFF,0xFF,0xFF,0xFF,0xFF,
    0xFF,0xFF,0xFF,0xFF,0xFF,0xFF,0xFF,0xFF,0xFF,0xFF,0xFF,0xFF,0xFF,0xFF,0xFF,0xFF,
    0xFF,0xFF,0xFF,0xFF,0xFF,0xFF,0xFF,0xFF,0xFF,0xFF,0xFF,0xFF,0xFF,0xFF,0xFF,0xFF,
    0xFF,0xFF,0xFF,0xFF,0xFF,0xFF,0xFF,0xFF,0xFF,0xFF,0xFF,0xFF,0xFF,0xFF,0xFF,0xFF,
    0xFF,0xFF,0xFF,0xFF,0xFF,0xFF,0xFF,0xFF,0xFF,0xFF,0xFF,0xFF,0xFF,0xFF,0xFF,0xFF,
    0xFF,0xFF,0xFF,0xFF,0xFF,0xFF,0xFF,0xFF,0xFF,0xFF,0xFF,0xFF,0xFF,0xFF,0xFF,0xFF,
    0xFF,0xFF,0xFF,0xFF,0xFF,0xFF,0xFF,0xFF,0xFF,0xFF,0xFF,0xFF,0xFF,0xFF,0xFF,0xFF,
    0xFF,0xFF,0xFF,0xFF,0xFF,0xFF,0xFF,0xFF,0xFF,0xFF,0xFF,0xFF,0xFF,0xFF,0xFF,0xFF,
    0xFF,0xFF,0xFF,0xFF,0xFF,0xFF,0xFF,0xFF,0xFF,0xFF,0xFF,0xFF,0xFF,0xFF,0xFF,0xFF,
    0xFF,0xFF,0xFF,0xFF,0xFF,0xFF,0xFF,0xFF,0xFF,0xFF,0xFF,0xFF,0xFF,0xFF,0xFF,0xFF,
    0xFF,0xFF,0xFF,0xFF,0xFF,0xFF,0xFF,0xFF,0xFF,0xFF,0xFF,0xFF,0xFF,0xFF,0xFF,0xFF,
    0xFF,0xFF,0xFF,0xFF,0xFF,0xFF,0xFF,0xFF,0xFF,0xFF,0xFF,0xFF,0xFF,0xFF,0xFF,0xFF,
    0xFF,0xFF,0xFF,0xFF,0xFF,0xFF,0xFF,0xFF,0xFF,0xFF,0xFF,0xFF,0xFF,0xFF,0xFF,0xFF,
    0xFF,0xFF,0xFF,0xFF,0xFF,0xFF,0xFF,0xFF,0xFF,0xFF,0xFF,0xFF,0xFF,0xFF,0xFF,0xFF,
    0xFF,0xFF,0xFF,0xFF,0xFF,0xFF,0xFF,0xFF,0xFF,0xFF,0xFF,0xFF,0xFF,0xFF,0xFF,0xFF,
    0xFF,0xFF,0xFF,0xFF,0xFF,0xFF,0xFF,0xFF,0xFF,0xFF,0xFF,0xFF,0xFF,0xFF,0xFF,0xFF,
    0xFF,0xFF,0xFF,0xFF,0xFF,0xFF,0xFF,0xFF,0xFF,0xFF,0xFF,0xFF,0xFF,0xFF,0xFF,0xFF,
    0xFF,0xFF,0xFF,0xFF,0xFF,0xFF,0xFF,0xFF,0xFF,0xFF,0xFF,0xFF,0xFF,0xFF,0xFF,0xFF,
    0xFF,0xFF,0xFF,0xFF,0xFF,0xFF,0xFF,0xFF,0xFF,0xFF,0xFF,0xFF,0xFF,0xFF,0xFF,0xFF,
    0xFF,0xFF,0xFF,0xFF,0xFF,0xFF,0xFF,0xFF,0xFF,0xFF,0xFF,0xFF,0xFF,0xFF,0xFF,0xFF,
    0xFF,0xFF,0xFF,
};
const lv_image_dsc_t ui_img_jump_prince_tile_1_0 = {
    .header.w = 25,
    .header.h = 25,
    .data_size = sizeof(ui_img_jump_prince_tile_1_0_data),
    .header.cf = LV_COLOR_FORMAT_NATIVE_WITH_ALPHA,
    .header.magic = LV_IMAGE_HEADER_MAGIC,
    .data = ui_img_jump_prince_tile_1_0_data
};

const LV_ATTRIBUTE_MEM_ALIGN uint8_t ui_img_jump_prince_tile_2_0_data[] = {
    0x2B,0x5E,0x2B,0x5E,0x2B,0x5E,0x2B,0x5E,0x2B,0x5E,0x2B,0x5E,0x2B,0x5E,0x2B,0x5E,
    0x2B,0x5E,0x2B,0x5E,0x2B,0x5E,0x2B,0x5E,0x2B,0x5E,0x2B,0x5E,0x2B,0x5E,0x2B,0x5E,
    0x2B,0x5E,0x2B,0x5E,0x2B,0x5E,0x2B,0x5E,0x2B,0x5E,0x2B,0x5E,0x2B,0x5E,0x31,0x34,
    0x31,0x34,0x2B,0x5E,0x2B,0x5E,0x2B,0x5E,0x2B,0x5E,0x2B,0x5E,0x2B,0x5E,0x2B,0x5E,
    0x2B,0x5E,0x2B,0x5E,0x2B,0x5E,0x2B,0x5E,0x2B,0x5E,0x2B,0x5E,0x2B,0x5E,0x2B,0x5E,
    0x2B,0x5E,0x2B,0x5E,0x2B,0x5E,0x2B,0x5E,0x2B,0x5E,0x2B,0x5E,0x2B,0x5E,0x2B,0x5E,
    0x31,0x34,0x31,0x34,0x2B,0x5E,0x2B,0x5E,0x31,0x34,0x31,0x34,0x31,0x34,0x31,0x34,
    0x31,0x34,0x31,0x34,0x31,0x34,0x31,0x34,0x31,0x34,0x2B,0x5E,0x2B,0x5E,0x2B,0x5E,
    0x31,0x34,0x31,0x34,0x31,0x34,0x31,0x34,0x31,0x34,0x31,0x34,0x31,0x34,0x31,0x34,
    0x31,0x34,0x31,0x34,0x31,0x34,0x31,0x34,0x31,0x34,0x31,0x34,0x31,0x34,0x31,0x34,
    0x31,0x34,0x31,0x34,0x31,0x34,0x31,0x34,0x31,0x34,0x31,0x34,0x31,0x34,0x31,0x34,
    0x31,0x34,0x31,0x34,0x31,0x34,0x31,0x34,0x31,0x34,0x31,0x34,0x31,0x34,0x31,0x34,
    0x31,0x34,0x31,0x34,0x31,0x34,0x31,0x34,0x31,0x34,0x31,0x34,0x31,0x34,0x31,0x34,
    0x31,0x34,0x31,0x34,0x31,0x34,0x31,0x34,0x31,0x34,0x31,0x34,0x31,0x34,0x31,0x34,
    0x31,0x34,0x31,0x34,0x31,0x34,0x31,0x34,0x31,0x34,0x31,0x34,0x31,0x34,0x31,0x34,
    0x31,0x34,0x31,0x34,0x31,0x34,0x31,0x34,0x31,0x34,0x31,0x34,0x31,0x34,0x31,0x34,
    0x31,0x34,0x31,0x34,0x31,0x34,0x31,0x34,0x31,0x34,0x31,0x34,0x2B,0x5E,0x2B,0x5E,
    0x31,0x34,0x31,0x34,0x31,0x34,0x31,0x34,0x31,0x34,0x31,0x34,0x31,0x34,0x31,0x34,
    0x31,0x34,0x31,0x34,0x31,0x34,0x31,0x34,0x2B,0x5E,0x2B,0x5E,0x25,0x08,0x25,0x08,
    0x25,0x08,0x25,0x08,0x25,0x08,0x25,0x08,0x25,0x08,0x25,0x08,0x25,0x08,0x25,0x08,
    0x25,0x08,0x25,0x08,0x25,0x08,0x25,0x08,0x25,0x08,0x25,0x08,0x25,0x08,0x25,0x08,
    0x25,0x08,0x25,0x08,0x25,0x08,0x25,0x08,0x25,0x08,0x25,0x08,0x25,0x08,0x25,0x08,
    0x25,0x08,0x25,0x08,0x25,0x08,0x25,0x08,0x25,0x08,0x25,0x08,0x25,0x08,0x25,0x08,
    0x25,0x08,0x25,0x08,0x25,0x08,0x25,0x08,0x25,0x08,0x25,0x08,0x25,0x08,0x25,0x08,
    0x25,0x08,0x25,0x08,0x25,0x08,0x25,0x08,0x25,0x08,0x25,0x08,0x25,0x08,0x25,0x08,
    0x2B,0x5E,0x2B,0x5E,0x2B,0x5E,0x31,0x34,0x31,0x34,0xAE,0x21,0xAE,0x21,0xAE,0x21,
    0x31,0x34,0x2B,0x5E,0x2B,0x5E,0x2B,0x5E,0x2B,0x5E,0x2B,0x5E,0x2B,0x5E,0x2B,0x5E,
    0x31,0x34,0xAE,0x21,0xAE,0x21,0x31,0x34,0x2B,0x5E,0x2B,0x5E,0x31,0x34,0x31,0x34,
    0x31,0x34,0x2B,0x5E,0x2B,0x5E,0x2B,0x5E,0x2B,0x5E,0x2B,0x5E,0xAE,0x21,0x2B,0x5E,
    0x2B,0x5E,0x2B,0x5E,0x2B,0x5E,0x2B,0x5E,0x2B,0x5E,0x2B,0x5E,0x2B,0x5E,0x2B,0x5E,
    0x2B,0x5E,0x2B,0x5E,0xAE,0x21,0xAE,0x21,0x2B,0x5E,0x2B,0x5E,0x2B,0x5E,0x31,0x34,
    0x31,0x34,0x31,0x34,0x2B,0x5E,0x2B,0x5E,0x2B,0x5E,0x2B,0x5E,0x2B,0x5E,0xAE,0x21,
    0x2B,0x5E,0x2B,0x5E,0x2B,0x5E,0x2B,0x5E,0x2B,0x5E,0x2B,0x5E,0x2B,0x5E,0x2B,0x5E,
    0x2B,0x5E,0x2B,0x5E,0x2B,0x5E,0xAE,0x21,0xAE,0x21,0x2B,0x5E,0x2B,0x5E,0x2B,0x5E,
    0x31,0x34,0x31,0x34,0x31,0x34,0x2B,0x5E,0x2B,0x5E,0x2B,0x5E,0x2B,0x5E,0x2B,0x5E,
    0xAE,0x21,0x2B,0x5E,0x2B,0x5E,0x2B,0x5E,0x2B,0x5E,0x2B,0x5E,0x2B,0x5E,0x2B,0x5E,
    0x2B,0x5E,0x2B,0x5E,0x2B,0x5E,0x2B,0x5E,0xAE,0x21,0xAE,0x21,0x2B,0x5E,0x2B,0x5E,
    0x2B,0x5E,0x2B,0x5E,0x31,0x34,0x31,0x34,0x2B,0x5E,0x2B,0x5E,0x2B,0x5E,0x2B,0x5E,
    0x2B,0x5E,0xAE,0x21,0x2B,0x5E,0x2B,0x5E,0x2B,0x5E,0x2B,0x5E,0x2B,0x5E,0x2B,0x5E,
    0x2B,0x5E,0x2B,0x5E,0x2B,0x5E,0x2B,0x5E,0x2B,0x5E,0xAE,0x21,0xAE,0x21,0x2B,0x5E,
    0x2B,0x5E,0x2B,0x5E,0x2B,0x5E,0x31,0x34,0x31,0x34,0xAE,0x21,0xAE,0x21,0xAE,0x21,
    0xAE,0x21,0xAE,0x21,0xAE,0x21,0xAE,0x21,0xAE,0x21,0xAE,0x21,0xAE,0x21,0xAE,0x21,
    0xAE,0x21,0xAE,0x21,0xAE,0x21,0xAE,0x21,0xAE,0x21,0xAE,0x21,0xAE,0x21,0xAE,0x21,
    0xAE,0x21,0xAE,0x21,0xAE,0x21,0x25,0x08,0x25,0x08,0x25,0x08,0x31,0x34,0x31,0x34,
    0x31,0x34,0x31,0x34,0x31,0x34,0x31,0x34,0x31,0x34,0x31,0x34,0x31,0x34,0x31,0x34,
    0x31,0x34,0xAE,0x21,0xAE,0x21,0x31,0x34,0x31,0x34,0x31,0x34,0x31,0x34,0x31,0x34,
    0x31,0x34,0x31,0x34,0x31,0x34,0x31,0x34,0x31,0x34,0xAE,0x21,0xAE,0x21,0x31,0x34,
    0x31,0x34,0x31,0x34,0x31,0x34,0x31,0x34,0x31,0x34,0x31,0x34,0x31,0x34,0x31,0x34,
    0x31,0x34,0x31,0x34,0xAE,0x21,0xAE,0x21,0x31,0x34,0x31,0x34,0x31,0x34,0x31,0x34,
    0x31,0x34,0x31,0x34,0x31,0x34,0x31,0x34,0x31,0x34,0x31,0x34,0xAE,0x21,0xAE,0x21,
    0x31,0x34,0x31,0x34,0x31,0x34,0x31,0x34,0x31,0x34,0x31,0x34,0x31,0x34,0x31,0x34,
    0x31,0x34,0x31,0x34,0x31,0x34,0xAE,0x21,0xAE,0x21,0x31,0x34,0x31,0x34,0x31,0x34,
    0x31,0x34,0x31,0x34,0x31,0x34,0x31,0x34,0x31,0x34,0x31,0x34,0x2B,0x5E,0xAE,0x21,
    0xAE,0x21,0xAE,0x21,0xAE,0x21,0x31,0x34,0x31,0x34,0x31,0x34,0x31,0x34,0x31,0x34,
    0x31,0x34,0x31,0x34,0xAE,0x21,0xAE,0x21,0xAE,0x21,0xAE,0x21,0xAE,0x21,0x31,0x34,
    0x31,0x34,0x31,0x34,0x31,0x34,0x31,0x34,0x31,0x34,0x31,0x34,0x31,0x34,0x31,0x34,
    0xAE,0x21,0xAE,0x21,0xAE,0x21,0xAE,0x21,0x31,0x34,0x31,0x34,0x31,0x34,0x31,0x34,
    0x31,0x34,0x31,0x34,0x31,0x34,0xAE,0x21,0xAE,0x21,0xAE,0x21,0xAE,0x21,0xAE,0x21,
    0x31,0x34,0x31,0x34,0x31,0x34,0x31,0x34,0x31,0x34,0x31,0x34,0x31,0x34,0x31,0x34,
    0x31,0x34,0xAE,0x21,0xAE,0x21,0x25,0x08,0x25,0x08,0x25,0x08,0x25,0x08,0x25,0x08,
    0x25,0x08,0x25,0x08,0x25,0x08,0x25,0x08,0x25,0x08,0x25,0x08,0x25,0x08,0x25,0x08,
    0x25,0x08,0x25,0x08,0x25,0x08,0x25,0x08,0x25,0x08,0x25,0x08,0xAE,0x21,0xAE,0x21,
    0xAE,0x21,0xAE,0x21,0x25,0x08,0x25,0x08,0xAE,0x21,0xAE,0x21,0xAE,0x21,0xAE,0x21,
    0xAE,0x21,0x25,0x08,0x31,0x34,0x31,0x34,0x31,0x34,0x31,0x34,0x31,0x34,0x31,0x34,
    0x31,0x34,0x31,0x34,0x31,0x34,0x31,0x34,0x31,0x34,0x31,0x34,0x31,0x34,0x25,0x08,
    0x31,0x34,0x31,0x34,0x31,0x34,0x2B,0x5E,0x2B,0x5E,0xAE,0x21,0xAE,0x21,0xAE,0x21,
    0xAE,0x21,0xAE,0x21,0x25,0x08,0x31,0x34,0x31,0x34,0x31,0x34,0x31,0x34,0x31,0x34,
    0x31,0x34,0x31,0x34,0x31,0x34,0x31,0x34,0x31,0x34,0x31,0x34,0x31,0x34,0x31,0x34,
    0x25,0x08,0x31,0x34,0x31,0x34,0x31,0x34,0x2B,0x5E,0x2B,0x5E,0xAE,0x21,0xAE,0x21,
    0xAE,0x21,0xAE,0x21,0xAE,0x21,0x25,0x08,0x31,0x34,0x31,0x34,0x31,0x34,0x31,0x34,
    0x31,0x34,0x31,0x34,0x31,0x34,0x31,0x34,0x31,0x34,0x31,0x34,0x31,0x34,0x31,0x34,
    0x31,0x34,0xAE,0x21,0x31,0x34,0x31,0x34,0x31,0x34,0x2B,0x5E,0x2B,0x5E,0xAE,0x21,
    0xAE,0x21,0xAE,0x21,0xAE,0x21,0xAE,0x21,0x25,0x08,0xAE,0x21,0xAE,0x21,0x31,0x34,
    0x31,0x34,0x31,0x34,0x31,0x34,0x31,0x34,0x31,0x34,0x31,0x34,0x31,0x34,0x31,0x34,
    0x31,0x34,0x31,0x34,0xAE,0x21,0x31,0x34,0x31,0x34,0x31,0x34,0x31,0x34,0x31,0x34,
    0xAE,0x21,0xAE,0x21,0xAE,0x21,0xAE,0x21,0xAE,0x21,0x25,0x08,0xAE,0x21,0xAE,0x21,
    0x31,0x34,0x31,0x34,0x31,0x34,0x31,0x34,0x31,0x34,0x31,0x34,0x31,0x34,0x31,0x34,
    0x31,0x34,0x31,0x34,0x31,0x34,0xAE,0x21,0x31,0x34,0x31,0x34,0x31,0x34,0x31,0x34,
    0x31,0x34,0xFF,0xFF,0xFF,0xFF,0xFF,0xFF,0xFF,0xFF,0xFF,0xFF,0xFF,0xFF,0xFF,0xFF,
    0xFF,0xFF,0xFF,0xFF,0xFF,0xFF,0xFF,0xFF,0xFF,0xFF,0xFF,0xFF,0xFF,0xFF,0xFF,0xFF,
    0xFF,0xFF,0xFF,0xFF,0xFF,0xFF,0xFF,0xFF,0xFF,0xFF,0xFF,0xFF,0xFF,0xFF,0xFF,0xFF,
    0xFF,0xFF,0xFF,0xFF,0xFF,0xFF,0xFF,0xFF,0xFF,0xFF,0xFF,0xFF,0xFF,0xFF,0xFF,0xFF,
    0xFF,0xFF,0xFF,0xFF,0xFF,0xFF,0xFF,0xFF,0xFF,0xFF,0xFF,0xFF,0xFF,0xFF,0xFF,0xFF,
    0xFF,0xFF,0xFF,0xFF,0xFF,0xFF,0xFF,0xFF,0xFF,0xFF,0xFF,0xFF,0xFF,0xFF,0xFF,0xFF,
    0xFF,0xFF,0xFF,0xFF,0xFF,0xFF,0xFF,0xFF,0xFF,0xFF,0xFF,0xFF,0xFF,0xFF,0xFF,0xFF,
    0xFF,0xFF,0xFF,0xFF,0xFF,0xFF,0xFF,0xFF,0xFF,0xFF,0xFF,0xFF,0xFF,0xFF,0xFF,0xFF,
    0xFF,0xFF,0xFF,0xFF,0xFF,0xFF,0xFF,0xFF,0xFF,0xFF,0xFF,0xFF,0xFF,0xFF,0xFF,0xFF,
    0xFF,0xFF,0xFF,0xFF,0xFF,0xFF,0xFF,0xFF,0xFF,0xFF,0xFF,0xFF,0xFF,0xFF,0xFF,0xFF,
    0xFF,0xFF,0xFF,0xFF,0xFF,0xFF,0xFF,0xFF,0xFF,0xFF,0xFF,0xFF,0xFF,0xFF,0xFF,0xFF,
    0xFF,0xFF,0xFF,0xFF,0xFF,0xFF,0xFF,0xFF,0xFF,0xFF,0xFF,0xFF,0xFF,0xFF,0xFF,0xFF,
    0xFF,0xFF,0xFF,0xFF,0xFF,0xFF,0xFF,0xFF,0xFF,0xFF,0xFF,0xFF,0xFF,0xFF,0xFF,0xFF,
    0xFF,0xFF,0xFF,0xFF,0xFF,0xFF,0xFF,0xFF,0xFF,0xFF,0xFF,0xFF,0xFF,0xFF,0xFF,0xFF,
    0xFF,0xFF,0xFF,0xFF,0xFF,0xFF,0xFF,0xFF,0xFF,0xFF,0xFF,0xFF,0xFF,0xFF,0xFF,0xFF,
    0xFF,0xFF,0xFF,0xFF,0xFF,0xFF,0xFF,0xFF,0xFF,0xFF,0xFF,0xFF,0xFF,0xFF,0xFF,0xFF,
    0xFF,0xFF,0xFF,0xFF,0xFF,0xFF,0xFF,0xFF,0xFF,0xFF,0xFF,0xFF,0xFF,0xFF,0xFF,0xFF,
    0xFF,0xFF,0xFF,0xFF,0xFF,0xFF,0xFF,0xFF,0xFF,0xFF,0xFF,0xFF,0xFF,0xFF,0xFF,0xFF,
    0xFF,0xFF,0xFF,0xFF,0xFF,0xFF,0xFF,0xFF,0xFF,0xFF,0xFF,0xFF,0xFF,0xFF,0xFF,0xFF,
    0xFF,0xFF,0xFF,0xFF,0xFF,0xFF,0xFF,0xFF,0xFF,0xFF,0xFF,0xFF,0xFF,0xFF,0xFF,0xFF,
    0xFF,0xFF,0xFF,0xFF,0xFF,0xFF,0xFF,0xFF,0xFF,0xFF,0xFF,0xFF,0xFF,0xFF,0xFF,0xFF,
    0xFF,0xFF,0xFF,0xFF,0xFF,0xFF,0xFF,0xFF,0xFF,0xFF,0xFF,0xFF,0xFF,0xFF,0xFF,0xFF,
    0xFF,0xFF,0xFF,0xFF,0xFF,0xFF,0xFF,0xFF,0xFF,0xFF,0xFF,0xFF,0xFF,0xFF,0xFF,0xFF,
    0xFF,0xFF,0xFF,0xFF,0xFF,0xFF,0xFF,0xFF,0xFF,0xFF,0xFF,0xFF,0xFF,0xFF,0xFF,0xFF,
    0xFF,0xFF,0xFF,0xFF,0xFF,0xFF,0xFF,0xFF,0xFF,0xFF,0xFF,0xFF,0xFF,0xFF,0xFF,0xFF,
    0xFF,0xFF,0xFF,0xFF,0xFF,0xFF,0xFF,0xFF,0xFF,0xFF,0xFF,0xFF,0xFF,0xFF,0xFF,0xFF,
    0xFF,0xFF,0xFF,0xFF,0xFF,0xFF,0xFF,0xFF,0xFF,0xFF,0xFF,0xFF,0xFF,0xFF,0xFF,0xFF,
    0xFF,0xFF,0xFF,0xFF,0xFF,0xFF,0xFF,0xFF,0xFF,0xFF,0xFF,0xFF,0xFF,0xFF,0xFF,0xFF,
    0xFF,0xFF,0xFF,0xFF,0xFF,0xFF,0xFF,0xFF,0xFF,0xFF,0xFF,0xFF,0xFF,0xFF,0xFF,0xFF,
    0xFF,0xFF,0xFF,0xFF,0xFF,0xFF,0xFF,0xFF,0xFF,0xFF,0xFF,0xFF,0xFF,0xFF,0xFF,0xFF,
    0xFF,0xFF,0xFF,0xFF,0xFF,0xFF,0xFF,0xFF,0xFF,0xFF,0xFF,0xFF,0xFF,0xFF,0xFF,0xFF,
    0xFF,0xFF,0xFF,0xFF,0xFF,0xFF,0xFF,0xFF,0xFF,0xFF,0xFF,0xFF,0xFF,0xFF,0xFF,0xFF,
    0xFF,0xFF,0xFF,0xFF,0xFF,0xFF,0xFF,0xFF,0xFF,0xFF,0xFF,0xFF,0xFF,0xFF,0xFF,0xFF,
    0xFF,0xFF,0xFF,0xFF,0xFF,0xFF,0xFF,0xFF,0xFF,0xFF,0xFF,0xFF,0xFF,0xFF,0xFF,0xFF,
    0xFF,0xFF,0xFF,0xFF,0xFF,0xFF,0xFF,0xFF,0xFF,0xFF,0xFF,0xFF,0xFF,0xFF,0xFF,0xFF,
    0xFF,0xFF,0xFF,0xFF,0xFF,0xFF,0xFF,0xFF,0xFF,0xFF,0xFF,0xFF,0xFF,0xFF,0xFF,0xFF,
    0xFF,0xFF,0xFF,0xFF,0xFF,0xFF,0xFF,0xFF,0xFF,0xFF,0xFF,0xFF,0xFF,0xFF,0xFF,0xFF,
    0xFF,0xFF,0xFF,0xFF,0xFF,0xFF,0xFF,0xFF,0xFF,0xFF,0xFF,0xFF,0xFF,0xFF,0xFF,0xFF,
    0xFF,0xFF,0xFF,0xFF,0xFF,0xFF,0xFF,0xFF,0xFF,0xFF,0xFF,0xFF,0xFF,0xFF,0xFF,0xFF,
    0xFF,0xFF,0xFF,
};
const lv_image_dsc_t ui_img_jump_prince_tile_2_0 = {
    .header.w = 25,
    .header.h = 25,
    .data_size = sizeof(ui_img_jump_prince_tile_2_0_data),
    .header.cf = LV_COLOR_FORMAT_NATIVE_WITH_ALPHA,
    .header.magic = LV_IMAGE_HEADER_MAGIC,
    .data = ui_img_jump_prince_tile_2_0_data
};

const LV_ATTRIBUTE_MEM_ALIGN uint8_t ui_img_jump_prince_tile_3_0_data[] = {
    0x31,0x34,0x31,0x34,0x2B,0x5E,0x2B,0x5E,0x2B,0x5E,0x2B,0x5E,0x2B,0x5E,0x2B,0x5E,
    0x2B,0x5E,0x2B,0x5E,0x2B,0x5E,0x2B,0x5E,0x2B,0x5E,0x2B,0x5E,0x2B,0x5E,0x2B,0x5E,
    0x2B,0x5E,0x2B,0x5E,0x2B,0x5E,0x2B,0x5E,0x2B,0x5E,0x2B,0x5E,0x2B,0x5E,0x31,0x34,
    0x31,0x34,0x31,0x34,0x31,0x34,0x2B,0x5E,0x2B,0x5E,0x2B,0x5E,0x2B,0x5E,0x2B,0x5E,
    0x2B,0x5E,0x2B,0x5E,0x2B,0x5E,0x2B,0x5E,0x2B,0x5E,0x2B,0x5E,0x2B,0x5E,0x2B,0x5E,
    0x2B,0x5E,0x2B,0x5E,0x2B,0x5E,0x2B,0x5E,0x2B,0x5E,0x2B,0x5E,0x2B,0x5E,0x2B,0x5E,
    0x31,0x34,0x31,0x34,0x31,0x34,0x31,0x34,0x31,0x34,0x31,0x34,0x31,0x34,0x31,0x34,
    0x31,0x34,0x31,0x34,0x31,0x34,0x31,0x34,0x31,0x34,0x2B,0x5E,0x2B,0x5E,0x2B,0x5E,
    0x31,0x34,0x31,0x34,0x31,0x34,0x31,0x34,0x31,0x34,0x31,0x34,0x31,0x34,0x31,0x34,
    0x31,0x34,0x31,0x34,0x31,0x34,0x31,0x34,0x31,0x34,0x31,0x34,0x31,0x34,0x31,0x34,
    0x31,0x34,0x31,0x34,0x31,0x34,0x31,0x34,0x31,0x34,0x31,0x34,0x31,0x34,0x31,0x34,
    0x31,0x34,0x31,0x34,0x31,0x34,0x31,0x34,0x31,0x34,0x31,0x34,0x31,0x34,0x31,0x34,
    0x31,0x34,0x31,0x34,0x31,0x34,0x31,0x34,0x31,0x34,0x31,0x34,0x31,0x34,0x31,0x34,
    0x31,0x34,0x31,0x34,0x31,0x34,0x31,0x34,0x31,0x34,0x31,0x34,0x31,0x34,0x31,0x34,
    0x31,0x34,0x31,0x34,0x31,0x34,0x31,0x34,0x31,0x34,0x31,0x34,0x31,0x34,0x31,0x34,
    0x31,0x34,0x31,0x34,0x31,0x34,0x31,0x34,0x31,0x34,0x2B,0x5E,0x2B,0x5E,0x31,0x34,
    0x31,0x34,0x31,0x34,0x31,0x34,0x31,0x34,0x31,0x34,0x31,0x34,0x2B,0x5E,0x2B,0x5E,
    0x31,0x34,0x31,0x34,0x31,0x34,0x31,0x34,0x31,0x34,0x31,0x34,0x31,0x34,0x31,0x34,
    0x31,0x34,0x31,0x34,0x31,0x34,0x31,0x34,0x2B,0x5E,0x2B,0x5E,0x25,0x08,0x25,0x08,
    0x25,0x08,0x25,0x08,0x25,0x08,0x25,0x08,0x25,0x08,0x25,0x08,0x25,0x08,0x25,0x08,
    0x25,0x08,0x25,0x08,0x25,0x08,0x25,0x08,0x25,0x08,0x25,0x08,0x25,0x08,0x25,0x08,
    0x25,0x08,0x25,0x08,0x25,0x08,0x25,0x08,0x25,0x08,0x25,0x08,0x25,0x08,0x25,0x08,
    0x25,0x08,0x25,0x08,0x25,0x08,0x25,0x08,0x25,0x08,0x25,0x08,0x25,0x08,0x25,0x08,
    0x25,0x08,0x25,0x08,0x25,0x08,0x25,0x08,0x25,0x08,0x25,0x08,0x25,0x08,0x25,0x08,
    0x25,0x08,0x25,0x08,0x25,0x08,0x25,0x08,0x25,0x08,0x25,0x08,0x25,0x08,0x25,0x08,
    0x31,0x34,0x31,0x34,0x31,0x34,0x2B,0x5E,0x2B,0x5E,0x31,0x34,0xAE,0x21,0xAE,0x21,
    0x31,0x34,0x2B,0x5E,0x2B,0x5E,0x2B,0x5E,0x2B,0x5E,0x2B,0x5E,0x2B,0x5E,0x2B,0x5E,
    0x31,0x34,0xAE,0x21,0xAE,0x21,0x31,0x34,0x2B,0x5E,0x2B,0x5E,0x31,0x34,0x31,0x34,
    0x31,0x34,0x31,0x34,0x31,0x34,0x31,0x34,0x2B,0x5E,0x2B,0x5E,0x2B,0x5E,0xAE,0x21,
    0xAE,0x21,0x2B,0x5E,0x2B,0x5E,0x2B,0x5E,0x2B,0x5E,0x2B,0x5E,0x2B,0x5E,0x2B,0x5E,
    0x2B,0x5E,0x2B,0x5E,0xAE,0x21,0xAE,0x21,0x2B,0x5E,0x2B,0x5E,0x2B,0x5E,0x31,0x34,
    0x31,0x34,0x31,0x34,0x31,0x34,0x31,0x34,0x31,0x34,0x2B,0x5E,0x2B,0x5E,0x2B,0x5E,
    0xAE,0x21,0xAE,0x21,0x2B,0x5E,0x2B,0x5E,0x2B,0x5E,0x2B,0x5E,0x2B,0x5E,0x2B,0x5E,
    0x2B,0x5E,0x2B,0x5E,0x2B,0x5E,0xAE,0x21,0xAE,0x21,0x2B,0x5E,0x2B,0x5E,0x2B,0x5E,
    0x31,0x34,0x31,0x34,0x31,0x34,0x31,0x34,0x31,0x34,0x2B,0x5E,0x2B,0x5E,0x2B,0x5E,
    0x2B,0x5E,0xAE,0x21,0xAE,0x21,0x2B,0x5E,0x2B,0x5E,0x2B,0x5E,0x2B,0x5E,0x2B,0x5E,
    0x2B,0x5E,0x2B,0x5E,0x2B,0x5E,0x2B,0x5E,0xAE,0x21,0xAE,0x21,0x2B,0x5E,0x2B,0x5E,
    0x2B,0x5E,0x2B,0x5E,0x31,0x34,0x31,0x34,0x31,0x34,0x31,0x34,0x2B,0x5E,0x2B,0x5E,
    0x2B,0x5E,0x2B,0x5E,0xAE,0x21,0xAE,0x21,0x2B,0x5E,0x2B,0x5E,0x2B,0x5E,0x2B,0x5E,
    0x2B,0x5E,0x2B,0x5E,0x2B,0x5E,0x2B,0x5E,0x2B,0x5E,0xAE,0x21,0xAE,0x21,0x2B,0x5E,
    0x2B,0x5E,0x2B,0x5E,0x2B,0x5E,0x31,0x34,0x31,0x34,0x25,0x08,0x25,0x08,0x25,0x08,
    0xAE,0x21,0xAE,0x21,0xAE,0x21,0xAE,0x21,0xAE,0x21,0xAE,0x21,0xAE,0x21,0xAE,0x21,
    0xAE,0x21,0xAE,0x21,0xAE,0x21,0xAE,0x21,0xAE,0x21,0xAE,0x21,0xAE,0x21,0xAE,0x21,
    0xAE,0x21,0xAE,0x21,0xAE,0x21,0x25,0x08,0x25,0x08,0x25,0x08,0xAE,0x21,0xAE,0x21,
    0x31,0x34,0x31,0x34,0x31,0x34,0x31,0x34,0x31,0x34,0x31,0x34,0x31,0x34,0x31,0x34,
    0x31,0x34,0xAE,0x21,0xAE,0x21,0x31,0x34,0x31,0x34,0x31,0x34,0x31,0x34,0x31,0x34,
    0x31,0x34,0x31,0x34,0x31,0x34,0x31,0x34,0x31,0x34,0xAE,0x21,0xAE,0x21,0xAE,0x21,
    0xAE,0x21,0x31,0x34,0x31,0x34,0x31,0x34,0x31,0x34,0x31,0x34,0x31,0x34,0x31,0x34,
    0x31,0x34,0x31,0x34,0xAE,0x21,0xAE,0x21,0x31,0x34,0x31,0x34,0x31,0x34,0x31,0x34,
    0x31,0x34,0x31,0x34,0x31,0x34,0x31,0x34,0x31,0x34,0x31,0x34,0xAE,0x21,0xAE,0x21,
    0xAE,0x21,0xAE,0x21,0x2B,0x5E,0x31,0x34,0x31,0x34,0x31,0x34,0x31,0x34,0x31,0x34,
    0x31,0x34,0x31,0x34,0x31,0x34,0xAE,0x21,0xAE,0x21,0x31,0x34,0x31,0x34,0x31,0x34,
    0x31,0x34,0x31,0x34,0x31,0x34,0x31,0x34,0x31,0x34,0x31,0x34,0x2B,0x5E,0xAE,0x21,
    0xAE,0x21,0xAE,0x21,0xAE,0x21,0x31,0x34,0x31,0x34,0x31,0x34,0x31,0x34,0x31,0x34,
    0x31,0x34,0x31,0x34,0x31,0x34,0x31,0x34,0xAE,0x21,0xAE,0x21,0xAE,0x21,0x31,0x34,
    0x31,0x34,0x31,0x34,0x31,0x34,0x31,0x34,0x31,0x34,0x31,0x34,0x31,0x34,0x31,0x34,
    0xAE,0x21,0xAE,0x21,0xAE,0x21,0xAE,0x21,0x31,0x34,0x31,0x34,0x31,0x34,0x31,0x34,
    0x31,0x34,0x31,0x34,0x31,0x34,0x31,0x34,0x31,0x34,0xAE,0x21,0xAE,0x21,0xAE,0x21,
    0x31,0x34,0x31,0x34,0x31,0x34,0x31,0x34,0x31,0x34,0x31,0x34,0x31,0x34,0x31,0x34,
    0x31,0x34,0xAE,0x21,0xAE,0x21,0x25,0x08,0x25,0x08,0xAE,0x21,0xAE,0x21,0xAE,0x21,
    0xAE,0x21,0x25,0x08,0x25,0x08,0x25,0x08,0xAE,0x21,0xAE,0x21,0x25,0x08,0x25,0x08,
    0x25,0x08,0x25,0x08,0x25,0x08,0x25,0x08,0x25,0x08,0x25,0x08,0xAE,0x21,0xAE,0x21,
    0xAE,0x21,0xAE,0x21,0x25,0x08,0x25,0x08,0x2B,0x5E,0x2B,0x5E,0x31,0x34,0x31,0x34,
    0x31,0x34,0x25,0x08,0x31,0x34,0x31,0x34,0x31,0x34,0x31,0x34,0x31,0x34,0x31,0x34,
    0x31,0x34,0x31,0x34,0x31,0x34,0x31,0x34,0x31,0x34,0x31,0x34,0x31,0x34,0x25,0x08,
    0x31,0x34,0x31,0x34,0x31,0x34,0x2B,0x5E,0x2B,0x5E,0x2B,0x5E,0x2B,0x5E,0x31,0x34,
    0x31,0x34,0x31,0x34,0x25,0x08,0x31,0x34,0x31,0x34,0x31,0x34,0x31,0x34,0x31,0x34,
    0x31,0x34,0x31,0x34,0x31,0x34,0x31,0x34,0x31,0x34,0x31,0x34,0x31,0x34,0x31,0x34,
    0x25,0x08,0x31,0x34,0x31,0x34,0x31,0x34,0x2B,0x5E,0x2B,0x5E,0x2B,0x5E,0x2B,0x5E,
    0x31,0x34,0x31,0x34,0x31,0x34,0xAE,0x21,0x31,0x34,0x31,0x34,0x31,0x34,0x31,0x34,
    0x31,0x34,0x31,0x34,0x31,0x34,0x31,0x34,0x31,0x34,0x31,0x34,0x31,0x34,0x31,0x34,
    0x31,0x34,0xAE,0x21,0x31,0x34,0x31,0x34,0x31,0x34,0x2B,0x5E,0x2B,0x5E,0x31,0x34,
    0x31,0x34,0x31,0x34,0x31,0x34,0x31,0x34,0xAE,0x21,0xAE,0x21,0xAE,0x21,0x31,0x34,
    0x31,0x34,0x31,0x34,0x31,0x34,0x31,0x34,0x31,0x34,0x31,0x34,0x31,0x34,0x31,0x34,
    0x31,0x34,0x31,0x34,0xAE,0x21,0x31,0x34,0x31,0x34,0x31,0x34,0x31,0x34,0x31,0x34,
    0x31,0x34,0x31,0x34,0x31,0x34,0x31,0x34,0x31,0x34,0xAE,0x21,0xAE,0x21,0xAE,0x21,
    0x31,0x34,0x31,0x34,0x31,0x34,0x31,0x34,0x31,0x34,0x31,0x34,0x31,0x34,0x31,0x34,
    0x31,0x34,0x31,0x34,0x31,0x34,0xAE,0x21,0x31,0x34,0x31,0x34,0x31,0x34,0x31,0x34,
    0x31,0x34,0xFF,0xFF,0xFF,0xFF,0xFF,0xFF,0xFF,0xFF,0xFF,0xFF,0xFF,0xFF,0xFF,0xFF,
    0xFF,0xFF,0xFF,0xFF,0xFF,0xFF,0xFF,0xFF,0xFF,0xFF,0xFF,0xFF,0xFF,0xFF,0xFF,0xFF,
    0xFF,0xFF,0xFF,0xFF,0xFF,0xFF,0xFF,0xFF,0xFF,0xFF,0xFF,0xFF,0xFF,0xFF,0xFF,0xFF,
    0xFF,0xFF,0xFF,0xFF,0xFF,0xFF,0xFF,0xFF,0xFF,0xFF,0xFF,0xFF,0xFF,0xFF,0xFF,0xFF,
    0xFF,0xFF,0xFF,0xFF,0xFF,0xFF,0xFF,0xFF,0xFF,0xFF,0xFF,0xFF,0xFF,0xFF,0xFF,0xFF,
    0xFF,0xFF,0xFF,0xFF,0xFF,0xFF,0xFF,0xFF,0xFF,0xFF,0xFF,0xFF,0xFF,0xFF,0xFF,0xFF,
    0xFF,0xFF,0xFF,0xFF,0xFF,0xFF,0xFF,0xFF,0xFF,0xFF,0xFF,0xFF,0xFF,0xFF,0xFF,0xFF,
    0xFF,0xFF,0xFF,0xFF,0xFF,0xFF,0xFF,0xFF,0xFF,0xFF,0xFF,0xFF,0xFF,0xFF,0xFF,0xFF,
    0xFF,0xFF,0xFF,0xFF,0xFF,0xFF,0xFF,0xFF,0xFF,0xFF,0xFF,0xFF,0xFF,0xFF,0xFF,0xFF,
    0xFF,0xFF,0xFF,0xFF,0xFF,0xFF,0xFF,0xFF,0xFF,0xFF,0xFF,0xFF,0xFF,0xFF,0xFF,0xFF,
    0xFF,0xFF,0xFF,0xFF,0xFF,0xFF,0xFF,0xFF,0xFF,0xFF,0xFF,0xFF,0xFF,0xFF,0xFF,0xFF,
    0xFF,0xFF,0xFF,0xFF,0xFF,0xFF,0xFF,0xFF,0xFF,0xFF,0xFF,0xFF,0xFF,0xFF,0xFF,0xFF,
    0xFF,0xFF,0xFF,0xFF,0xFF,0xFF,0xFF,0xFF,0xFF,0xFF,0xFF,0xFF,0xFF,0xFF,0xFF,0xFF,
    0xFF,0xFF,0xFF,0xFF,0xFF,0xFF,0xFF,0xFF,0xFF,0xFF,0xFF,0xFF,0xFF,0xFF,0xFF,0xFF,
    0xFF,0xFF,0xFF,0xFF,0xFF,0xFF,0xFF,0xFF,0xFF,0xFF,0xFF,0xFF,0xFF,0xFF,0xFF,0xFF,
    0xFF,0xFF,0xFF,0xFF,0xFF,0xFF,0xFF,0xFF,0xFF,0xFF,0xFF,0xFF,0xFF,0xFF,0xFF,0xFF,
    0xFF,0xFF,0xFF,0xFF,0xFF,0xFF,0xFF,0xFF,0xFF,0xFF,0xFF,0xFF,0xFF,0xFF,0xFF,0xFF,
    0xFF,0xFF,0xFF,0xFF,0xFF,0xFF,0xFF,0xFF,0xFF,0xFF,0xFF,0xFF,0xFF,0xFF,0xFF,0xFF,
    0xFF,0xFF,0xFF,0xFF,0xFF,0xFF,0xFF,0xFF,0xFF,0xFF,0xFF,0xFF,0xFF,0xFF,0xFF,0xFF,
    0xFF,0xFF,0xFF,0xFF,0xFF,0xFF,0xFF,0xFF,0xFF,0xFF,0xFF,0xFF,0xFF,0xFF,0xFF,0xFF,
    0xFF,0xFF,0xFF,0xFF,0xFF,0xFF,0xFF,0xFF,0xFF,0xFF,0xFF,0xFF,0xFF,0xFF,0xFF,0xFF,
    0xFF,0xFF,0xFF,0xFF,0xFF,0xFF,0xFF,0xFF,0xFF,0xFF,0xFF,0xFF,0xFF,0xFF,0xFF,0xFF,
    0xFF,0xFF,0xFF,0xFF,0xFF,0xFF,0xFF,0xFF,0xFF,0xFF,0xFF,0xFF,0xFF,0xFF,0xFF,0xFF,
    0xFF,0xFF,0xFF,0xFF,0xFF,0xFF,0xFF,0xFF,0xFF,0xFF,0xFF,0xFF,0xFF,0xFF,0xFF,0xFF,
    0xFF,0xFF,0xFF,0xFF,0xFF,0xFF,0xFF,0xFF,0xFF,0xFF,0xFF,0xFF,0xFF,0xFF,0xFF,0xFF,
    0xFF,0xFF,0xFF,0xFF,0xFF,0xFF,0xFF,0xFF,0xFF,0xFF,0xFF,0xFF,0xFF,0xFF,0xFF,0xFF,
    0xFF,0xFF,0xFF,0xFF,0xFF,0xFF,0xFF,0xFF,0xFF,0xFF,0xFF,0xFF,0xFF,0xFF,0xFF,0xFF,
    0xFF,0xFF,0xFF,0xFF,0xFF,0xFF,0xFF,0xFF,0xFF,0xFF,0xFF,0xFF,0xFF,0xFF,0xFF,0xFF,
    0xFF,0xFF,0xFF,0xFF,0xFF,0xFF,0xFF,0xFF,0xFF,0xFF,0xFF,0xFF,0xFF,0xFF,0xFF,0xFF,
    0xFF,0xFF,0xFF,0xFF,0xFF,0xFF,0xFF,0xFF,0xFF,0xFF,0xFF,0xFF,0xFF,0xFF,0xFF,0xFF,
    0xFF,0xFF,0xFF,0xFF,0xFF,0xFF,0xFF,0xFF,0xFF,0xFF,0xFF,0xFF,0xFF,0xFF,0xFF,0xFF,
    0xFF,0xFF,0xFF,0xFF,0xFF,0xFF,0xFF,0xFF,0xFF,0xFF,0xFF,0xFF,0xFF,0xFF,0xFF,0xFF,
    0xFF,0xFF,0xFF,0xFF,0xFF,0xFF,0xFF,0xFF,0xFF,0xFF,0xFF,0xFF,0xFF,0xFF,0xFF,0xFF,
    0xFF,0xFF,0xFF,0xFF,0xFF,0xFF,0xFF,0xFF,0xFF,0xFF,0xFF,0xFF,0xFF,0xFF,0xFF,0xFF,
    0xFF,0xFF,0xFF,0xFF,0xFF,0xFF,0xFF,0xFF,0xFF,0xFF,0xFF,0xFF,0xFF,0xFF,0xFF,0xFF,
    0xFF,0xFF,0xFF,0xFF,0xFF,0xFF,0xFF,0xFF,0xFF,0xFF,0xFF,0xFF,0xFF,0xFF,0xFF,0xFF,
    0xFF,0xFF,0xFF,0xFF,0xFF,0xFF,0xFF,0xFF,0xFF,0xFF,0xFF,0xFF,0xFF,0xFF,0xFF,0xFF,
    0xFF,0xFF,0xFF,0xFF,0xFF,0xFF,0xFF,0xFF,0xFF,0xFF,0xFF,0xFF,0xFF,0xFF,0xFF,0xFF,
    0xFF,0xFF,0xFF,0xFF,0xFF,0xFF,0xFF,0xFF,0xFF,0xFF,0xFF,0xFF,0xFF,0xFF,0xFF,0xFF,
    0xFF,0xFF,0xFF,
};
const lv_image_dsc_t ui_img_jump_prince_tile_3_0 = {
    .header.w = 25,
    .header.h = 25,
    .data_size = sizeof(ui_img_jump_prince_tile_3_0_data),
    .header.cf = LV_COLOR_FORMAT_NATIVE_WITH_ALPHA,
    .header.magic = LV_IMAGE_HEADER_MAGIC,
    .data = ui_img_jump_prince_tile_3_0_data
};

const LV_ATTRIBUTE_MEM_ALIGN uint8_t ui_img_jump_prince_tile_4_0_data[] = {
    0x25,0x08,0x25,0x08,0x25,0x08,0x25,0x08,0x25,0x08,0x25,0x08,0x25,0x08,0x25,0x08,
    0x25,0x08,0x25,0x08,0x25,0x08,0x25,0x08,0x25,0x08,0x25,0x08,0x25,0x08,0x25,0x08,
    0x25,0x08,0x25,0x08,0x25,0x08,0x25,0x08,0x25,0x08,0x25,0x08,0x25,0x08,0x25,0x08,
    0x25,0x08,0x25,0x08,0x25,0x08,0x25,0x08,0x25,0x08,0x25,0x08,0x25,0x08,0x25,0x08,
    0x25,0x08,0x25,0x08,0x25,0x08,0x25,0x08,0x25,0x08,0x25,0x08,0x25,0x08,0x25,0x08,
    0x25,0x08,0x25,0x08,0x25,0x08,0x25,0x08,0x25,0x08,0x25,0x08,0x25,0x08,0x25,0x08,
    0x25,0x08,0x25,0x08,0x25,0x08,0x25,0x08,0x25,0x08,0x25,0x08,0x25,0x08,0x25,0x08,
    0x25,0x08,0x25,0x08,0x25,0x08,0x25,0x08,0x25,0x08,0x25,0x08,0x25,0x08,0x25,0x08,
    0x25,0x08,0x25,0x08,0x25,0x08,0x25,0x08,0x25,0x08,0x25,0x08,0x25,0x08,0x25,0x08,
    0x25,0x08,0x25,0x08,0x25,0x08,0x25,0x08,0x25,0x08,0x25,0x08,0x25,0x08,0x25,0x08,
    0x25,0x08,0x25,0x08,0x25,0x08,0x25,0x08,0x25,0x08,0x25,0x08,0x25,0x08,0x25,0x08,
    0x25,0x08,0x25,0x08,0x25,0x08,0x25,0x08,0x25,0x08,0x25,0x08,0x25,0x08,0x25,0x08,
    0x25,0x08,0x25,0x08,0x25,0x08,0x25,0x08,0x25,0x08,0x25,0x08,0x25,0x08,0x25,0x08,
    0x25,0x08,0x25,0x08,0x25,0x08,0x25,0x08,0x25,0x08,0x25,0x08,0x25,0x08,0x25,0x08,
    0x25,0x08,0x25,0x08,0x25,0x08,0x25,0x08,0x25,0x08,0x25,0x08,0x25,0x08,0x25,0x08,
    0x25,0x08,0x25,0x08,0x25,0x08,0x25,0x08,0x25,0x08,0x25,0x08,0x25,0x08,0x25,0x08,
    0x25,0x08,0x25,0x08,0x25,0x08,0x25,0x08,0x25,0x08,0x25,0x08,0x25,0x08,0x25,0x08,
    0x25,0x08,0x25,0x08,0x25,0x08,0x25,0x08,0x25,0x08,0x25,0x08,0x25,0x08,0x25,0x08,
    0x25,0x08,0x25,0x08,0x25,0x08,0x25,0x08,0x25,0x08,0x25,0x08,0x25,0x08,0x25,0x08,
    0x25,0x08,0x25,0x08,0x25,0x08,0x25,0x08,0x25,0x08,0x25,0x08,0x25,0x08,0x25,0x08,
    0x25,0x08,0x25,0x08,0x25,0x08,0x25,0x08,0x25,0x08,0x25,0x08,0x25,0x08,0x25,0x08,
    0x25,0x08,0x25,0x08,0x25,0x08,0x25,0x08,0x25,0x08,0x25,0x08,0x25,0x08,0x25,0x08,
    0x25,0x08,0x25,0x08,0x25,0x08,0x25,0x08,0x25,0x08,0x25,0x08,0x25,0x08,0x25,0x08,
    0x25,0x08,0x25,0x08,0x25,0x08,0x25,0x08,0x25,0x08,0x25,0x08,0x25,0x08,0x25,0x08,
    0x25,0x08,0x25,0x08,0x25,0x08,0x25,0x08,0x25,0x08,0x25,0x08,0x25,0x08,0x25,0x08,
    0x25,0x08,0x25,0x08,0x25,0x08,0x25,0x08,0x25,0x08,0x25,0x08,0x25,0x08,0x25,0x08,
    0x25,0x08,0x25,0x08,0x25,0x08,0x25,0x08,0x25,0x08,0x25,0x08,0x25,0x08,0x25,0x08,
    0x25,0x08,0x25,0x08,0x25,0x08,0x25,0x08,0xAE,0x21,0xAE,0x21,0xAE,0x21,0xAE,0x21,
    0xAE,0x21,0x25,0x08,0x25,0x08,0x25,0x08,0x25,0x08,0x25,0x08,0x25,0x08,0x25,0x08,
    0x25,0x08,0x25,0x08,0x25,0x08,0x25,0x08,0xAE,0x21,0xAE,0x21,0xAE,0x21,0xAE,0x21,
    0xAE,0x21,0xAE,0x21,0x25,0x08,0x25,0x08,0xAE,0x21,0xAE,0x21,0xAE,0x21,0xAE,0x21,
    0xAE,0x21,0xAE,0x21,0x25,0x08,0x25,0x08,0x25,0x08,0x25,0x08,0x25,0x08,0x25,0x08,
    0x25,0x08,0x25,0x08,0x25,0x08,0x25,0x08,0x25,0x08,0xAE,0x21,0xAE,0x21,0xAE,0x21,
    0xAE,0x21,0xAE,0x21,0xAE,0x21,0x25,0x08,0x25,0x08,0xAE,0x21,0xAE,0x21,0xAE,0x21,
    0xAE,0x21,0xAE,0x21,0xAE,0x21,0x25,0x08,0x25,0x08,0x25,0x08,0x25,0x08,0x25,0x08,
    0x25,0x08,0x25,0x08,0x25,0x08,0x25,0x08,0x25,0x08,0x25,0x08,0xAE,0x21,0xAE,0x21,
    0xAE,0x21,0xAE,0x21,0xAE,0x21,0xAE,0x21,0x25,0x08,0x25,0x08,0xAE,0x21,0xAE,0x21,
    0xAE,0x21,0xAE,0x21,0xAE,0x21,0xAE,0x21,0x25,0x08,0x25,0x08,0x25,0x08,0x25,0x08,
    0x25,0x08,0x25,0x08,0x25,0x08,0x25,0x08,0x25,0x08,0x25,0x08,0x25,0x08,0xAE,0x21,
    0xAE,0x21,0xAE,0x21,0xAE,0x21,0xAE,0x21,0xAE,0x21,0x25,0x08,0x25,0x08,0xAE,0x21,
    0xAE,0x21,0xAE,0x21,0xAE,0x21,0xAE,0x21,0xAE,0x21,0x25,0x08,0x25,0x08,0x25,0x08,
    0x25,0x08,0x25,0x08,0x25,0x08,0x25,0x08,0x25,0x08,0x25,0x08,0x25,0x08,0x25,0x08,
    0x25,0x08,0x25,0x08,0x25,0x08,0x25,0x08,0x25,0x08,0x25,0x08,0x25,0x08,0x25,0x08,
    0x25,0x08,0x25,0x08,0x25,0x08,0x25,0x08,0x25,0x08,0x25,0x08,0x25,0x08,0x25,0x08,
    0x25,0x08,0x25,0x08,0x25,0x08,0x25,0x08,0x25,0x08,0x25,0x08,0x25,0x08,0x25,0x08,
    0x25,0x08,0x25,0x08,0x25,0x08,0xAE,0x21,0x31,0x34,0x31,0x34,0x31,0x34,0x31,0x34,
    0x31,0x34,0x31,0x34,0x25,0x08,0x25,0x08,0x31,0x34,0x31,0x34,0x31,0x34,0x25,0x08,
    0x25,0x08,0x25,0x08,0x25,0x08,0x25,0x08,0x25,0x08,0x25,0x08,0x25,0x08,0x25,0x08,
    0x25,0x08,0x25,0x08,0x25,0x08,0x25,0x08,0xAE,0x21,0x31,0x34,0x31,0x34,0x31,0x34,
    0x31,0x34,0x31,0x34,0x31,0x34,0x25,0x08,0x25,0x08,0x31,0x34,0x31,0x34,0x31,0x34,
    0x25,0x08,0x25,0x08,0x25,0x08,0x25,0x08,0x25,0x08,0x25,0x08,0x25,0x08,0x25,0x08,
    0x25,0x08,0x25,0x08,0x25,0x08,0x25,0x08,0x25,0x08,0x31,0x34,0x31,0x34,0x31,0x34,
    0x31,0x34,0x31,0x34,0x31,0x34,0x31,0x34,0xAE,0x21,0xAE,0x21,0x31,0x34,0x31,0x34,
    0x31,0x34,0x25,0x08,0x25,0x08,0x25,0x08,0x25,0x08,0x25,0x08,0x25,0x08,0x25,0x08,
    0x25,0x08,0x25,0x08,0x25,0x08,0x25,0x08,0x25,0x08,0x25,0x08,0x31,0x34,0x31,0x34,
    0x31,0x34,0x31,0x34,0x31,0x34,0x31,0x34,0x31,0x34,0xAE,0x21,0xAE,0x21,0xAE,0x21,
    0x31,0x34,0x31,0x34,0x25,0x08,0x25,0x08,0x25,0x08,0x25,0x08,0x25,0x08,0x25,0x08,
    0x25,0x08,0x25,0x08,0x25,0x08,0x25,0x08,0x25,0x08,0x25,0x08,0x25,0x08,0x31,0x34,
    0x31,0x34,0x31,0x34,0x31,0x34,0x31,0x34,0x31,0x34,0x31,0x34,0xAE,0x21,0xAE,0x21,
    0xAE,0x21,0x31,0x34,0x31,0x34,0x25,0x08,0x25,0x08,0x25,0x08,0x25,0x08,0x25,0x08,
    0x25,0x08,0x25,0x08,0x25,0x08,0x25,0x08,0x25,0x08,0x25,0x08,0x25,0x08,0x25,0x08,
    0x25,0x08,0x25,0x08,0x25,0x08,0x25,0x08,0x25,0x08,0x25,0x08,0x25,0x08,0x25,0x08,
    0x25,0x08,0x25,0x08,0x25,0x08,0x25,0x08,0x25,0x08,0x25,0x08,0x25,0x08,0x25,0x08,
    0x25,0x08,0x25,0x08,0x25,0x08,0x25,0x08,0x25,0x08,0x25,0x08,0x25,0x08,0x25,0x08,
    0x25,0x08,0x25,0x08,0x25,0x08,0x25,0x08,0x25,0x08,0x25,0x08,0x25,0x08,0x25,0x08,
    0xAE,0x21,0xAE,0x21,0xAE,0x21,0xAE,0x21,0xAE,0x21,0x25,0x08,0x25,0x08,0x25,0x08,
    0x25,0x08,0x25,0x08,0x25,0x08,0x25,0x08,0x25,0x08,0x25,0x08,0x25,0x08,0x25,0x08,
    0x25,0x08,0x25,0x08,0x25,0x08,0x25,0x08,0x25,0x08,0x25,0x08,0x25,0x08,0x25,0x08,
    0x25,0x08,0xAE,0x21,0xAE,0x21,0xAE,0x21,0xAE,0x21,0xAE,0x21,0x25,0x08,0x25,0x08,
    0x25,0x08,0x25,0x08,0x25,0x08,0x25,0x08,0x25,0x08,0x25,0x08,0x25,0x08,0x25,0x08,
    0x25,0x08,0xAE,0x21,0xAE,0x21,0xAE,0x21,0x25,0x08,0x25,0x08,0xAE,0x21,0xAE,0x21,
    0xAE,0x21,0x25,0x08,0xAE,0x21,0xAE,0x21,0x31,0x34,0x31,0x34,0x31,0x34,0x25,0x08,
    0x25,0x08,0x25,0x08,0x25,0x08,0x25,0x08,0x25,0x08,0x25,0x08,0x25,0x08,0x25,0x08,
    0xAE,0x21,0xAE,0x21,0xAE,0x21,0xAE,0x21,0xAE,0x21,0x25,0x08,0x25,0x08,0x31,0x34,
    0x31,0x34,0x31,0x34,0x25,0x08,0x31,0x34,0x31,0x34,0x31,0x34,0x31,0x34,0x31,0x34,
    0x25,0x08,0x25,0x08,0x25,0x08,0x25,0x08,0x25,0x08,0x25,0x08,0x25,0x08,0x25,0x08,
    0x25,0x08,0xAE,0x21,0xAE,0x21,0xAE,0x21,0xAE,0x21,0xAE,0x21,0x25,0x08,0x25,0x08,
    0x31,0x34,0x31,0x34,0x31,0x34,0x25,0x08,0x31,0x34,0x31,0x34,0x31,0x34,0x31,0x34,
    0x31,0x34,0xFF,0xFF,0xFF,0xFF,0xFF,0xFF,0xFF,0xFF,0xFF,0xFF,0xFF,0xFF,0xFF,0xFF,
    0xFF,0xFF,0xFF,0xFF,0xFF,0xFF,0xFF,0xFF,0xFF,0xFF,0xFF,0xFF,0xFF,0xFF,0xFF,0xFF,
    0xFF,0xFF,0xFF,0xFF,0xFF,0xFF,0xFF,0xFF,0xFF,0xFF,0xFF,0xFF,0xFF,0xFF,0xFF,0xFF,
    0xFF,0xFF,0xFF,0xFF,0xFF,0xFF,0xFF,0xFF,0xFF,0xFF,0xFF,0xFF,0xFF,0xFF,0xFF,0xFF,
    0xFF,0xFF,0xFF,0xFF,0xFF,0xFF,0xFF,0xFF,0xFF,0xFF,0xFF,0xFF,0xFF,0xFF,0xFF,0xFF,
    0xFF,0xFF,0xFF,0xFF,0xFF,0xFF,0xFF,0xFF,0xFF,0xFF,0xFF,0xFF,0xFF,0xFF,0xFF,0xFF,
    0xFF,0xFF,0xFF,0xFF,0xFF,0xFF,0xFF,0xFF,0xFF,0xFF,0xFF,0xFF,0xFF,0xFF,0xFF,0xFF,
    0xFF,0xFF,0xFF,0xFF,0xFF,0xFF,0xFF,0xFF,0xFF,0xFF,0xFF,0xFF,0xFF,0xFF,0xFF,0xFF,
    0xFF,0xFF,0xFF,0xFF,0xFF,0xFF,0xFF,0xFF,0xFF,0xFF,0xFF,0xFF,0xFF,0xFF,0xFF,0xFF,
    0xFF,0xFF,0xFF,0xFF,0xFF,0xFF,0xFF,0xFF,0xFF,0xFF,0xFF,0xFF,0xFF,0xFF,0xFF,0xFF,
    0xFF,0xFF,0xFF,0xFF,0xFF,0xFF,0xFF,0xFF,0xFF,0xFF,0xFF,0xFF,0xFF,0xFF,0xFF,0xFF,
    0xFF,0xFF,0xFF,0xFF,0xFF,0xFF,0xFF,0xFF,0xFF,0xFF,0xFF,0xFF,0xFF,0xFF,0xFF,0xFF,
    0xFF,0xFF,0xFF,0xFF,0xFF,0xFF,0xFF,0xFF,0xFF,0xFF,0xFF,0xFF,0xFF,0xFF,0xFF,0xFF,
    0xFF,0xFF,0xFF,0xFF,0xFF,0xFF,0xFF,0xFF,0xFF,0xFF,0xFF,0xFF,0xFF,0xFF,0xFF,0xFF,
    0xFF,0xFF,0xFF,0xFF,0xFF,0xFF,0xFF,0xFF,0xFF,0xFF,0xFF,0xFF,0xFF,0xFF,0xFF,0xFF,
    0xFF,0xFF,0xFF,0xFF,0xFF,0xFF,0xFF,0xFF,0xFF,0xFF,0xFF,0xFF,0xFF,0xFF,0xFF,0xFF,
    0xFF,0xFF,0xFF,0xFF,0xFF,0xFF,0xFF,0xFF,0xFF,0xFF,0xFF,0xFF,0xFF,0xFF,0xFF,0xFF,
    0xFF,0xFF,0xFF,0xFF,0xFF,0xFF,0xFF,0xFF,0xFF,0xFF,0xFF,0xFF,0xFF,0xFF,0xFF,0xFF,
    0xFF,0xFF,0xFF,0xFF,0xFF,0xFF,0xFF,0xFF,0xFF,0xFF,0xFF,0xFF,0xFF,0xFF,0xFF,0xFF,
    0xFF,0xFF,0xFF,0xFF,0xFF,0xFF,0xFF,0xFF,0xFF,0xFF,0xFF,0xFF,0xFF,0xFF,0xFF,0xFF,
    0xFF,0xFF,0xFF,0xFF,0xFF,0xFF,0xFF,0xFF,0xFF,0xFF,0xFF,0xFF,0xFF,0xFF,0xFF,0xFF,
    0xFF,0xFF,0xFF,0xFF,0xFF,0xFF,0xFF,0xFF,0xFF,0xFF,0xFF,0xFF,0xFF,0xFF,0xFF,0xFF,
    0xFF,0xFF,0xFF,0xFF,0xFF,0xFF,0xFF,0xFF,0xFF,0xFF,0xFF,0xFF,0xFF,0xFF,0xFF,0xFF,
    0xFF,0xFF,0xFF,0xFF,0xFF,0xFF,0xFF,0xFF,0xFF,0xFF,0xFF,0xFF,0xFF,0xFF,0xFF,0xFF,
    0xFF,0xFF,0xFF,0xFF,0xFF,0xFF,0xFF,0xFF,0xFF,0xFF,0xFF,0xFF,0xFF,0xFF,0xFF,0xFF,
    0xFF,0xFF,0xFF,0xFF,0xFF,0xFF,0xFF,0xFF,0xFF,0xFF,0xFF,0xFF,0xFF,0xFF,0xFF,0xFF,
    0xFF,0xFF,0xFF,0xFF,0xFF,0xFF,0xFF,0xFF,0xFF,0xFF,0xFF,0xFF,0xFF,0xFF,0xFF,0xFF,
    0xFF,0xFF,0xFF,0xFF,0xFF,0xFF,0xFF,0xFF,0xFF,0xFF,0xFF,0xFF,0xFF,0xFF,0xFF,0xFF,
    0xFF,0xFF,0xFF,0xFF,0xFF,0xFF,0xFF,0xFF,0xFF,0xFF,0xFF,0xFF,0xFF,0xFF,0xFF,0xFF,
    0xFF,0xFF,0xFF,0xFF,0xFF,0xFF,0xFF,0xFF,0xFF,0xFF,0xFF,0xFF,0xFF,0xFF,0xFF,0xFF,
    0xFF,0xFF,0xFF,0xFF,0xFF,0xFF,0xFF,0xFF,0xFF,0xFF,0xFF,0xFF,0xFF,0xFF,0xFF,0xFF,
    0xFF,0xFF,0xFF,0xFF,0xFF,0xFF,0xFF,0xFF,0xFF,0xFF,0xFF,0xFF,0xFF,0xFF,0xFF,0xFF,
    0xFF,0xFF,0xFF,0xFF,0xFF,0xFF,0xFF,0xFF,0xFF,0xFF,0xFF,0xFF,0xFF,0xFF,0xFF,0xFF,
    0xFF,0xFF,0xFF,0xFF,0xFF,0xFF,0xFF,0xFF,0xFF,0xFF,0xFF,0xFF,0xFF,0xFF,0xFF,0xFF,
    0xFF,0xFF,0xFF,0xFF,0xFF,0xFF,0xFF,0xFF,0xFF,0xFF,0xFF,0xFF,0xFF,0xFF,0xFF,0xFF,
    0xFF,0xFF,0xFF,0xFF,0xFF,0xFF,0xFF,0xFF,0xFF,0xFF,0xFF,0xFF,0xFF,0xFF,0xFF,0xFF,
    0xFF,0xFF,0xFF,0xFF,0xFF,0xFF,0xFF,0xFF,0xFF,0xFF,0xFF,0xFF,0xFF,0xFF,0xFF,0xFF,
    0xFF,0xFF,0xFF,0xFF,0xFF,0xFF,0xFF,0xFF,0xFF,0xFF,0xFF,0xFF,0xFF,0xFF,0xFF,0xFF,
    0xFF,0xFF,0xFF,0xFF,0xFF,0xFF,0xFF,0xFF,0xFF,0xFF,0xFF,0xFF,0xFF,0xFF,0xFF,0xFF,
    0xFF,0xFF,0xFF,
};
const lv_image_dsc_t ui_img_jump_prince_tile_4_0 = {
    .header.w = 25,
    .header.h = 25,
    .data_size = sizeof(ui_img_jump_prince_tile_4_0_data),
    .header.cf = LV_COLOR_FORMAT_NATIVE_WITH_ALPHA,
    .header.magic = LV_IMAGE_HEADER_MAGIC,
    .data = ui_img_jump_prince_tile_4_0_data
};

const LV_ATTRIBUTE_MEM_ALIGN uint8_t ui_img_jump_prince_tile_5_0_data[] = {
    0x25,0x08,0x25,0x08,0x25,0x08,0x25,0x08,0x25,0x08,0x25,0x08,0x25,0x08,0x25,0x08,
    0x25,0x08,0x25,0x08,0x25,0x08,0x25,0x08,0x25,0x08,0x25,0x08,0x25,0x08,0x25,0x08,
    0x25,0x08,0x25,0x08,0x25,0x08,0x25,0x08,0x25,0x08,0x25,0x08,0x25,0x08,0x25,0x08,
    0x25,0x08,0x25,0x08,0x25,0x08,0x25,0x08,0x25,0x08,0x25,0x08,0x25,0x08,0x25,0x08,
    0x25,0x08,0x25,0x08,0x25,0x08,0x25,0x08,0x25,0x08,0x25,0x08,0x25,0x08,0x25,0x08,
    0x25,0x08,0x25,0x08,0x25,0x08,0x25,0x08,0x25,0x08,0x25,0x08,0x25,0x08,0x25,0x08,
    0x25,0x08,0x25,0x08,0x25,0x08,0x25,0x08,0x25,0x08,0x25,0x08,0x25,0x08,0x25,0x08,
    0x25,0x08,0x25,0x08,0x25,0x08,0x25,0x08,0x25,0x08,0x25,0x08,0x25,0x08,0x25,0x08,
    0x25,0x08,0x25,0x08,0x25,0x08,0x25,0x08,0x25,0x08,0x25,0x08,0x25,0x08,0x25,0x08,
    0x25,0x08,0x25,0x08,0x25,0x08,0x25,0x08,0x25,0x08,0x25,0x08,0x25,0x08,0x25,0x08,
    0x25,0x08,0x25,0x08,0x25,0x08,0x25,0x08,0x25,0x08,0x25,0x08,0x25,0x08,0x25,0x08,
    0x25,0x08,0x25,0x08,0x25,0x08,0x25,0x08,0x25,0x08,0x25,0x08,0x25,0x08,0x25,0x08,
    0x25,0x08,0x25,0x08,0x25,0x08,0x25,0x08,0x25,0x08,0x25,0x08,0x25,0x08,0x25,0x08,
    0x25,0x08,0x25,0x08,0x25,0x08,0x25,0x08,0x25,0x08,0x25,0x08,0x25,0x08,0x25,0x08,
    0x25,0x08,0x25,0x08,0x25,0x08,0x25,0x08,0x25,0x08,0x25,0x08,0x25,0x08,0x25,0x08,
    0x25,0x08,0x25,0x08,0x25,0x08,0x25,0x08,0x25,0x08,0x25,0x08,0x25,0x08,0x25,0x08,
    0x25,0x08,0x25,0x08,0x25,0x08,0x25,0x08,0x25,0x08,0xAE,0x21,0x25,0x08,0x25,0x08,
    0x25,0x08,0x25,0x08,0x25,0x08,0x25,0x08,0x25,0x08,0x25,0x08,0x25,0x08,0x25,0x08,
    0x25,0x08,0x25,0x08,0x25,0x08,0x25,0x08,0x25,0x08,0x25,0x08,0x25,0x08,0x25,0x08,
    0x25,0x08,0x25,0x08,0x25,0x08,0x25,0x08,0xAE,0x21,0xAE,0x21,0x25,0x08,0x25,0x08,
    0x25,0x08,0x25,0x08,0x25,0x08,0x25,0x08,0x25,0x08,0x25,0x08,0x25,0x08,0x25,0x08,
    0x25,0x08,0x25,0x08,0x25,0x08,0x25,0x08,0x25,0x08,0x25,0x08,0x25,0x08,0x25,0x08,
    0x25,0x08,0x25,0x08,0x25,0x08,0x25,0x08,0x25,0x08,0xAE,0x21,0xAE,0x21,0x25,0x08,
    0x25,0x08,0x25,0x08,0x25,0x08,0x25,0x08,0x25,0x08,0x25,0x08,0x25,0x08,0x25,0x08,
    0x25,0x08,0x25,0x08,0x25,0x08,0x25,0x08,0x25,0x08,0x25,0x08,0x25,0x08,0x25,0x08,
    0xAE,0x21,0xAE,0x21,0x25,0x08,0xAE,0x21,0xAE,0x21,0xAE,0x21,0x31,0x34,0x31,0x34,
    0x25,0x08,0xAE,0x21,0xAE,0x21,0x25,0x08,0x25,0x08,0x25,0x08,0xAE,0x21,0xAE,0x21,
    0xAE,0x21,0xAE,0x21,0xAE,0x21,0x25,0x08,0x31,0x34,0x31,0x34,0xAE,0x21,0xAE,0x21,
    0xAE,0x21,0xAE,0x21,0xAE,0x21,0x25,0x08,0xAE,0x21,0xAE,0x21,0xAE,0x21,0x31,0x34,
    0x31,0x34,0x25,0x08,0xAE,0x21,0xAE,0x21,0xAE,0x21,0xAE,0x21,0x25,0x08,0xAE,0x21,
    0xAE,0x21,0xAE,0x21,0xAE,0x21,0xAE,0x21,0xAE,0x21,0x25,0x08,0x25,0x08,0x31,0x34,
    0xAE,0x21,0xAE,0x21,0xAE,0x21,0xAE,0x21,0x25,0x08,0xAE,0x21,0xAE,0x21,0xAE,0x21,
    0x31,0x34,0x31,0x34,0x25,0x08,0xAE,0x21,0xAE,0x21,0xAE,0x21,0xAE,0x21,0x25,0x08,
    0xAE,0x21,0xAE,0x21,0xAE,0x21,0xAE,0x21,0xAE,0x21,0xAE,0x21,0x25,0x08,0x25,0x08,
    0x31,0x34,0xAE,0x21,0xAE,0x21,0xAE,0x21,0xAE,0x21,0x25,0x08,0x25,0x08,0x25,0x08,
    0xAE,0x21,0x25,0x08,0x25,0x08,0xAE,0x21,0xAE,0x21,0xAE,0x21,0xAE,0x21,0xAE,0x21,
    0x25,0x08,0xAE,0x21,0xAE,0x21,0xAE,0x21,0xAE,0x21,0xAE,0x21,0xAE,0x21,0x25,0x08,
    0x25,0x08,0xAE,0x21,0xAE,0x21,0xAE,0x21,0xAE,0x21,0xAE,0x21,0x25,0x08,0x25,0x08,
    0x25,0x08,0xAE,0x21,0x25,0x08,0x25,0x08,0xAE,0x21,0xAE,0x21,0xAE,0x21,0xAE,0x21,
    0xAE,0x21,0x25,0x08,0xAE,0x21,0xAE,0x21,0xAE,0x21,0xAE,0x21,0xAE,0x21,0xAE,0x21,
    0x25,0x08,0x25,0x08,0xAE,0x21,0xAE,0x21,0xAE,0x21,0x25,0x08,0x25,0x08,0x25,0x08,
    0x25,0x08,0x25,0x08,0x25,0x08,0x25,0x08,0x25,0x08,0x25,0x08,0x25,0x08,0x25,0x08,
    0x25,0x08,0x25,0x08,0x25,0x08,0x25,0x08,0x25,0x08,0x25,0x08,0x25,0x08,0x25,0x08,
    0x25,0x08,0x25,0x08,0x25,0x08,0x25,0x08,0x25,0x08,0x25,0x08,0x31,0x34,0x31,0x34,
    0x31,0x34,0x31,0x34,0x31,0x34,0x31,0x34,0x31,0x34,0x31,0x34,0x31,0x34,0x31,0x34,
    0x31,0x34,0x31,0x34,0x31,0x34,0x25,0x08,0x25,0x08,0x25,0x08,0x31,0x34,0xAE,0x21,
    0xAE,0x21,0x25,0x08,0x25,0x08,0x25,0x08,0x31,0x34,0x31,0x34,0x31,0x34,0x31,0x34,
    0x31,0x34,0x31,0x34,0x31,0x34,0x31,0x34,0x31,0x34,0x31,0x34,0x31,0x34,0x31,0x34,
    0x31,0x34,0x31,0x34,0x31,0x34,0x31,0x34,0x25,0x08,0x25,0x08,0x25,0x08,0x31,0x34,
    0xAE,0x21,0xAE,0x21,0x25,0x08,0x25,0x08,0x25,0x08,0x31,0x34,0x31,0x34,0x31,0x34,
    0x31,0x34,0x31,0x34,0x31,0x34,0x31,0x34,0x31,0x34,0x31,0x34,0x31,0x34,0x31,0x34,
    0x31,0x34,0x31,0x34,0x31,0x34,0x31,0x34,0x31,0x34,0xAE,0x21,0x31,0x34,0x31,0x34,
    0x31,0x34,0x31,0x34,0x31,0x34,0x25,0x08,0xAE,0x21,0xAE,0x21,0x31,0x34,0x31,0x34,
    0x31,0x34,0x31,0x34,0x31,0x34,0x31,0x34,0x31,0x34,0x31,0x34,0x31,0x34,0x31,0x34,
    0x31,0x34,0x31,0x34,0x31,0x34,0x31,0x34,0xAE,0x21,0xAE,0x21,0xAE,0x21,0x31,0x34,
    0x31,0x34,0x31,0x34,0x31,0x34,0x31,0x34,0xAE,0x21,0xAE,0x21,0xAE,0x21,0x31,0x34,
    0x31,0x34,0x31,0x34,0x31,0x34,0x31,0x34,0x31,0x34,0x31,0x34,0x31,0x34,0x31,0x34,
    0x31,0x34,0x31,0x34,0x31,0x34,0x31,0x34,0x31,0x34,0xAE,0x21,0xAE,0x21,0xAE,0x21,
    0x31,0x34,0x31,0x34,0x31,0x34,0x31,0x34,0x31,0x34,0xAE,0x21,0xAE,0x21,0xAE,0x21,
    0x31,0x34,0x31,0x34,0x31,0x34,0x25,0x08,0x25,0x08,0x25,0x08,0x25,0x08,0x25,0x08,
    0x25,0x08,0x25,0x08,0x25,0x08,0x25,0x08,0x25,0x08,0x25,0x08,0x25,0x08,0x25,0x08,
    0x25,0x08,0x25,0x08,0x25,0x08,0x25,0x08,0x25,0x08,0x25,0x08,0x25,0x08,0x25,0x08,
    0x25,0x08,0x25,0x08,0x25,0x08,0x25,0x08,0xAE,0x21,0xAE,0x21,0xAE,0x21,0xAE,0x21,
    0xAE,0x21,0x25,0x08,0xAE,0x21,0xAE,0x21,0xAE,0x21,0xAE,0x21,0xAE,0x21,0x25,0x08,
    0x25,0x08,0xAE,0x21,0xAE,0x21,0xAE,0x21,0x25,0x08,0xAE,0x21,0xAE,0x21,0x31,0x34,
    0xAE,0x21,0xAE,0x21,0xAE,0x21,0x25,0x08,0x25,0x08,0xAE,0x21,0xAE,0x21,0xAE,0x21,
    0xAE,0x21,0xAE,0x21,0x25,0x08,0xAE,0x21,0xAE,0x21,0xAE,0x21,0xAE,0x21,0xAE,0x21,
    0x25,0x08,0x25,0x08,0xAE,0x21,0xAE,0x21,0xAE,0x21,0x25,0x08,0xAE,0x21,0xAE,0x21,
    0x31,0x34,0xAE,0x21,0xAE,0x21,0xAE,0x21,0x25,0x08,0x25,0x08,0x31,0x34,0x31,0x34,
    0x31,0x34,0x31,0x34,0x31,0x34,0x25,0x08,0xAE,0x21,0xAE,0x21,0x31,0x34,0x31,0x34,
    0x31,0x34,0x25,0x08,0x25,0x08,0x2B,0x5E,0x31,0x34,0x31,0x34,0x25,0x08,0x25,0x08,
    0x25,0x08,0xAE,0x21,0x31,0x34,0x31,0x34,0x31,0x34,0xAE,0x21,0xAE,0x21,0x31,0x34,
    0x31,0x34,0x2B,0x5E,0x31,0x34,0x31,0x34,0x25,0x08,0x25,0x08,0x25,0x08,0x25,0x08,
    0x25,0x08,0x25,0x08,0x25,0x08,0x25,0x08,0x2B,0x5E,0x2B,0x5E,0x2B,0x5E,0x25,0x08,
    0x31,0x34,0x31,0x34,0x2B,0x5E,0x2B,0x5E,0x2B,0x5E,0x31,0x34,0xAE,0x21,0xAE,0x21,
    0x31,0x34,0x31,0x34,0x2B,0x5E,0x31,0x34,0x31,0x34,0x25,0x08,0x25,0x08,0x25,0x08,
    0x25,0x08,0x25,0x08,0x25,0x08,0x25,0x08,0x25,0x08,0x2B,0x5E,0x2B,0x5E,0x2B,0x5E,
    0x25,0x08,0x31,0x34,0x31,0x34,0x2B,0x5E,0x2B,0x5E,0x2B,0x5E,0x31,0x34,0xAE,0x21,
    0xAE,0x21,0xFF,0xFF,0xFF,0xFF,0xFF,0xFF,0xFF,0xFF,0xFF,0xFF,0xFF,0xFF,0xFF,0xFF,
    0xFF,0xFF,0xFF,0xFF,0xFF,0xFF,0xFF,0xFF,0xFF,0xFF,0xFF,0xFF,0xFF,0xFF,0xFF,0xFF,
    0xFF,0xFF,0xFF,0xFF,0xFF,0xFF,0xFF,0xFF,0xFF,0xFF,0xFF,0xFF,0xFF,0xFF,0xFF,0xFF,
    0xFF,0xFF,0xFF,0xFF,0xFF,0xFF,0xFF,0xFF,0xFF,0xFF,0xFF,0xFF,0xFF,0xFF,0xFF,0xFF,
    0xFF,0xFF,0xFF,0xFF,0xFF,0xFF,0xFF,0xFF,0xFF,0xFF,0xFF,0xFF,0xFF,0xFF,0xFF,0xFF,
    0xFF,0xFF,0xFF,0xFF,0xFF,0xFF,0xFF,0xFF,0xFF,0xFF,0xFF,0xFF,0xFF,0xFF,0xFF,0xFF,
    0xFF,0xFF,0xFF,0xFF,0xFF,0xFF,0xFF,0xFF,0xFF,0xFF,0xFF,0xFF,0xFF,0xFF,0xFF,0xFF,
    0xFF,0xFF,0xFF,0xFF,0xFF,0xFF,0xFF,0xFF,0xFF,0xFF,0xFF,0xFF,0xFF,0xFF,0xFF,0xFF,
    0xFF,0xFF,0xFF,0xFF,0xFF,0xFF,0xFF,0xFF,0xFF,0xFF,0xFF,0xFF,0xFF,0xFF,0xFF,0xFF,
    0xFF,0xFF,0xFF,0xFF,0xFF,0xFF,0xFF,0xFF,0xFF,0xFF,0xFF,0xFF,0xFF,0xFF,0xFF,0xFF,
    0xFF,0xFF,0xFF,0xFF,0xFF,0xFF,0xFF,0xFF,0xFF,0xFF,0xFF,0xFF,0xFF,0xFF,0xFF,0xFF,
    0xFF,0xFF,0xFF,0xFF,0xFF,0xFF,0xFF,0xFF,0xFF,0xFF,0xFF,0xFF,0xFF,0xFF,0xFF,0xFF,
    0xFF,0xFF,0xFF,0xFF,0xFF,0xFF,0xFF,0xFF,0xFF,0xFF,0xFF,0xFF,0xFF,0xFF,0xFF,0xFF,
    0xFF,0xFF,0xFF,0xFF,0xFF,0xFF,0xFF,0xFF,0xFF,0xFF,0xFF,0xFF,0xFF,0xFF,0xFF,0xFF,
    0xFF,0xFF,0xFF,0xFF,0xFF,0xFF,0xFF,0xFF,0xFF,0xFF,0xFF,0xFF,0xFF,0xFF,0xFF,0xFF,
    0xFF,0xFF,0xFF,0xFF,0xFF,0xFF,0xFF,0xFF,0xFF,0xFF,0xFF,0xFF,0xFF,0xFF,0xFF,0xFF,
    0xFF,0xFF,0xFF,0xFF,0xFF,0xFF,0xFF,0xFF,0xFF,0xFF,0xFF,0xFF,0xFF,0xFF,0xFF,0xFF,
    0xFF,0xFF,0xFF,0xFF,0xFF,0xFF,0xFF,0xFF,0xFF,0xFF,0xFF,0xFF,0xFF,0xFF,0xFF,0xFF,
    0xFF,0xFF,0xFF,0xFF,0xFF,0xFF,0xFF,0xFF,0xFF,0xFF,0xFF,0xFF,0xFF,0xFF,0xFF,0xFF,
    0xFF,0xFF,0xFF,0xFF,0xFF,0xFF,0xFF,0xFF,0xFF,0xFF,0xFF,0xFF,0xFF,0xFF,0xFF,0xFF,
    0xFF,0xFF,0xFF,0xFF,0xFF,0xFF,0xFF,0xFF,0xFF,0xFF,0xFF,0xFF,0xFF,0xFF,0xFF,0xFF,
    0xFF,0xFF,0xFF,0xFF,0xFF,0xFF,0xFF,0xFF,0xFF,0xFF,0xFF,0xFF,0xFF,0xFF,0xFF,0xFF,
    0xFF,0xFF,0xFF,0xFF,0xFF,0xFF,0xFF,0xFF,0xFF,0xFF,0xFF,0xFF,0xFF,0xFF,0xFF,0xFF,
    0xFF,0xFF,0xFF,0xFF,0xFF,0xFF,0xFF,0xFF,0xFF,0xFF,0xFF,0xFF,0xFF,0xFF,0xFF,0xFF,
    0xFF,0xFF,0xFF,0xFF,0xFF,0xFF,0xFF,0xFF,0xFF,0xFF,0xFF,0xFF,0xFF,0xFF,0xFF,0xFF,
    0xFF,0xFF,0xFF,0xFF,0xFF,0xFF,0xFF,0xFF,0xFF,0xFF,0xFF,0xFF,0xFF,0xFF,0xFF,0xFF,
    0xFF,0xFF,0xFF,0xFF,0xFF,0xFF,0xFF,0xFF,0xFF,0xFF,0xFF,0xFF,0xFF,0xFF,0xFF,0xFF,
    0xFF,0xFF,0xFF,0xFF,0xFF,0xFF,0xFF,0xFF,0xFF,0xFF,0xFF,0xFF,0xFF,0xFF,0xFF,0xFF,
    0xFF,0xFF,0xFF,0xFF,0xFF,0xFF,0xFF,0xFF,0xFF,0xFF,0xFF,0xFF,0xFF,0xFF,0xFF,0xFF,
    0xFF,0xFF,0xFF,0xFF,0xFF,0xFF,0xFF,0xFF,0xFF,0xFF,0xFF,0xFF,0xFF,0xFF,0xFF,0xFF,
    0xFF,0xFF,0xFF,0xFF,0xFF,0xFF,0xFF,0xFF,0xFF,0xFF,0xFF,0xFF,0xFF,0xFF,0xFF,0xFF,
    0xFF,0xFF,0xFF,0xFF,0xFF,0xFF,0xFF,0xFF,0xFF,0xFF,0xFF,0xFF,0xFF,0xFF,0xFF,0xFF,
    0xFF,0xFF,0xFF,0xFF,0xFF,0xFF,0xFF,0xFF,0xFF,0xFF,0xFF,0xFF,0xFF,0xFF,0xFF,0xFF,
    0xFF,0xFF,0xFF,0xFF,0xFF,0xFF,0xFF,0xFF,0xFF,0xFF,0xFF,0xFF,0xFF,0xFF,0xFF,0xFF,
    0xFF,0xFF,0xFF,0xFF,0xFF,0xFF,0xFF,0xFF,0xFF,0xFF,0xFF,0xFF,0xFF,0xFF,0xFF,0xFF,
    0xFF,0xFF,0xFF,0xFF,0xFF,0xFF,0xFF,0xFF,0xFF,0xFF,0xFF,0xFF,0xFF,0xFF,0xFF,0xFF,
    0xFF,0xFF,0xFF,0xFF,0xFF,0xFF,0xFF,0xFF,0xFF,0xFF,0xFF,0xFF,0xFF,0xFF,0xFF,0xFF,
    0xFF,0xFF,0xFF,0xFF,0xFF,0xFF,0xFF,0xFF,0xFF,0xFF,0xFF,0xFF,0xFF,0xFF,0xFF,0xFF,
    0xFF,0xFF,0xFF,0xFF,0xFF,0xFF,0xFF,0xFF,0xFF,0xFF,0xFF,0xFF,0xFF,0xFF,0xFF,0xFF,
    0xFF,0xFF,0xFF,
};
const lv_image_dsc_t ui_img_jump_prince_tile_5_0 = {
    .header.w = 25,
    .header.h = 25,
    .data_size = sizeof(ui_img_jump_prince_tile_5_0_data),
    .header.cf = LV_COLOR_FORMAT_NATIVE_WITH_ALPHA,
    .header.magic = LV_IMAGE_HEADER_MAGIC,
    .data = ui_img_jump_prince_tile_5_0_data
};

const LV_ATTRIBUTE_MEM_ALIGN uint8_t ui_img_jump_prince_tile_6_0_data[] = {
    0x25,0x08,0x25,0x08,0x25,0x08,0x25,0x08,0x25,0x08,0x25,0x08,0x25,0x08,0x25,0x08,
    0x25,0x08,0x25,0x08,0x25,0x08,0x25,0x08,0x25,0x08,0x25,0x08,0x25,0x08,0x25,0x08,
    0x25,0x08,0x25,0x08,0x25,0x08,0x25,0x08,0x25,0x08,0x25,0x08,0x25,0x08,0x25,0x08,
    0x25,0x08,0x25,0x08,0x25,0x08,0x25,0x08,0x25,0x08,0x25,0x08,0x25,0x08,0x25,0x08,
    0x25,0x08,0x25,0x08,0x25,0x08,0x25,0x08,0x25,0x08,0x25,0x08,0x25,0x08,0x25,0x08,
    0x25,0x08,0x25,0x08,0x25,0x08,0x25,0x08,0x25,0x08,0x25,0x08,0x25,0x08,0x25,0x08,
    0x25,0x08,0x25,0x08,0x25,0x08,0x25,0x08,0x25,0x08,0x25,0x08,0x25,0x08,0x25,0x08,
    0x25,0x08,0x25,0x08,0x25,0x08,0x25,0x08,0x25,0x08,0x25,0x08,0x25,0x08,0x25,0x08,
    0x25,0x08,0x25,0x08,0x25,0x08,0x25,0x08,0x25,0x08,0x25,0x08,0x25,0x08,0x25,0x08,
    0x25,0x08,0x25,0x08,0x25,0x08,0x25,0x08,0x25,0x08,0x25,0x08,0x25,0x08,0x25,0x08,
    0x25,0x08,0x25,0x08,0x25,0x08,0x25,0x08,0x25,0x08,0x25,0x08,0x25,0x08,0x25,0x08,
    0x25,0x08,0x25,0x08,0x25,0x08,0x25,0x08,0x25,0x08,0x25,0x08,0x25,0x08,0x25,0x08,
    0x25,0x08,0x25,0x08,0x25,0x08,0x25,0x08,0x25,0x08,0x25,0x08,0x25,0x08,0x25,0x08,
    0x25,0x08,0x25,0x08,0x25,0x08,0x25,0x08,0x25,0x08,0x25,0x08,0x25,0x08,0x25,0x08,
    0x25,0x08,0x25,0x08,0x25,0x08,0x25,0x08,0x25,0x08,0x25,0x08,0x25,0x08,0x25,0x08,
    0x25,0x08,0x25,0x08,0x25,0x08,0x25,0x08,0x25,0x08,0x25,0x08,0x25,0x08,0x25,0x08,
    0x25,0x08,0x25,0x08,0x25,0x08,0x25,0x08,0x25,0x08,0x25,0x08,0x25,0x08,0x25,0x08,
    0x25,0x08,0x25,0x08,0x25,0x08,0x25,0x08,0x25,0x08,0x25,0x08,0x25,0x08,0x25,0x08,
    0x25,0x08,0x25,0x08,0x25,0x08,0x25,0x08,0x25,0x08,0x25,0x08,0x25,0x08,0x25,0x08,
    0x25,0x08,0x25,0x08,0x25,0x08,0x25,0x08,0x25,0x08,0x25,0x08,0x25,0x08,0x25,0x08,
    0x25,0x08,0x25,0x08,0x25,0x08,0x25,0x08,0x25,0x08,0x25,0x08,0x25,0x08,0x25,0x08,
    0x25,0x08,0x25,0x08,0x25,0x08,0x25,0x08,0x25,0x08,0x25,0x08,0x25,0x08,0x25,0x08,
    0x25,0x08,0x25,0x08,0x25,0x08,0x25,0x08,0x25,0x08,0x25,0x08,0x25,0x08,0x25,0x08,
    0x25,0x08,0x25,0x08,0x25,0x08,0x25,0x08,0x25,0x08,0x25,0x08,0x25,0x08,0x25,0x08,
    0x25,0x08,0x25,0x08,0x25,0x08,0x25,0x08,0x25,0x08,0x25,0x08,0x25,0x08,0x25,0x08,
    0xAE,0x21,0xAE,0x21,0xAE,0x21,0xAE,0x21,0xAE,0x21,0x25,0x08,0x25,0x08,0x25,0x08,
    0x25,0x08,0x25,0x08,0x25,0x08,0x25,0x08,0x25,0x08,0x25,0x08,0x25,0x08,0x25,0x08,
    0x25,0x08,0x25,0x08,0x25,0x08,0x25,0x08,0x25,0x08,0x25,0x08,0x25,0x08,0x25,0x08,
    0x25,0x08,0xAE,0x21,0xAE,0x21,0xAE,0x21,0xAE,0x21,0xAE,0x21,0xAE,0x21,0x25,0x08,
    0x25,0x08,0xAE,0x21,0xAE,0x21,0xAE,0x21,0xAE,0x21,0xAE,0x21,0xAE,0x21,0x25,0x08,
    0x25,0x08,0x25,0x08,0x25,0x08,0x25,0x08,0x25,0x08,0x25,0x08,0x25,0x08,0x25,0x08,
    0x25,0x08,0x25,0x08,0xAE,0x21,0xAE,0x21,0xAE,0x21,0xAE,0x21,0xAE,0x21,0xAE,0x21,
    0x25,0x08,0x25,0x08,0xAE,0x21,0xAE,0x21,0xAE,0x21,0xAE,0x21,0xAE,0x21,0xAE,0x21,
    0x25,0x08,0x25,0x08,0x25,0x08,0x25,0x08,0x25,0x08,0x25,0x08,0x25,0x08,0x25,0x08,
    0x25,0x08,0x25,0x08,0x25,0x08,0xAE,0x21,0xAE,0x21,0xAE,0x21,0xAE,0x21,0xAE,0x21,
    0xAE,0x21,0x25,0x08,0x25,0x08,0xAE,0x21,0xAE,0x21,0xAE,0x21,0xAE,0x21,0xAE,0x21,
    0xAE,0x21,0x25,0x08,0x25,0x08,0x25,0x08,0x25,0x08,0x25,0x08,0x25,0x08,0x25,0x08,
    0x25,0x08,0x25,0x08,0x25,0x08,0x25,0x08,0xAE,0x21,0xAE,0x21,0xAE,0x21,0xAE,0x21,
    0xAE,0x21,0xAE,0x21,0x25,0x08,0x25,0x08,0xAE,0x21,0xAE,0x21,0xAE,0x21,0xAE,0x21,
    0xAE,0x21,0xAE,0x21,0x25,0x08,0x25,0x08,0x25,0x08,0x25,0x08,0x25,0x08,0x25,0x08,
    0x25,0x08,0x25,0x08,0x25,0x08,0x25,0x08,0x25,0x08,0x25,0x08,0x25,0x08,0x25,0x08,
    0x25,0x08,0x25,0x08,0x25,0x08,0x25,0x08,0x25,0x08,0x25,0x08,0x25,0x08,0x25,0x08,
    0x25,0x08,0x25,0x08,0x25,0x08,0x25,0x08,0x25,0x08,0x25,0x08,0x25,0x08,0x25,0x08,
    0x25,0x08,0x25,0x08,0x25,0x08,0x25,0x08,0x25,0x08,0x25,0x08,0x31,0x34,0x31,0x34,
    0x31,0x34,0x25,0x08,0x25,0x08,0x31,0x34,0x31,0x34,0x31,0x34,0x31,0x34,0x31,0x34,
    0x31,0x34,0xAE,0x21,0xAE,0x21,0x25,0x08,0x25,0x08,0x25,0x08,0x25,0x08,0x25,0x08,
    0x25,0x08,0x25,0x08,0x25,0x08,0x25,0x08,0x25,0x08,0x25,0x08,0x25,0x08,0x31,0x34,
    0x31,0x34,0x31,0x34,0x25,0x08,0x25,0x08,0x31,0x34,0x31,0x34,0x31,0x34,0x31,0x34,
    0x31,0x34,0x31,0x34,0xAE,0x21,0xAE,0x21,0x25,0x08,0x25,0x08,0x25,0x08,0x25,0x08,
    0x25,0x08,0x25,0x08,0x25,0x08,0x25,0x08,0x25,0x08,0x25,0x08,0x25,0x08,0x25,0x08,
    0x31,0x34,0x31,0x34,0x31,0x34,0xAE,0x21,0xAE,0x21,0x31,0x34,0x31,0x34,0x31,0x34,
    0x31,0x34,0x31,0x34,0x31,0x34,0x31,0x34,0x31,0x34,0x25,0x08,0x25,0x08,0x25,0x08,
    0x25,0x08,0x25,0x08,0x25,0x08,0x25,0x08,0x25,0x08,0x25,0x08,0x25,0x08,0x25,0x08,
    0x25,0x08,0x31,0x34,0x31,0x34,0xAE,0x21,0xAE,0x21,0xAE,0x21,0x31,0x34,0x31,0x34,
    0x31,0x34,0x31,0x34,0x31,0x34,0x31,0x34,0x31,0x34,0x31,0x34,0x25,0x08,0x25,0x08,
    0x25,0x08,0x25,0x08,0x25,0x08,0x25,0x08,0x25,0x08,0x25,0x08,0x25,0x08,0x25,0x08,
    0x25,0x08,0x25,0x08,0x31,0x34,0x31,0x34,0xAE,0x21,0xAE,0x21,0xAE,0x21,0x31,0x34,
    0x31,0x34,0x31,0x34,0x31,0x34,0x31,0x34,0x31,0x34,0x31,0x34,0x31,0x34,0x25,0x08,
    0x25,0x08,0x25,0x08,0x25,0x08,0x25,0x08,0x25,0x08,0x25,0x08,0x25,0x08,0x25,0x08,
    0x25,0x08,0x25,0x08,0x25,0x08,0x25,0x08,0x25,0x08,0x25,0x08,0x25,0x08,0x25,0x08,
    0x25,0x08,0x25,0x08,0x25,0x08,0x25,0x08,0x25,0x08,0x25,0x08,0x25,0x08,0x25,0x08,
    0x25,0x08,0x25,0x08,0x25,0x08,0x25,0x08,0x25,0x08,0x25,0x08,0x25,0x08,0x25,0x08,
    0x25,0x08,0x25,0x08,0x25,0x08,0x25,0x08,0xAE,0x21,0xAE,0x21,0xAE,0x21,0xAE,0x21,
    0xAE,0x21,0x25,0x08,0x25,0x08,0x25,0x08,0x25,0x08,0x25,0x08,0x25,0x08,0x25,0x08,
    0x25,0x08,0x25,0x08,0x25,0x08,0x25,0x08,0x25,0x08,0x25,0x08,0x25,0x08,0x25,0x08,
    0x25,0x08,0x25,0x08,0x25,0x08,0x25,0x08,0x25,0x08,0xAE,0x21,0xAE,0x21,0xAE,0x21,
    0xAE,0x21,0xAE,0x21,0x25,0x08,0x25,0x08,0x25,0x08,0x25,0x08,0x25,0x08,0x25,0x08,
    0x25,0x08,0x25,0x08,0x25,0x08,0x25,0x08,0x25,0x08,0x25,0x08,0x25,0x08,0x25,0x08,
    0x25,0x08,0x25,0x08,0x25,0x08,0x25,0x08,0x25,0x08,0x25,0x08,0x31,0x34,0x31,0x34,
    0x31,0x34,0xAE,0x21,0xAE,0x21,0x25,0x08,0xAE,0x21,0xAE,0x21,0xAE,0x21,0x25,0x08,
    0x25,0x08,0xAE,0x21,0xAE,0x21,0xAE,0x21,0x25,0x08,0x25,0x08,0x25,0x08,0x25,0x08,
    0x25,0x08,0x25,0x08,0x25,0x08,0x25,0x08,0x25,0x08,0x25,0x08,0x25,0x08,0x31,0x34,
    0x31,0x34,0x31,0x34,0x31,0x34,0x31,0x34,0x25,0x08,0x31,0x34,0x31,0x34,0x31,0x34,
    0x25,0x08,0x25,0x08,0xAE,0x21,0xAE,0x21,0xAE,0x21,0xAE,0x21,0xAE,0x21,0x25,0x08,
    0x25,0x08,0x25,0x08,0x25,0x08,0x25,0x08,0x25,0x08,0x25,0x08,0x25,0x08,0x25,0x08,
    0x31,0x34,0x31,0x34,0x31,0x34,0x31,0x34,0x31,0x34,0x25,0x08,0x31,0x34,0x31,0x34,
    0x31,0x34,0x25,0x08,0x25,0x08,0xAE,0x21,0xAE,0x21,0xAE,0x21,0xAE,0x21,0xAE,0x21,
    0x25,0x08,0x25,0x08,0x25,0x08,0x25,0x08,0x25,0x08,0x25,0x08,0x25,0x08,0x25,0x08,
    0x25,0x08,0xFF,0xFF,0xFF,0xFF,0xFF,0xFF,0xFF,0xFF,0xFF,0xFF,0xFF,0xFF,0xFF,0xFF,
    0xFF,0xFF,0xFF,0xFF,0xFF,0xFF,0xFF,0xFF,0xFF,0xFF,0xFF,0xFF,0xFF,0xFF,0xFF,0xFF,
    0xFF,0xFF,0xFF,0xFF,0xFF,0xFF,0xFF,0xFF,0xFF,0xFF,0xFF,0xFF,0xFF,0xFF,0xFF,0xFF,
    0xFF,0xFF,0xFF,0xFF,0xFF,0xFF,0xFF,0xFF,0xFF,0xFF,0xFF,0xFF,0xFF,0xFF,0xFF,0xFF,
    0xFF,0xFF,0xFF,0xFF,0xFF,0xFF,0xFF,0xFF,0xFF,0xFF,0xFF,0xFF,0xFF,0xFF,0xFF,0xFF,
    0xFF,0xFF,0xFF,0xFF,0xFF,0xFF,0xFF,0xFF,0xFF,0xFF,0xFF,0xFF,0xFF,0xFF,0xFF,0xFF,
    0xFF,0xFF,0xFF,0xFF,0xFF,0xFF,0xFF,0xFF,0xFF,0xFF,0xFF,0xFF,0xFF,0xFF,0xFF,0xFF,
    0xFF,0xFF,0xFF,0xFF,0xFF,0xFF,0xFF,0xFF,0xFF,0xFF,0xFF,0xFF,0xFF,0xFF,0xFF,0xFF,
    0xFF,0xFF,0xFF,0xFF,0xFF,0xFF,0xFF,0xFF,0xFF,0xFF,0xFF,0xFF,0xFF,0xFF,0xFF,0xFF,
    0xFF,0xFF,0xFF,0xFF,0xFF,0xFF,0xFF,0xFF,0xFF,0xFF,0xFF,0xFF,0xFF,0xFF,0xFF,0xFF,
    0xFF,0xFF,0xFF,0xFF,0xFF,0xFF,0xFF,0xFF,0xFF,0xFF,0xFF,0xFF,0xFF,0xFF,0xFF,0xFF,
    0xFF,0xFF,0xFF,0xFF,0xFF,0xFF,0xFF,0xFF,0xFF,0xFF,0xFF,0xFF,0xFF,0xFF,0xFF,0xFF,
    0xFF,0xFF,0xFF,0xFF,0xFF,0xFF,0xFF,0xFF,0xFF,0xFF,0xFF,0xFF,0xFF,0xFF,0xFF,0xFF,
    0xFF,0xFF,0xFF,0xFF,0xFF,0xFF,0xFF,0xFF,0xFF,0xFF,0xFF,0xFF,0xFF,0xFF,0xFF,0xFF,
    0xFF,0xFF,0xFF,0xFF,0xFF,0xFF,0xFF,0xFF,0xFF,0xFF,0xFF,0xFF,0xFF,0xFF,0xFF,0xFF,
    0xFF,0xFF,0xFF,0xFF,0xFF,0xFF,0xFF,0xFF,0xFF,0xFF,0xFF,0xFF,0xFF,0xFF,0xFF,0xFF,
    0xFF,0xFF,0xFF,0xFF,0xFF,0xFF,0xFF,0xFF,0xFF,0xFF,0xFF,0xFF,0xFF,0xFF,0xFF,0xFF,
    0xFF,0xFF,0xFF,0xFF,0xFF,0xFF,0xFF,0xFF,0xFF,0xFF,0xFF,0xFF,0xFF,0xFF,0xFF,0xFF,
    0xFF,0xFF,0xFF,0xFF,0xFF,0xFF,0xFF,0xFF,0xFF,0xFF,0xFF,0xFF,0xFF,0xFF,0xFF,0xFF,
    0xFF,0xFF,0xFF,0xFF,0xFF,0xFF,0xFF,0xFF,0xFF,0xFF,0xFF,0xFF,0xFF,0xFF,0xFF,0xFF,
    0xFF,0xFF,0xFF,0xFF,0xFF,0xFF,0xFF,0xFF,0xFF,0xFF,0xFF,0xFF,0xFF,0xFF,0xFF,0xFF,
    0xFF,0xFF,0xFF,0xFF,0xFF,0xFF,0xFF,0xFF,0xFF,0xFF,0xFF,0xFF,0xFF,0xFF,0xFF,0xFF,
    0xFF,0xFF,0xFF,0xFF,0xFF,0xFF,0xFF,0xFF,0xFF,0xFF,0xFF,0xFF,0xFF,0xFF,0xFF,0xFF,
    0xFF,0xFF,0xFF,0xFF,0xFF,0xFF,0xFF,0xFF,0xFF,0xFF,0xFF,0xFF,0xFF,0xFF,0xFF,0xFF,
    0xFF,0xFF,0xFF,0xFF,0xFF,0xFF,0xFF,0xFF,0xFF,0xFF,0xFF,0xFF,0xFF,0xFF,0xFF,0xFF,
    0xFF,0xFF,0xFF,0xFF,0xFF,0xFF,0xFF,0xFF,0xFF,0xFF,0xFF,0xFF,0xFF,0xFF,0xFF,0xFF,
    0xFF,0xFF,0xFF,0xFF,0xFF,0xFF,0xFF,0xFF,0xFF,0xFF,0xFF,0xFF,0xFF,0xFF,0xFF,0xFF,
    0xFF,0xFF,0xFF,0xFF,0xFF,0xFF,0xFF,0xFF,0xFF,0xFF,0xFF,0xFF,0xFF,0xFF,0xFF,0xFF,
    0xFF,0xFF,0xFF,0xFF,0xFF,0xFF,0xFF,0xFF,0xFF,0xFF,0xFF,0xFF,0xFF,0xFF,0xFF,0xFF,
    0xFF,0xFF,0xFF,0xFF,0xFF,0xFF,0xFF,0xFF,0xFF,0xFF,0xFF,0xFF,0xFF,0xFF,0xFF,0xFF,
    0xFF,0xFF,0xFF,0xFF,0xFF,0xFF,0xFF,0xFF,0xFF,0xFF,0xFF,0xFF,0xFF,0xFF,0xFF,0xFF,
    0xFF,0xFF,0xFF,0xFF,0xFF,0xFF,0xFF,0xFF,0xFF,0xFF,0xFF,0xFF,0xFF,0xFF,0xFF,0xFF,
    0xFF,0xFF,0xFF,0xFF,0xFF,0xFF,0xFF,0xFF,0xFF,0xFF,0xFF,0xFF,0xFF,0xFF,0xFF,0xFF,
    0xFF,0xFF,0xFF,0xFF,0xFF,0xFF,0xFF,0xFF,0xFF,0xFF,0xFF,0xFF,0xFF,0xFF,0xFF,0xFF,
    0xFF,0xFF,0xFF,0xFF,0xFF,0xFF,0xFF,0xFF,0xFF,0xFF,0xFF,0xFF,0xFF,0xFF,0xFF,0xFF,
    0xFF,0xFF,0xFF,0xFF,0xFF,0xFF,0xFF,0xFF,0xFF,0xFF,0xFF,0xFF,0xFF,0xFF,0xFF,0xFF,
    0xFF,0xFF,0xFF,0xFF,0xFF,0xFF,0xFF,0xFF,0xFF,0xFF,0xFF,0xFF,0xFF,0xFF,0xFF,0xFF,
    0xFF,0xFF,0xFF,0xFF,0xFF,0xFF,0xFF,0xFF,0xFF,0xFF,0xFF,0xFF,0xFF,0xFF,0xFF,0xFF,
    0xFF,0xFF,0xFF,0xFF,0xFF,0xFF,0xFF,0xFF,0xFF,0xFF,0xFF,0xFF,0xFF,0xFF,0xFF,0xFF,
    0xFF,0xFF,0xFF,
};
const lv_image_dsc_t ui_img_jump_prince_tile_6_0 = {
    .header.w = 25,
    .header.h = 25,
    .data_size = sizeof(ui_img_jump_prince_tile_6_0_data),
    .header.cf = LV_COLOR_FORMAT_NATIVE_WITH_ALPHA,
    .header.magic = LV_IMAGE_HEADER_MAGIC,
    .data = ui_img_jump_prince_tile_6_0_data
};

const LV_ATTRIBUTE_MEM_ALIGN uint8_t ui_img_jump_prince_tile_0_1_data[] = {
    0x25,0x08,0x25,0x08,0xAE,0x21,0xAE,0x21,0xAE,0x21,0x25,0x08,0x25,0x08,0x25,0x08,
    0x25,0x08,0x25,0x08,0x25,0x08,0x25,0x08,0x25,0x08,0x25,0x08,0x25,0x08,0x25,0x08,
    0x25,0x08,0x25,0x08,0x25,0x08,0x25,0x08,0x25,0x08,0x25,0x08,0x25,0x08,0x25,0x08,
    0x25,0x08,0x25,0x08,0x25,0x08,0xAE,0x21,0xAE,0x21,0xAE,0x21,0x25,0x08,0x25,0x08,
    0x25,0x08,0x25,0x08,0x25,0x08,0x25,0x08,0x25,0x08,0x25,0x08,0x25,0x08,0x25,0x08,
    0x25,0x08,0x25,0x08,0x25,0x08,0x25,0x08,0x25,0x08,0x25,0x08,0x25,0x08,0x25,0x08,
    0x25,0x08,0x25,0x08,0xAE,0x21,0xAE,0x21,0x31,0x34,0x31,0x34,0x31,0x34,0x31,0x34,
    0x31,0x34,0x31,0x34,0x31,0x34,0x25,0x08,0x25,0x08,0xAE,0x21,0xAE,0x21,0xAE,0x21,
    0xAE,0x21,0xAE,0x21,0xAE,0x21,0xAE,0x21,0xAE,0x21,0x25,0x08,0x25,0x08,0x25,0x08,
    0x25,0x08,0x25,0x08,0x25,0x08,0xAE,0x21,0xAE,0x21,0x2B,0x5E,0x31,0x34,0x31,0x34,
    0x31,0x34,0x31,0x34,0x31,0x34,0x31,0x34,0x25,0x08,0x25,0x08,0xAE,0x21,0xAE,0x21,
    0xAE,0x21,0xAE,0x21,0xAE,0x21,0xAE,0x21,0xAE,0x21,0xAE,0x21,0x25,0x08,0x25,0x08,
    0x25,0x08,0x25,0x08,0x25,0x08,0x25,0x08,0xAE,0x21,0xAE,0x21,0x2B,0x5E,0x31,0x34,
    0x31,0x34,0x31,0x34,0x31,0x34,0x31,0x34,0x31,0x34,0x25,0x08,0x25,0x08,0xAE,0x21,
    0xAE,0x21,0xAE,0x21,0xAE,0x21,0xAE,0x21,0xAE,0x21,0xAE,0x21,0xAE,0x21,0x25,0x08,
    0x25,0x08,0x25,0x08,0x25,0x08,0x25,0x08,0x25,0x08,0xAE,0x21,0xAE,0x21,0x31,0x34,
    0x31,0x34,0x31,0x34,0x31,0x34,0x31,0x34,0x31,0x34,0xAE,0x21,0x25,0x08,0x25,0x08,
    0xAE,0x21,0xAE,0x21,0xAE,0x21,0xAE,0x21,0xAE,0x21,0xAE,0x21,0xAE,0x21,0xAE,0x21,
    0x25,0x08,0x25,0x08,0x25,0x08,0x25,0x08,0x25,0x08,0x25,0x08,0x25,0x08,0x25,0x08,
    0xAE,0x21,0xAE,0x21,0xAE,0x21,0x25,0x08,0x25,0x08,0x25,0x08,0x25,0x08,0x25,0x08,
    0x25,0x08,0x25,0x08,0x25,0x08,0x25,0x08,0x25,0x08,0x25,0x08,0x25,0x08,0x25,0x08,
    0x25,0x08,0x25,0x08,0x25,0x08,0x25,0x08,0x25,0x08,0x25,0x08,0x25,0x08,0x25,0x08,
    0x25,0x08,0xAE,0x21,0xAE,0x21,0xAE,0x21,0x25,0x08,0x25,0x08,0x25,0x08,0x25,0x08,
    0x25,0x08,0x25,0x08,0x25,0x08,0x25,0x08,0x25,0x08,0x25,0x08,0x25,0x08,0x25,0x08,
    0x25,0x08,0x25,0x08,0x25,0x08,0x25,0x08,0x25,0x08,0x25,0x08,0x25,0x08,0x25,0x08,
    0x2B,0x5E,0x2B,0x5E,0x31,0x34,0x31,0x34,0x31,0x34,0x31,0x34,0x25,0x08,0x25,0x08,
    0xAE,0x21,0xAE,0x21,0xAE,0x21,0xAE,0x21,0xAE,0x21,0x25,0x08,0x25,0x08,0x25,0x08,
    0x25,0x08,0x25,0x08,0x25,0x08,0x25,0x08,0x25,0x08,0x25,0x08,0x25,0x08,0x25,0x08,
    0x25,0x08,0x2B,0x5E,0x2B,0x5E,0x31,0x34,0x31,0x34,0x31,0x34,0x31,0x34,0x25,0x08,
    0x25,0x08,0xAE,0x21,0xAE,0x21,0xAE,0x21,0xAE,0x21,0xAE,0x21,0x25,0x08,0x25,0x08,
    0x25,0x08,0x25,0x08,0x25,0x08,0x25,0x08,0x25,0x08,0x25,0x08,0x25,0x08,0x25,0x08,
    0x25,0x08,0x25,0x08,0x2B,0x5E,0x2B,0x5E,0x31,0x34,0x31,0x34,0x31,0x34,0x31,0x34,
    0x25,0x08,0x25,0x08,0xAE,0x21,0xAE,0x21,0xAE,0x21,0xAE,0x21,0xAE,0x21,0x25,0x08,
    0x25,0x08,0x25,0x08,0x25,0x08,0x25,0x08,0x25,0x08,0x25,0x08,0x25,0x08,0x25,0x08,
    0x25,0x08,0x25,0x08,0x25,0x08,0x31,0x34,0x31,0x34,0x31,0x34,0x31,0x34,0x31,0x34,
    0xAE,0x21,0x25,0x08,0x25,0x08,0xAE,0x21,0xAE,0x21,0xAE,0x21,0xAE,0x21,0xAE,0x21,
    0x25,0x08,0x25,0x08,0x25,0x08,0x25,0x08,0x25,0x08,0x25,0x08,0x25,0x08,0x25,0x08,
    0x25,0x08,0x25,0x08,0x25,0x08,0x25,0x08,0x31,0x34,0x31,0x34,0x31,0x34,0x31,0x34,
    0x31,0x34,0xAE,0x21,0x25,0x08,0x25,0x08,0xAE,0x21,0xAE,0x21,0xAE,0x21,0xAE,0x21,
    0xAE,0x21,0x25,0x08,0x25,0x08,0x25,0x08,0x25,0x08,0x25,0x08,0x25,0x08,0x25,0x08,
    0x25,0x08,0x25,0x08,0x25,0x08,0x25,0x08,0x25,0x08,0x25,0x08,0x25,0x08,0xAE,0x21,
    0xAE,0x21,0xAE,0x21,0x25,0x08,0x25,0x08,0x25,0x08,0x25,0x08,0x25,0x08,0x25,0x08,
    0x25,0x08,0x25,0x08,0x25,0x08,0x25,0x08,0x25,0x08,0x25,0x08,0x25,0x08,0x25,0x08,
    0x25,0x08,0x25,0x08,0x25,0x08,0x25,0x08,0x25,0x08,0x25,0x08,0xAE,0x21,0xAE,0x21,
    0x31,0x34,0x31,0x34,0x31,0x34,0x31,0x34,0x31,0x34,0x31,0x34,0x31,0x34,0x25,0x08,
    0x25,0x08,0xAE,0x21,0xAE,0x21,0xAE,0x21,0xAE,0x21,0xAE,0x21,0xAE,0x21,0xAE,0x21,
    0xAE,0x21,0xAE,0x21,0x25,0x08,0x25,0x08,0x25,0x08,0x25,0x08,0x25,0x08,0xAE,0x21,
    0xAE,0x21,0x31,0x34,0x31,0x34,0x31,0x34,0x31,0x34,0x31,0x34,0x31,0x34,0x31,0x34,
    0x25,0x08,0x25,0x08,0xAE,0x21,0xAE,0x21,0xAE,0x21,0xAE,0x21,0xAE,0x21,0xAE,0x21,
    0xAE,0x21,0xAE,0x21,0xAE,0x21,0x25,0x08,0x25,0x08,0x25,0x08,0x25,0x08,0x25,0x08,
    0xAE,0x21,0xAE,0x21,0x2B,0x5E,0x31,0x34,0x31,0x34,0x31,0x34,0x31,0x34,0x31,0x34,
    0x31,0x34,0x25,0x08,0x25,0x08,0xAE,0x21,0xAE,0x21,0xAE,0x21,0xAE,0x21,0xAE,0x21,
    0xAE,0x21,0xAE,0x21,0xAE,0x21,0xAE,0x21,0x25,0x08,0x25,0x08,0x25,0x08,0x25,0x08,
    0x25,0x08,0xAE,0x21,0xAE,0x21,0x31,0x34,0x31,0x34,0x31,0x34,0x31,0x34,0x31,0x34,
    0x31,0x34,0xAE,0x21,0x25,0x08,0x25,0x08,0xAE,0x21,0xAE,0x21,0xAE,0x21,0xAE,0x21,
    0xAE,0x21,0xAE,0x21,0xAE,0x21,0xAE,0x21,0x25,0x08,0x25,0x08,0x25,0x08,0x25,0x08,
    0x25,0x08,0x25,0x08,0xAE,0x21,0xAE,0x21,0x31,0x34,0x31,0x34,0x31,0x34,0x31,0x34,
    0x31,0x34,0x31,0x34,0xAE,0x21,0x25,0x08,0x25,0x08,0xAE,0x21,0xAE,0x21,0xAE,0x21,
    0xAE,0x21,0xAE,0x21,0xAE,0x21,0xAE,0x21,0xAE,0x21,0x25,0x08,0x25,0x08,0x25,0x08,
    0x25,0x08,0x25,0x08,0x25,0x08,0x25,0x08,0x25,0x08,0xAE,0x21,0xAE,0x21,0xAE,0x21,
    0x25,0x08,0x25,0x08,0x25,0x08,0x25,0x08,0x25,0x08,0x25,0x08,0x25,0x08,0x25,0x08,
    0x25,0x08,0x25,0x08,0x25,0x08,0x25,0x08,0x25,0x08,0x25,0x08,0x25,0x08,0x25,0x08,
    0x25,0x08,0x25,0x08,0x25,0x08,0x25,0x08,0x2B,0x5E,0x2B,0x5E,0x31,0x34,0x31,0x34,
    0x31,0x34,0x31,0x34,0x25,0x08,0x25,0x08,0xAE,0x21,0xAE,0x21,0xAE,0x21,0xAE,0x21,
    0xAE,0x21,0xAE,0x21,0xAE,0x21,0xAE,0x21,0x25,0x08,0x25,0x08,0x25,0x08,0x25,0x08,
    0x25,0x08,0x25,0x08,0x25,0x08,0x25,0x08,0x25,0x08,0x2B,0x5E,0x2B,0x5E,0x31,0x34,
    0x31,0x34,0x31,0x34,0x31,0x34,0x25,0x08,0x25,0x08,0xAE,0x21,0xAE,0x21,0xAE,0x21,
    0xAE,0x21,0xAE,0x21,0xAE,0x21,0xAE,0x21,0xAE,0x21,0x25,0x08,0x25,0x08,0x25,0x08,
    0x25,0x08,0x25,0x08,0x25,0x08,0x25,0x08,0x25,0x08,0x25,0x08,0x2B,0x5E,0x2B,0x5E,
    0x31,0x34,0x31,0x34,0x31,0x34,0x31,0x34,0x25,0x08,0x25,0x08,0xAE,0x21,0xAE,0x21,
    0xAE,0x21,0xAE,0x21,0xAE,0x21,0xAE,0x21,0xAE,0x21,0xAE,0x21,0x25,0x08,0x25,0x08,
    0x25,0x08,0x25,0x08,0x25,0x08,0x25,0x08,0x25,0x08,0x25,0x08,0x25,0x08,0x31,0x34,
    0x31,0x34,0x31,0x34,0x31,0x34,0x31,0x34,0xAE,0x21,0x25,0x08,0x25,0x08,0xAE,0x21,
    0xAE,0x21,0xAE,0x21,0xAE,0x21,0xAE,0x21,0xAE,0x21,0x25,0x08,0x25,0x08,0x25,0x08,
    0x25,0x08,0x25,0x08,0x25,0x08,0x25,0x08,0x25,0x08,0x25,0x08,0x25,0x08,0x25,0x08,
    0x31,0x34,0x31,0x34,0x31,0x34,0x31,0x34,0x31,0x34,0xAE,0x21,0x25,0x08,0x25,0x08,
    0xAE,0x21,0xAE,0x21,0xAE,0x21,0xAE,0x21,0xAE,0x21,0xAE,0x21,0x25,0x08,0x25,0x08,
    0x25,0x08,0x25,0x08,0x25,0x08,0x25,0x08,0x25,0x08,0x25,0x08,0x25,0x08,0x25,0x08,
    0x25,0x08,0xFF,0xFF,0xFF,0xFF,0xFF,0xFF,0xFF,0xFF,0xFF,0xFF,0xFF,0xFF,0xFF,0xFF,
    0xFF,0xFF,0xFF,0xFF,0xFF,0xFF,0xFF,0xFF,0xFF,0xFF,0xFF,0xFF,0xFF,0xFF,0xFF,0xFF,
    0xFF,0xFF,0xFF,0xFF,0xFF,0xFF,0xFF,0xFF,0xFF,0xFF,0xFF,0xFF,0xFF,0xFF,0xFF,0xFF,
    0xFF,0xFF,0xFF,0xFF,0xFF,0xFF,0xFF,0xFF,0xFF,0xFF,0xFF,0xFF,0xFF,0xFF,0xFF,0xFF,
    0xFF,0xFF,0xFF,0xFF,0xFF,0xFF,0xFF,0xFF,0xFF,0xFF,0xFF,0xFF,0xFF,0xFF,0xFF,0xFF,
    0xFF,0xFF,0xFF,0xFF,0xFF,0xFF,0xFF,0xFF,0xFF,0xFF,0xFF,0xFF,0xFF,0xFF,0xFF,0xFF,
    0xFF,0xFF,0xFF,0xFF,0xFF,0xFF,0xFF,0xFF,0xFF,0xFF,0xFF,0xFF,0xFF,0xFF,0xFF,0xFF,
    0xFF,0xFF,0xFF,0xFF,0xFF,0xFF,0xFF,0xFF,0xFF,0xFF,0xFF,0xFF,0xFF,0xFF,0xFF,0xFF,
    0xFF,0xFF,0xFF,0xFF,0xFF,0xFF,0xFF,0xFF,0xFF,0xFF,0xFF,0xFF,0xFF,0xFF,0xFF,0xFF,
    0xFF,0xFF,0xFF,0xFF,0xFF,0xFF,0xFF,0xFF,0xFF,0xFF,0xFF,0xFF,0xFF,0xFF,0xFF,0xFF,
    0xFF,0xFF,0xFF,0xFF,0xFF,0xFF,0xFF,0xFF,0xFF,0xFF,0xFF,0xFF,0xFF,0xFF,0xFF,0xFF,
    0xFF,0xFF,0xFF,0xFF,0xFF,0xFF,0xFF,0xFF,0xFF,0xFF,0xFF,0xFF,0xFF,0xFF,0xFF,0xFF,
    0xFF,0xFF,0xFF,0xFF,0xFF,0xFF,0xFF,0xFF,0xFF,0xFF,0xFF,0xFF,0xFF,0xFF,0xFF,0xFF,
    0xFF,0xFF,0xFF,0xFF,0xFF,0xFF,0xFF,0xFF,0xFF,0xFF,0xFF,0xFF,0xFF,0xFF,0xFF,0xFF,
    0xFF,0xFF,0xFF,0xFF,0xFF,0xFF,0xFF,0xFF,0xFF,0xFF,0xFF,0xFF,0xFF,0xFF,0xFF,0xFF,
    0xFF,0xFF,0xFF,0xFF,0xFF,0xFF,0xFF,0xFF,0xFF,0xFF,0xFF,0xFF,0xFF,0xFF,0xFF,0xFF,
    0xFF,0xFF,0xFF,0xFF,0xFF,0xFF,0xFF,0xFF,0xFF,0xFF,0xFF,0xFF,0xFF,0xFF,0xFF,0xFF,
    0xFF,0xFF,0xFF,0xFF,0xFF,0xFF,0xFF,0xFF,0xFF,0xFF,0xFF,0xFF,0xFF,0xFF,0xFF,0xFF,
    0xFF,0xFF,0xFF,0xFF,0xFF,0xFF,0xFF,0xFF,0xFF,0xFF,0xFF,0xFF,0xFF,0xFF,0xFF,0xFF,
    0xFF,0xFF,0xFF,0xFF,0xFF,0xFF,0xFF,0xFF,0xFF,0xFF,0xFF,0xFF,0xFF,0xFF,0xFF,0xFF,
    0xFF,0xFF,0xFF,0xFF,0xFF,0xFF,0xFF,0xFF,0xFF,0xFF,0xFF,0xFF,0xFF,0xFF,0xFF,0xFF,
    0xFF,0xFF,0xFF,0xFF,0xFF,0xFF,0xFF,0xFF,0xFF,0xFF,0xFF,0xFF,0xFF,0xFF,0xFF,0xFF,
    0xFF,0xFF,0xFF,0xFF,0xFF,0xFF,0xFF,0xFF,0xFF,0xFF,0xFF,0xFF,0xFF,0xFF,0xFF,0xFF,
    0xFF,0xFF,0xFF,0xFF,0xFF,0xFF,0xFF,0xFF,0xFF,0xFF,0xFF,0xFF,0xFF,0xFF,0xFF,0xFF,
    0xFF,0xFF,0xFF,0xFF,0xFF,0xFF,0xFF,0xFF,0xFF,0xFF,0xFF,0xFF,0xFF,0xFF,0xFF,0xFF,
    0xFF,0xFF,0xFF,0xFF,0xFF,0xFF,0xFF,0xFF,0xFF,0xFF,0xFF,0xFF,0xFF,0xFF,0xFF,0xFF,
    0xFF,0xFF,0xFF,0xFF,0xFF,0xFF,0xFF,0xFF,0xFF,0xFF,0xFF,0xFF,0xFF,0xFF,0xFF,0xFF,
    0xFF,0xFF,0xFF,0xFF,0xFF,0xFF,0xFF,0xFF,0xFF,0xFF,0xFF,0xFF,0xFF,0xFF,0xFF,0xFF,
    0xFF,0xFF,0xFF,0xFF,0xFF,0xFF,0xFF,0xFF,0xFF,0xFF,0xFF,0xFF,0xFF,0xFF,0xFF,0xFF,
    0xFF,0xFF,0xFF,0xFF,0xFF,0xFF,0xFF,0xFF,0xFF,0xFF,0xFF,0xFF,0xFF,0xFF,0xFF,0xFF,
    0xFF,0xFF,0xFF,0xFF,0xFF,0xFF,0xFF,0xFF,0xFF,0xFF,0xFF,0xFF,0xFF,0xFF,0xFF,0xFF,
    0xFF,0xFF,0xFF,0xFF,0xFF,0xFF,0xFF,0xFF,0xFF,0xFF,0xFF,0xFF,0xFF,0xFF,0xFF,0xFF,
    0xFF,0xFF,0xFF,0xFF,0xFF,0xFF,0xFF,0xFF,0xFF,0xFF,0xFF,0xFF,0xFF,0xFF,0xFF,0xFF,
    0xFF,0xFF,0xFF,0xFF,0xFF,0xFF,0xFF,0xFF,0xFF,0xFF,0xFF,0xFF,0xFF,0xFF,0xFF,0xFF,
    0xFF,0xFF,0xFF,0xFF,0xFF,0xFF,0xFF,0xFF,0xFF,0xFF,0xFF,0xFF,0xFF,0xFF,0xFF,0xFF,
    0xFF,0xFF,0xFF,0xFF,0xFF,0xFF,0xFF,0xFF,0xFF,0xFF,0xFF,0xFF,0xFF,0xFF,0xFF,0xFF,
    0xFF,0xFF,0xFF,0xFF,0xFF,0xFF,0xFF,0xFF,0xFF,0xFF,0xFF,0xFF,0xFF,0xFF,0xFF,0xFF,
    0xFF,0xFF,0xFF,0xFF,0xFF,0xFF,0xFF,0xFF,0xFF,0xFF,0xFF,0xFF,0xFF,0xFF,0xFF,0xFF,
    0xFF,0xFF,0xFF,0xFF,0xFF,0xFF,0xFF,0xFF,0xFF,0xFF,0xFF,0xFF,0xFF,0xFF,0xFF,0xFF,
    0xFF,0xFF,0xFF,
};
const lv_image_dsc_t ui_img_jump_prince_tile_0_1 = {
    .header.w = 25,
    .header.h = 25,
    .data_size = sizeof(ui_img_jump_prince_tile_0_1_data),
    .header.cf = LV_COLOR_FORMAT_NATIVE_WITH_ALPHA,
    .header.magic = LV_IMAGE_HEADER_MAGIC,
    .data = ui_img_jump_prince_tile_0_1_data
};

const LV_ATTRIBUTE_MEM_ALIGN uint8_t ui_img_jump_prince_tile_1_1_data[] = {
    0x25,0x08,0x25,0x08,0x25,0x08,0x25,0x08,0x25,0x08,0x25,0x08,0x25,0x08,0x25,0x08,
    0x25,0x08,0x25,0x08,0x25,0x08,0x25,0x08,0x25,0x08,0x25,0x08,0x25,0x08,0x25,0x08,
    0x25,0x08,0x25,0x08,0x25,0x08,0x25,0x08,0x25,0x08,0x25,0x08,0x25,0x08,0x25,0x08,
    0x25,0x08,0x25,0x08,0x25,0x08,0x25,0x08,0x25,0x08,0x25,0x08,0x25,0x08,0x25,0x08,
    0x25,0x08,0x25,0x08,0x25,0x08,0x25,0x08,0x25,0x08,0x25,0x08,0x25,0x08,0x25,0x08,
    0x25,0x08,0x25,0x08,0x25,0x08,0x25,0x08,0x25,0x08,0x25,0x08,0x25,0x08,0x25,0x08,
    0x25,0x08,0x25,0x08,0x25,0x08,0x25,0x08,0x25,0x08,0x25,0x08,0x25,0x08,0x25,0x08,
    0x25,0x08,0x25,0x08,0x25,0x08,0x25,0x08,0x25,0x08,0x25,0x08,0x25,0x08,0x25,0x08,
    0x25,0x08,0x25,0x08,0x25,0x08,0x25,0x08,0x25,0x08,0x25,0x08,0x25,0x08,0x25,0x08,
    0x25,0x08,0x25,0x08,0x25,0x08,0x25,0x08,0x25,0x08,0x25,0x08,0x25,0x08,0x25,0x08,
    0x25,0x08,0x25,0x08,0x25,0x08,0x25,0x08,0x25,0x08,0x25,0x08,0x25,0x08,0x25,0x08,
    0x25,0x08,0x25,0x08,0x25,0x08,0x25,0x08,0x25,0x08,0x25,0x08,0x25,0x08,0x25,0x08,
    0x25,0x08,0x25,0x08,0x25,0x08,0x25,0x08,0x25,0x08,0x25,0x08,0x25,0x08,0x25,0x08,
    0x25,0x08,0x25,0x08,0x25,0x08,0x25,0x08,0x25,0x08,0x25,0x08,0x25,0x08,0x25,0x08,
    0x25,0x08,0x25,0x08,0x25,0x08,0x25,0x08,0x25,0x08,0x25,0x08,0x25,0x08,0x25,0x08,
    0x25,0x08,0x25,0x08,0x25,0x08,0x25,0x08,0x25,0x08,0x25,0x08,0x25,0x08,0x25,0x08,
    0x25,0x08,0x25,0x08,0x25,0x08,0x25,0x08,0x25,0x08,0x25,0x08,0x25,0x08,0x25,0x08,
    0x25,0x08,0x25,0x08,0x25,0x08,0x25,0x08,0x25,0x08,0x25,0x08,0x25,0x08,0x25,0x08,
    0x25,0x08,0x25,0x08,0x25,0x08,0x25,0x08,0x25,0x08,0x25,0x08,0x25,0x08,0x25,0x08,
    0x25,0x08,0x25,0x08,0x25,0x08,0x25,0x08,0x25,0x08,0x25,0x08,0x25,0x08,0x25,0x08,
    0x25,0x08,0x25,0x08,0x25,0x08,0x25,0x08,0x25,0x08,0x25,0x08,0x25,0x08,0x25,0x08,
    0x25,0x08,0x25,0x08,0x25,0x08,0x25,0x08,0x25,0x08,0x25,0x08,0x25,0x08,0x25,0x08,
    0x25,0x08,0x25,0x08,0x25,0x08,0x25,0x08,0x25,0x08,0x25,0x08,0x25,0x08,0x25,0x08,
    0x25,0x08,0x25,0x08,0x25,0x08,0x25,0x08,0x25,0x08,0x25,0x08,0x25,0x08,0x25,0x08,
    0x25,0x08,0x25,0x08,0x25,0x08,0x25,0x08,0x25,0x08,0x25,0x08,0x25,0x08,0x25,0x08,
    0x25,0x08,0x25,0x08,0x25,0x08,0x25,0x08,0x25,0x08,0x25,0x08,0x25,0x08,0x25,0x08,
    0x25,0x08,0x25,0x08,0x25,0x08,0x25,0x08,0x25,0x08,0x25,0x08,0x25,0x08,0x25,0x08,
    0x25,0x08,0x25,0x08,0x25,0x08,0x25,0x08,0x25,0x08,0x25,0x08,0x25,0x08,0x25,0x08,
    0x25,0x08,0x25,0x08,0x25,0x08,0x25,0x08,0x25,0x08,0x25,0x08,0x25,0x08,0x25,0x08,
    0x25,0x08,0x25,0x08,0x25,0x08,0x25,0x08,0x25,0x08,0x25,0x08,0x25,0x08,0x25,0x08,
    0x25,0x08,0x25,0x08,0x25,0x08,0x25,0x08,0x25,0x08,0x25,0x08,0x25,0x08,0x25,0x08,
    0x25,0x08,0x25,0x08,0x25,0x08,0x25,0x08,0x25,0x08,0x25,0x08,0x25,0x08,0x25,0x08,
    0x25,0x08,0x25,0x08,0x25,0x08,0x25,0x08,0x25,0x08,0x25,0x08,0x25,0x08,0x25,0x08,
    0x25,0x08,0x25,0x08,0x25,0x08,0x25,0x08,0x25,0x08,0x25,0x08,0x25,0x08,0x25,0x08,
    0x25,0x08,0x25,0x08,0x25,0x08,0x25,0x08,0x25,0x08,0x25,0x08,0x25,0x08,0x25,0x08,
    0x25,0x08,0x25,0x08,0x25,0x08,0x25,0x08,0x25,0x08,0x25,0x08,0x25,0x08,0x25,0x08,
    0x25,0x08,0x25,0x08,0x25,0x08,0x25,0x08,0x25,0x08,0x25,0x08,0x25,0x08,0x25,0x08,
    0x25,0x08,0x25,0x08,0x25,0x08,0x25,0x08,0x25,0x08,0x25,0x08,0x25,0x08,0x25,0x08,
    0x25,0x08,0x25,0x08,0x25,0x08,0x25,0x08,0x25,0x08,0x25,0x08,0x25,0x08,0x25,0x08,
    0x25,0x08,0x25,0x08,0x25,0x08,0x25,0x08,0x25,0x08,0x25,0x08,0x25,0x08,0x25,0x08,
    0x25,0x08,0x25,0x08,0x25,0x08,0x25,0x08,0x25,0x08,0x25,0x08,0x25,0x08,0x25,0x08,
    0x25,0x08,0x25,0x08,0x25,0x08,0x25,0x08,0x25,0x08,0x25,0x08,0x25,0x08,0x25,0x08,
    0x25,0x08,0x25,0x08,0x25,0x08,0x25,0x08,0x25,0x08,0x25,0x08,0x25,0x08,0x25,0x08,
    0x25,0x08,0x25,0x08,0x25,0x08,0x25,0x08,0x25,0x08,0x25,0x08,0x25,0x08,0x25,0x08,
    0x25,0x08,0x25,0x08,0x25,0x08,0x25,0x08,0x25,0x08,0x25,0x08,0x25,0x08,0x25,0x08,
    0x25,0x08,0x25,0x08,0x25,0x08,0x25,0x08,0x25,0x08,0x25,0x08,0x25,0x08,0x25,0x08,
    0x25,0x08,0x25,0x08,0x25,0x08,0x25,0x08,0x25,0x08,0x25,0x08,0x25,0x08,0x25,0x08,
    0x25,0x08,0x25,0x08,0x25,0x08,0x25,0x08,0x25,0x08,0x25,0x08,0x25,0x08,0x25,0x08,
    0x25,0x08,0x25,0x08,0x25,0x08,0x25,0x08,0x25,0x08,0x25,0x08,0x25,0x08,0x25,0x08,
    0x25,0x08,0x25,0x08,0x25,0x08,0x25,0x08,0x25,0x08,0x25,0x08,0x25,0x08,0x25,0x08,
    0x25,0x08,0x25,0x08,0x25,0x08,0x25,0x08,0x25,0x08,0x25,0x08,0x25,0x08,0x25,0x08,
    0x25,0x08,0x25,0x08,0x25,0x08,0x25,0x08,0x25,0x08,0x25,0x08,0x25,0x08,0x25,0x08,
    0x25,0x08,0x25,0x08,0x25,0x08,0x25,0x08,0x25,0x08,0x25,0x08,0x25,0x08,0x25,0x08,
    0x25,0x08,0x25,0x08,0x25,0x08,0x25,0x08,0x25,0x08,0x25,0x08,0x25,0x08,0x25,0x08,
    0x25,0x08,0x25,0x08,0x25,0x08,0x25,0x08,0x25,0x08,0x25,0x08,0x25,0x08,0x25,0x08,
    0x25,0x08,0x25,0x08,0x25,0x08,0x25,0x08,0x25,0x08,0x25,0x08,0x25,0x08,0x25,0x08,
    0x25,0x08,0x25,0x08,0x25,0x08,0x25,0x08,0x25,0x08,0x25,0x08,0x25,0x08,0x25,0x08,
    0x25,0x08,0x25,0x08,0x25,0x08,0x25,0x08,0x25,0x08,0x25,0x08,0x25,0x08,0x25,0x08,
    0x25,0x08,0x25,0x08,0x25,0x08,0x25,0x08,0x25,0x08,0x25,0x08,0x25,0x08,0x25,0x08,
    0x25,0x08,0x25,0x08,0x25,0x08,0x25,0x08,0x25,0x08,0x25,0x08,0x25,0x08,0x25,0x08,
    0x25,0x08,0x25,0x08,0x25,0x08,0x25,0x08,0x25,0x08,0x25,0x08,0x25,0x08,0x25,0x08,
    0x25,0x08,0x25,0x08,0x25,0x08,0x25,0x08,0x25,0x08,0x25,0x08,0x25,0x08,0x25,0x08,
    0x25,0x08,0x25,0x08,0x25,0x08,0x25,0x08,0x25,0x08,0x25,0x08,0x25,0x08,0x25,0x08,
    0x25,0x08,0x25,0x08,0x25,0x08,0x25,0x08,0x25,0x08,0x25,0x08,0x25,0x08,0x25,0x08,
    0x25,0x08,0x25,0x08,0x25,0x08,0x25,0x08,0x25,0x08,0x25,0x08,0x25,0x08,0x25,0x08,
    0x25,0x08,0x25,0x08,0x25,0x08,0x25,0x08,0x25,0x08,0x25,0x08,0x25,0x08,0x25,0x08,
    0x25,0x08,0x25,0x08,0x25,0x08,0x25,0x08,0x25,0x08,0x25,0x08,0x25,0x08,0x25,0x08,
    0x25,0x08,0x25,0x08,0x25,0x08,0x25,0x08,0x25,0x08,0x25,0x08,0x25,0x08,0x25,0x08,
    0x25,0x08,0x25,0x08,0x25,0x08,0x25,0x08,0x25,0x08,0x25,0x08,0x25,0x08,0x25,0x08,
    0x25,0x08,0x25,0x08,0x25,0x08,0x25,0x08,0x25,0x08,0x25,0x08,0x25,0x08,0x25,0x08,
    0x25,0x08,0x25,0x08,0x25,0x08,0x25,0x08,0x25,0x08,0x25,0x08,0x25,0x08,0x25,0x08,
    0x25,0x08,0x25,0x08,0x25,0x08,0x25,0x08,0x25,0x08,0x25,0x08,0x25,0x08,0x25,0x08,
    0x25,0x08,0x25,0x08,0x25,0x08,0x25,0x08,0x25,0x08,0x25,0x08,0x25,0x08,0x25,0x08,
    0x25,0x08,0x25,0x08,0x25,0x08,0x25,0x08,0x25,0x08,0x25,0x08,0x25,0x08,0x25,0x08,
    0x25,0x08,0x25,0x08,0x25,0x08,0x25,0x08,0x25,0x08,0x25,0x08,0x25,0x08,0x25,0x08,
    0x25,0x08,0x25,0x08,0x25,0x08,0x25,0x08,0x25,0x08,0x25,0x08,0x25,0x08,0x25,0x08,
    0x25,0x08,0x25,0x08,0x25,0x08,0x25,0x08,0x25,0x08,0x25,0x08,0x25,0x08,0x25,0x08,
    0x25,0x08,0x25,0x08,0x25,0x08,0x25,0x08,0x25,0x08,0x25,0x08,0x25,0x08,0x25,0x08,
    0x25,0x08,0xFF,0xFF,0xFF,0xFF,0xFF,0xFF,0xFF,0xFF,0xFF,0xFF,0xFF,0xFF,0xFF,0xFF,
    0xFF,0xFF,0xFF,0xFF,0xFF,0xFF,0xFF,0xFF,0xFF,0xFF,0xFF,0xFF,0xFF,0xFF,0xFF,0xFF,
    0xFF,0xFF,0xFF,0xFF,0xFF,0xFF,0xFF,0xFF,0xFF,0xFF,0xFF,0xFF,0xFF,0xFF,0xFF,0xFF,
    0xFF,0xFF,0xFF,0xFF,0xFF,0xFF,0xFF,0xFF,0xFF,0xFF,0xFF,0xFF,0xFF,0xFF,0xFF,0xFF,
    0xFF,0xFF,0xFF,0xFF,0xFF,0xFF,0xFF,0xFF,0xFF,0xFF,0xFF,0xFF,0xFF,0xFF,0xFF,0xFF,
    0xFF,0xFF,0xFF,0xFF,0xFF,0xFF,0xFF,0xFF,0xFF,0xFF,0xFF,0xFF,0xFF,0xFF,0xFF,0xFF,
    0xFF,0xFF,0xFF,0xFF,0xFF,0xFF,0xFF,0xFF,0xFF,0xFF,0xFF,0xFF,0xFF,0xFF,0xFF,0xFF,
    0xFF,0xFF,0xFF,0xFF,0xFF,0xFF,0xFF,0xFF,0xFF,0xFF,0xFF,0xFF,0xFF,0xFF,0xFF,0xFF,
    0xFF,0xFF,0xFF,0xFF,0xFF,0xFF,0xFF,0xFF,0xFF,0xFF,0xFF,0xFF,0xFF,0xFF,0xFF,0xFF,
    0xFF,0xFF,0xFF,0xFF,0xFF,0xFF,0xFF,0xFF,0xFF,0xFF,0xFF,0xFF,0xFF,0xFF,0xFF,0xFF,
    0xFF,0xFF,0xFF,0xFF,0xFF,0xFF,0xFF,0xFF,0xFF,0xFF,0xFF,0xFF,0xFF,0xFF,0xFF,0xFF,
    0xFF,0xFF,0xFF,0xFF,0xFF,0xFF,0xFF,0xFF,0xFF,0xFF,0xFF,0xFF,0xFF,0xFF,0xFF,0xFF,
    0xFF,0xFF,0xFF,0xFF,0xFF,0xFF,0xFF,0xFF,0xFF,0xFF,0xFF,0xFF,0xFF,0xFF,0xFF,0xFF,
    0xFF,0xFF,0xFF,0xFF,0xFF,0xFF,0xFF,0xFF,0xFF,0xFF,0xFF,0xFF,0xFF,0xFF,0xFF,0xFF,
    0xFF,0xFF,0xFF,0xFF,0xFF,0xFF,0xFF,0xFF,0xFF,0xFF,0xFF,0xFF,0xFF,0xFF,0xFF,0xFF,
    0xFF,0xFF,0xFF,0xFF,0xFF,0xFF,0xFF,0xFF,0xFF,0xFF,0xFF,0xFF,0xFF,0xFF,0xFF,0xFF,
    0xFF,0xFF,0xFF,0xFF,0xFF,0xFF,0xFF,0xFF,0xFF,0xFF,0xFF,0xFF,0xFF,0xFF,0xFF,0xFF,
    0xFF,0xFF,0xFF,0xFF,0xFF,0xFF,0xFF,0xFF,0xFF,0xFF,0xFF,0xFF,0xFF,0xFF,0xFF,0xFF,
    0xFF,0xFF,0xFF,0xFF,0xFF,0xFF,0xFF,0xFF,0xFF,0xFF,0xFF,0xFF,0xFF,0xFF,0xFF,0xFF,
    0xFF,0xFF,0xFF,0xFF,0xFF,0xFF,0xFF,0xFF,0xFF,0xFF,0xFF,0xFF,0xFF,0xFF,0xFF,0xFF,
    0xFF,0xFF,0xFF,0xFF,0xFF,0xFF,0xFF,0xFF,0xFF,0xFF,0xFF,0xFF,0xFF,0xFF,0xFF,0xFF,
    0xFF,0xFF,0xFF,0xFF,0xFF,0xFF,0xFF,0xFF,0xFF,0xFF,0xFF,0xFF,0xFF,0xFF,0xFF,0xFF,
    0xFF,0xFF,0xFF,0xFF,0xFF,0xFF,0xFF,0xFF,0xFF,0xFF,0xFF,0xFF,0xFF,0xFF,0xFF,0xFF,
    0xFF,0xFF,0xFF,0xFF,0xFF,0xFF,0xFF,0xFF,0xFF,0xFF,0xFF,0xFF,0xFF,0xFF,0xFF,0xFF,
    0xFF,0xFF,0xFF,0xFF,0xFF,0xFF,0xFF,0xFF,0xFF,0xFF,0xFF,0xFF,0xFF,0xFF,0xFF,0xFF,
    0xFF,0xFF,0xFF,0xFF,0xFF,0xFF,0xFF,0xFF,0xFF,0xFF,0xFF,0xFF,0xFF,0xFF,0xFF,0xFF,
    0xFF,0xFF,0xFF,0xFF,0xFF,0xFF,0xFF,0xFF,0xFF,0xFF,0xFF,0xFF,0xFF,0xFF,0xFF,0xFF,
    0xFF,0xFF,0xFF,0xFF,0xFF,0xFF,0xFF,0xFF,0xFF,0xFF,0xFF,0xFF,0xFF,0xFF,0xFF,0xFF,
    0xFF,0xFF,0xFF,0xFF,0xFF,0xFF,0xFF,0xFF,0xFF,0xFF,0xFF,0xFF,0xFF,0xFF,0xFF,0xFF,
    0xFF,0xFF,0xFF,0xFF,0xFF,0xFF,0xFF,0xFF,0xFF,0xFF,0xFF,0xFF,0xFF,0xFF,0xFF,0xFF,
    0xFF,0xFF,0xFF,0xFF,0xFF,0xFF,0xFF,0xFF,0xFF,0xFF,0xFF,0xFF,0xFF,0xFF,0xFF,0xFF,
    0xFF,0xFF,0xFF,0xFF,0xFF,0xFF,0xFF,0xFF,0xFF,0xFF,0xFF,0xFF,0xFF,0xFF,0xFF,0xFF,
    0xFF,0xFF,0xFF,0xFF,0xFF,0xFF,0xFF,0xFF,0xFF,0xFF,0xFF,0xFF,0xFF,0xFF,0xFF,0xFF,
    0xFF,0xFF,0xFF,0xFF,0xFF,0xFF,0xFF,0xFF,0xFF,0xFF,0xFF,0xFF,0xFF,0xFF,0xFF,0xFF,
    0xFF,0xFF,0xFF,0xFF,0xFF,0xFF,0xFF,0xFF,0xFF,0xFF,0xFF,0xFF,0xFF,0xFF,0xFF,0xFF,
    0xFF,0xFF,0xFF,0xFF,0xFF,0xFF,0xFF,0xFF,0xFF,0xFF,0xFF,0xFF,0xFF,0xFF,0xFF,0xFF,
    0xFF,0xFF,0xFF,0xFF,0xFF,0xFF,0xFF,0xFF,0xFF,0xFF,0xFF,0xFF,0xFF,0xFF,0xFF,0xFF,
    0xFF,0xFF,0xFF,0xFF,0xFF,0xFF,0xFF,0xFF,0xFF,0xFF,0xFF,0xFF,0xFF,0xFF,0xFF,0xFF,
    0xFF,0xFF,0xFF,0xFF,0xFF,0xFF,0xFF,0xFF,0xFF,0xFF,0xFF,0xFF,0xFF,0xFF,0xFF,0xFF,
    0xFF,0xFF,0xFF,
};
const lv_image_dsc_t ui_img_jump_prince_tile_1_1 = {
    .header.w = 25,
    .header.h = 25,
    .data_size = sizeof(ui_img_jump_prince_tile_1_1_data),
    .header.cf = LV_COLOR_FORMAT_NATIVE_WITH_ALPHA,
    .header.magic = LV_IMAGE_HEADER_MAGIC,
    .data = ui_img_jump_prince_tile_1_1_data
};

const LV_ATTRIBUTE_MEM_ALIGN uint8_t ui_img_jump_prince_tile_2_1_data[] = {
    0x25,0x08,0x25,0x08,0x25,0x08,0x25,0x08,0x25,0x08,0x25,0x08,0x25,0x08,0x25,0x08,
    0x25,0x08,0x25,0x08,0x25,0x08,0x25,0x08,0x25,0x08,0x25,0x08,0x25,0x08,0x25,0x08,
    0x25,0x08,0x25,0x08,0x25,0x08,0x25,0x08,0xAE,0x21,0xAE,0x21,0xAE,0x21,0x25,0x08,
    0x25,0x08,0x25,0x08,0x25,0x08,0x25,0x08,0x25,0x08,0x25,0x08,0x25,0x08,0x25,0x08,
    0x25,0x08,0x25,0x08,0x25,0x08,0x25,0x08,0x25,0x08,0x25,0x08,0x25,0x08,0x25,0x08,
    0x25,0x08,0x25,0x08,0x25,0x08,0x25,0x08,0x25,0x08,0xAE,0x21,0xAE,0x21,0xAE,0x21,
    0x25,0x08,0x25,0x08,0x25,0x08,0x25,0x08,0x25,0x08,0x25,0x08,0x25,0x08,0x25,0x08,
    0xAE,0x21,0xAE,0x21,0xAE,0x21,0xAE,0x21,0xAE,0x21,0xAE,0x21,0xAE,0x21,0xAE,0x21,
    0x25,0x08,0x25,0x08,0x31,0x34,0x31,0x34,0x31,0x34,0x31,0x34,0x31,0x34,0x31,0x34,
    0x31,0x34,0xAE,0x21,0xAE,0x21,0x25,0x08,0x25,0x08,0x25,0x08,0x25,0x08,0x25,0x08,
    0x25,0x08,0xAE,0x21,0xAE,0x21,0xAE,0x21,0xAE,0x21,0xAE,0x21,0xAE,0x21,0xAE,0x21,
    0xAE,0x21,0x25,0x08,0x25,0x08,0x31,0x34,0x31,0x34,0x31,0x34,0x31,0x34,0x31,0x34,
    0x31,0x34,0x2B,0x5E,0xAE,0x21,0xAE,0x21,0x25,0x08,0x25,0x08,0x25,0x08,0x25,0x08,
    0x25,0x08,0x25,0x08,0xAE,0x21,0xAE,0x21,0xAE,0x21,0xAE,0x21,0xAE,0x21,0xAE,0x21,
    0xAE,0x21,0xAE,0x21,0x25,0x08,0x25,0x08,0x31,0x34,0x31,0x34,0x31,0x34,0x31,0x34,
    0x31,0x34,0x31,0x34,0x2B,0x5E,0xAE,0x21,0xAE,0x21,0x25,0x08,0x25,0x08,0x25,0x08,
    0x25,0x08,0x25,0x08,0x25,0x08,0xAE,0x21,0xAE,0x21,0xAE,0x21,0xAE,0x21,0xAE,0x21,
    0xAE,0x21,0xAE,0x21,0xAE,0x21,0x25,0x08,0x25,0x08,0xAE,0x21,0x31,0x34,0x31,0x34,
    0x31,0x34,0x31,0x34,0x31,0x34,0x31,0x34,0xAE,0x21,0xAE,0x21,0x25,0x08,0x25,0x08,
    0x25,0x08,0x25,0x08,0x25,0x08,0x25,0x08,0x25,0x08,0x25,0x08,0x25,0x08,0x25,0x08,
    0x25,0x08,0x25,0x08,0x25,0x08,0x25,0x08,0x25,0x08,0x25,0x08,0x25,0x08,0x25,0x08,
    0x25,0x08,0x25,0x08,0xAE,0x21,0xAE,0x21,0xAE,0x21,0x25,0x08,0x25,0x08,0x25,0x08,
    0x25,0x08,0x25,0x08,0x25,0x08,0x25,0x08,0x25,0x08,0x25,0x08,0x25,0x08,0x25,0x08,
    0x25,0x08,0x25,0x08,0x25,0x08,0x25,0x08,0x25,0x08,0x25,0x08,0x25,0x08,0x25,0x08,
    0x25,0x08,0x25,0x08,0x25,0x08,0xAE,0x21,0xAE,0x21,0xAE,0x21,0x25,0x08,0x25,0x08,
    0x25,0x08,0x25,0x08,0x25,0x08,0x25,0x08,0x25,0x08,0x25,0x08,0x25,0x08,0x25,0x08,
    0x25,0x08,0x25,0x08,0x25,0x08,0x25,0x08,0x25,0x08,0xAE,0x21,0xAE,0x21,0xAE,0x21,
    0xAE,0x21,0x25,0x08,0x25,0x08,0x31,0x34,0x31,0x34,0x31,0x34,0x31,0x34,0x2B,0x5E,
    0x2B,0x5E,0x25,0x08,0x25,0x08,0x25,0x08,0x25,0x08,0x25,0x08,0x25,0x08,0x25,0x08,
    0x25,0x08,0x25,0x08,0x25,0x08,0x25,0x08,0x25,0x08,0x25,0x08,0xAE,0x21,0xAE,0x21,
    0xAE,0x21,0xAE,0x21,0x25,0x08,0x25,0x08,0x31,0x34,0x31,0x34,0x31,0x34,0x31,0x34,
    0x2B,0x5E,0x2B,0x5E,0x25,0x08,0x25,0x08,0x25,0x08,0x25,0x08,0x25,0x08,0x25,0x08,
    0x25,0x08,0x25,0x08,0x25,0x08,0x25,0x08,0x25,0x08,0x25,0x08,0x25,0x08,0xAE,0x21,
    0xAE,0x21,0xAE,0x21,0xAE,0x21,0x25,0x08,0x25,0x08,0x31,0x34,0x31,0x34,0x31,0x34,
    0x31,0x34,0x2B,0x5E,0x2B,0x5E,0x25,0x08,0x25,0x08,0x25,0x08,0x25,0x08,0x25,0x08,
    0x25,0x08,0x25,0x08,0x25,0x08,0x25,0x08,0x25,0x08,0x25,0x08,0x25,0x08,0x25,0x08,
    0xAE,0x21,0xAE,0x21,0xAE,0x21,0xAE,0x21,0x25,0x08,0x25,0x08,0xAE,0x21,0x31,0x34,
    0x31,0x34,0x31,0x34,0x31,0x34,0x31,0x34,0x25,0x08,0x25,0x08,0x25,0x08,0x25,0x08,
    0x25,0x08,0x25,0x08,0x25,0x08,0x25,0x08,0x25,0x08,0x25,0x08,0x25,0x08,0x25,0x08,
    0x25,0x08,0xAE,0x21,0xAE,0x21,0xAE,0x21,0xAE,0x21,0x25,0x08,0x25,0x08,0xAE,0x21,
    0x31,0x34,0x31,0x34,0x31,0x34,0x31,0x34,0x31,0x34,0x25,0x08,0x25,0x08,0x25,0x08,
    0x25,0x08,0x25,0x08,0x25,0x08,0x25,0x08,0x25,0x08,0x25,0x08,0x25,0x08,0x25,0x08,
    0x25,0x08,0x25,0x08,0x25,0x08,0x25,0x08,0x25,0x08,0x25,0x08,0x25,0x08,0x25,0x08,
    0x25,0x08,0xAE,0x21,0xAE,0x21,0xAE,0x21,0x25,0x08,0x25,0x08,0x25,0x08,0x25,0x08,
    0x25,0x08,0x25,0x08,0x25,0x08,0xAE,0x21,0xAE,0x21,0xAE,0x21,0xAE,0x21,0xAE,0x21,
    0xAE,0x21,0xAE,0x21,0xAE,0x21,0xAE,0x21,0x25,0x08,0x25,0x08,0x31,0x34,0x31,0x34,
    0x31,0x34,0x31,0x34,0x31,0x34,0x31,0x34,0x31,0x34,0xAE,0x21,0xAE,0x21,0x25,0x08,
    0x25,0x08,0x25,0x08,0x25,0x08,0x25,0x08,0xAE,0x21,0xAE,0x21,0xAE,0x21,0xAE,0x21,
    0xAE,0x21,0xAE,0x21,0xAE,0x21,0xAE,0x21,0xAE,0x21,0x25,0x08,0x25,0x08,0x31,0x34,
    0x31,0x34,0x31,0x34,0x31,0x34,0x31,0x34,0x31,0x34,0x31,0x34,0xAE,0x21,0xAE,0x21,
    0x25,0x08,0x25,0x08,0x25,0x08,0x25,0x08,0x25,0x08,0xAE,0x21,0xAE,0x21,0xAE,0x21,
    0xAE,0x21,0xAE,0x21,0xAE,0x21,0xAE,0x21,0xAE,0x21,0xAE,0x21,0x25,0x08,0x25,0x08,
    0x31,0x34,0x31,0x34,0x31,0x34,0x31,0x34,0x31,0x34,0x31,0x34,0x2B,0x5E,0xAE,0x21,
    0xAE,0x21,0x25,0x08,0x25,0x08,0x25,0x08,0x25,0x08,0x25,0x08,0x25,0x08,0xAE,0x21,
    0xAE,0x21,0xAE,0x21,0xAE,0x21,0xAE,0x21,0xAE,0x21,0xAE,0x21,0xAE,0x21,0x25,0x08,
    0x25,0x08,0xAE,0x21,0x31,0x34,0x31,0x34,0x31,0x34,0x31,0x34,0x31,0x34,0x31,0x34,
    0xAE,0x21,0xAE,0x21,0x25,0x08,0x25,0x08,0x25,0x08,0x25,0x08,0x25,0x08,0x25,0x08,
    0xAE,0x21,0xAE,0x21,0xAE,0x21,0xAE,0x21,0xAE,0x21,0xAE,0x21,0xAE,0x21,0xAE,0x21,
    0x25,0x08,0x25,0x08,0xAE,0x21,0x31,0x34,0x31,0x34,0x31,0x34,0x31,0x34,0x31,0x34,
    0x31,0x34,0xAE,0x21,0xAE,0x21,0x25,0x08,0x25,0x08,0x25,0x08,0x25,0x08,0x25,0x08,
    0x25,0x08,0x25,0x08,0x25,0x08,0x25,0x08,0x25,0x08,0x25,0x08,0x25,0x08,0x25,0x08,
    0x25,0x08,0x25,0x08,0x25,0x08,0x25,0x08,0x25,0x08,0x25,0x08,0x25,0x08,0xAE,0x21,
    0xAE,0x21,0xAE,0x21,0x25,0x08,0x25,0x08,0x25,0x08,0x25,0x08,0x25,0x08,0x25,0x08,
    0x25,0x08,0x25,0x08,0x25,0x08,0x25,0x08,0x25,0x08,0xAE,0x21,0xAE,0x21,0xAE,0x21,
    0xAE,0x21,0xAE,0x21,0xAE,0x21,0xAE,0x21,0xAE,0x21,0x25,0x08,0x25,0x08,0x31,0x34,
    0x31,0x34,0x31,0x34,0x31,0x34,0x2B,0x5E,0x2B,0x5E,0x25,0x08,0x25,0x08,0x25,0x08,
    0x25,0x08,0x25,0x08,0x25,0x08,0x25,0x08,0x25,0x08,0x25,0x08,0xAE,0x21,0xAE,0x21,
    0xAE,0x21,0xAE,0x21,0xAE,0x21,0xAE,0x21,0xAE,0x21,0xAE,0x21,0x25,0x08,0x25,0x08,
    0x31,0x34,0x31,0x34,0x31,0x34,0x31,0x34,0x2B,0x5E,0x2B,0x5E,0x25,0x08,0x25,0x08,
    0x25,0x08,0x25,0x08,0x25,0x08,0x25,0x08,0x25,0x08,0x25,0x08,0x25,0x08,0xAE,0x21,
    0xAE,0x21,0xAE,0x21,0xAE,0x21,0xAE,0x21,0xAE,0x21,0xAE,0x21,0xAE,0x21,0x25,0x08,
    0x25,0x08,0x31,0x34,0x31,0x34,0x31,0x34,0x31,0x34,0x2B,0x5E,0x2B,0x5E,0x25,0x08,
    0x25,0x08,0x25,0x08,0x25,0x08,0x25,0x08,0x25,0x08,0x25,0x08,0x25,0x08,0x25,0x08,
    0x25,0x08,0x25,0x08,0xAE,0x21,0xAE,0x21,0xAE,0x21,0xAE,0x21,0xAE,0x21,0xAE,0x21,
    0x25,0x08,0x25,0x08,0xAE,0x21,0x31,0x34,0x31,0x34,0x31,0x34,0x31,0x34,0x31,0x34,
    0x25,0x08,0x25,0x08,0x25,0x08,0x25,0x08,0x25,0x08,0x25,0x08,0x25,0x08,0x25,0x08,
    0x25,0x08,0x25,0x08,0x25,0x08,0xAE,0x21,0xAE,0x21,0xAE,0x21,0xAE,0x21,0xAE,0x21,
    0xAE,0x21,0x25,0x08,0x25,0x08,0xAE,0x21,0x31,0x34,0x31,0x34,0x31,0x34,0x31,0x34,
    0x31,0x34,0xFF,0xFF,0xFF,0xFF,0xFF,0xFF,0xFF,0xFF,0xFF,0xFF,0xFF,0xFF,0xFF,0xFF,
    0xFF,0xFF,0xFF,0xFF,0xFF,0xFF,0xFF,0xFF,0xFF,0xFF,0xFF,0xFF,0xFF,0xFF,0xFF,0xFF,
    0xFF,0xFF,0xFF,0xFF,0xFF,0xFF,0xFF,0xFF,0xFF,0xFF,0xFF,0xFF,0xFF,0xFF,0xFF,0xFF,
    0xFF,0xFF,0xFF,0xFF,0xFF,0xFF,0xFF,0xFF,0xFF,0xFF,0xFF,0xFF,0xFF,0xFF,0xFF,0xFF,
    0xFF,0xFF,0xFF,0xFF,0xFF,0xFF,0xFF,0xFF,0xFF,0xFF,0xFF,0xFF,0xFF,0xFF,0xFF,0xFF,
    0xFF,0xFF,0xFF,0xFF,0xFF,0xFF,0xFF,0xFF,0xFF,0xFF,0xFF,0xFF,0xFF,0xFF,0xFF,0xFF,
    0xFF,0xFF,0xFF,0xFF,0xFF,0xFF,0xFF,0xFF,0xFF,0xFF,0xFF,0xFF,0xFF,0xFF,0xFF,0xFF,
    0xFF,0xFF,0xFF,0xFF,0xFF,0xFF,0xFF,0xFF,0xFF,0xFF,0xFF,0xFF,0xFF,0xFF,0xFF,0xFF,
    0xFF,0xFF,0xFF,0xFF,0xFF,0xFF,0xFF,0xFF,0xFF,0xFF,0xFF,0xFF,0xFF,0xFF,0xFF,0xFF,
    0xFF,0xFF,0xFF,0xFF,0xFF,0xFF,0xFF,0xFF,0xFF,0xFF,0xFF,0xFF,0xFF,0xFF,0xFF,0xFF,
    0xFF,0xFF,0xFF,0xFF,0xFF,0xFF,0xFF,0xFF,0xFF,0xFF,0xFF,0xFF,0xFF,0xFF,0xFF,0xFF,
    0xFF,0xFF,0xFF,0xFF,0xFF,0xFF,0xFF,0xFF,0xFF,0xFF,0xFF,0xFF,0xFF,0xFF,0xFF,0xFF,
    0xFF,0xFF,0xFF,0xFF,0xFF,0xFF,0xFF,0xFF,0xFF,0xFF,0xFF,0xFF,0xFF,0xFF,0xFF,0xFF,
    0xFF,0xFF,0xFF,0xFF,0xFF,0xFF,0xFF,0xFF,0xFF,0xFF,0xFF,0xFF,0xFF,0xFF,0xFF,0xFF,
    0xFF,0xFF,0xFF,0xFF,0xFF,0xFF,0xFF,0xFF,0xFF,0xFF,0xFF,0xFF,0xFF,0xFF,0xFF,0xFF,
    0xFF,0xFF,0xFF,0xFF,0xFF,0xFF,0xFF,0xFF,0xFF,0xFF,0xFF,0xFF,0xFF,0xFF,0xFF,0xFF,
    0xFF,0xFF,0xFF,0xFF,0xFF,0xFF,0xFF,0xFF,0xFF,0xFF,0xFF,0xFF,0xFF,0xFF,0xFF,0xFF,
    0xFF,0xFF,0xFF,0xFF,0xFF,0xFF,0xFF,0xFF,0xFF,0xFF,0xFF,0xFF,0xFF,0xFF,0xFF,0xFF,
    0xFF,0xFF,0xFF,0xFF,0xFF,0xFF,0xFF,0xFF,0xFF,0xFF,0xFF,0xFF,0xFF,0xFF,0xFF,0xFF,
    0xFF,0xFF,0xFF,0xFF,0xFF,0xFF,0xFF,0xFF,0xFF,0xFF,0xFF,0xFF,0xFF,0xFF,0xFF,0xFF,
    0xFF,0xFF,0xFF,0xFF,0xFF,0xFF,0xFF,0xFF,0xFF,0xFF,0xFF,0xFF,0xFF,0xFF,0xFF,0xFF,
    0xFF,0xFF,0xFF,0xFF,0xFF,0xFF,0xFF,0xFF,0xFF,0xFF,0xFF,0xFF,0xFF,0xFF,0xFF,0xFF,
    0xFF,0xFF,0xFF,0xFF,0xFF,0xFF,0xFF,0xFF,0xFF,0xFF,0xFF,0xFF,0xFF,0xFF,0xFF,0xFF,
    0xFF,0xFF,0xFF,0xFF,0xFF,0xFF,0xFF,0xFF,0xFF,0xFF,0xFF,0xFF,0xFF,0xFF,0xFF,0xFF,
    0xFF,0xFF,0xFF,0xFF,0xFF,0xFF,0xFF,0xFF,0xFF,0xFF,0xFF,0xFF,0xFF,0xFF,0xFF,0xFF,
    0xFF,0xFF,0xFF,0xFF,0xFF,0xFF,0xFF,0xFF,0xFF,0xFF,0xFF,0xFF,0xFF,0xFF,0xFF,0xFF,
    0xFF,0xFF,0xFF,0xFF,0xFF,0xFF,0xFF,0xFF,0xFF,0xFF,0xFF,0xFF,0xFF,0xFF,0xFF,0xFF,
    0xFF,0xFF,0xFF,0xFF,0xFF,0xFF,0xFF,0xFF,0xFF,0xFF,0xFF,0xFF,0xFF,0xFF,0xFF,0xFF,
    0xFF,0xFF,0xFF,0xFF,0xFF,0xFF,0xFF,0xFF,0xFF,0xFF,0xFF,0xFF,0xFF,0xFF,0xFF,0xFF,
    0xFF,0xFF,0xFF,0xFF,0xFF,0xFF,0xFF,0xFF,0xFF,0xFF,0xFF,0xFF,0xFF,0xFF,0xFF,0xFF,
    0xFF,0xFF,0xFF,0xFF,0xFF,0xFF,0xFF,0xFF,0xFF,0xFF,0xFF,0xFF,0xFF,0xFF,0xFF,0xFF,
    0xFF,0xFF,0xFF,0xFF,0xFF,0xFF,0xFF,0xFF,0xFF,0xFF,0xFF,0xFF,0xFF,0xFF,0xFF,0xFF,
    0xFF,0xFF,0xFF,0xFF,0xFF,0xFF,0xFF,0xFF,0xFF,0xFF,0xFF,0xFF,0xFF,0xFF,0xFF,0xFF,
    0xFF,0xFF,0xFF,0xFF,0xFF,0xFF,0xFF,0xFF,0xFF,0xFF,0xFF,0xFF,0xFF,0xFF,0xFF,0xFF,
    0xFF,0xFF,0xFF,0xFF,0xFF,0xFF,0xFF,0xFF,0xFF,0xFF,0xFF,0xFF,0xFF,0xFF,0xFF,0xFF,
    0xFF,0xFF,0xFF,0xFF,0xFF,0xFF,0xFF,0xFF,0xFF,0xFF,0xFF,0xFF,0xFF,0xFF,0xFF,0xFF,
    0xFF,0xFF,0xFF,0xFF,0xFF,0xFF,0xFF,0xFF,0xFF,0xFF,0xFF,0xFF,0xFF,0xFF,0xFF,0xFF,
    0xFF,0xFF,0xFF,0xFF,0xFF,0xFF,0xFF,0xFF,0xFF,0xFF,0xFF,0xFF,0xFF,0xFF,0xFF,0xFF,
    0xFF,0xFF,0xFF,0xFF,0xFF,0xFF,0xFF,0xFF,0xFF,0xFF,0xFF,0xFF,0xFF,0xFF,0xFF,0xFF,
    0xFF,0xFF,0xFF,
};
const lv_image_dsc_t ui_img_jump_prince_tile_2_1 = {
    .header.w = 25,
    .header.h = 25,
    .data_size = sizeof(ui_img_jump_prince_tile_2_1_data),
    .header.cf = LV_COLOR_FORMAT_NATIVE_WITH_ALPHA,
    .header.magic = LV_IMAGE_HEADER_MAGIC,
    .data = ui_img_jump_prince_tile_2_1_data
};

const LV_ATTRIBUTE_MEM_ALIGN uint8_t ui_img_jump_prince_tile_3_1_data[] = {
    0x25,0x08,0x25,0x08,0xAE,0x21,0xAE,0x21,0xAE,0x21,0x25,0x08,0x25,0x08,0x25,0x08,
    0x25,0x08,0x25,0x08,0x25,0x08,0x25,0x08,0x25,0x08,0x25,0x08,0x25,0x08,0x25,0x08,
    0x25,0x08,0x25,0x08,0x25,0x08,0x25,0x08,0xAE,0x21,0xAE,0x21,0xAE,0x21,0x25,0x08,
    0x25,0x08,0x25,0x08,0x25,0x08,0xAE,0x21,0xAE,0x21,0xAE,0x21,0x25,0x08,0x25,0x08,
    0x25,0x08,0x25,0x08,0x25,0x08,0x25,0x08,0x25,0x08,0x25,0x08,0x25,0x08,0x25,0x08,
    0x25,0x08,0x25,0x08,0x25,0x08,0x25,0x08,0x25,0x08,0xAE,0x21,0xAE,0x21,0xAE,0x21,
    0x25,0x08,0x25,0x08,0xAE,0x21,0xAE,0x21,0x31,0x34,0x31,0x34,0x31,0x34,0x31,0x34,
    0x31,0x34,0x31,0x34,0x31,0x34,0x25,0x08,0x25,0x08,0xAE,0x21,0xAE,0x21,0xAE,0x21,
    0x25,0x08,0x25,0x08,0x31,0x34,0x31,0x34,0x31,0x34,0x31,0x34,0x31,0x34,0x31,0x34,
    0x31,0x34,0xAE,0x21,0xAE,0x21,0xAE,0x21,0xAE,0x21,0x2B,0x5E,0x31,0x34,0x31,0x34,
    0x31,0x34,0x31,0x34,0x31,0x34,0x31,0x34,0x25,0x08,0x25,0x08,0xAE,0x21,0xAE,0x21,
    0xAE,0x21,0x25,0x08,0x25,0x08,0x31,0x34,0x31,0x34,0x31,0x34,0x31,0x34,0x31,0x34,
    0x31,0x34,0x2B,0x5E,0xAE,0x21,0xAE,0x21,0xAE,0x21,0xAE,0x21,0x2B,0x5E,0x31,0x34,
    0x31,0x34,0x31,0x34,0x31,0x34,0x31,0x34,0x31,0x34,0x25,0x08,0x25,0x08,0xAE,0x21,
    0xAE,0x21,0xAE,0x21,0x25,0x08,0x25,0x08,0x31,0x34,0x31,0x34,0x31,0x34,0x31,0x34,
    0x31,0x34,0x31,0x34,0x2B,0x5E,0xAE,0x21,0xAE,0x21,0xAE,0x21,0xAE,0x21,0x31,0x34,
    0x31,0x34,0x31,0x34,0x31,0x34,0x31,0x34,0x31,0x34,0xAE,0x21,0x25,0x08,0x25,0x08,
    0xAE,0x21,0xAE,0x21,0xAE,0x21,0x25,0x08,0x25,0x08,0xAE,0x21,0x31,0x34,0x31,0x34,
    0x31,0x34,0x31,0x34,0x31,0x34,0x31,0x34,0xAE,0x21,0xAE,0x21,0x25,0x08,0x25,0x08,
    0xAE,0x21,0xAE,0x21,0xAE,0x21,0x25,0x08,0x25,0x08,0x25,0x08,0x25,0x08,0x25,0x08,
    0x25,0x08,0x25,0x08,0x25,0x08,0x25,0x08,0x25,0x08,0x25,0x08,0x25,0x08,0x25,0x08,
    0x25,0x08,0x25,0x08,0xAE,0x21,0xAE,0x21,0xAE,0x21,0x25,0x08,0x25,0x08,0x25,0x08,
    0x25,0x08,0xAE,0x21,0xAE,0x21,0xAE,0x21,0x25,0x08,0x25,0x08,0x25,0x08,0x25,0x08,
    0x25,0x08,0x25,0x08,0x25,0x08,0x25,0x08,0x25,0x08,0x25,0x08,0x25,0x08,0x25,0x08,
    0x25,0x08,0x25,0x08,0x25,0x08,0xAE,0x21,0xAE,0x21,0xAE,0x21,0x25,0x08,0x25,0x08,
    0x2B,0x5E,0x2B,0x5E,0x31,0x34,0x31,0x34,0x31,0x34,0x31,0x34,0x25,0x08,0x25,0x08,
    0xAE,0x21,0xAE,0x21,0xAE,0x21,0x25,0x08,0x25,0x08,0xAE,0x21,0xAE,0x21,0xAE,0x21,
    0xAE,0x21,0x25,0x08,0x25,0x08,0x31,0x34,0x31,0x34,0x31,0x34,0x31,0x34,0x2B,0x5E,
    0x2B,0x5E,0x2B,0x5E,0x2B,0x5E,0x31,0x34,0x31,0x34,0x31,0x34,0x31,0x34,0x25,0x08,
    0x25,0x08,0xAE,0x21,0xAE,0x21,0xAE,0x21,0x25,0x08,0x25,0x08,0xAE,0x21,0xAE,0x21,
    0xAE,0x21,0xAE,0x21,0x25,0x08,0x25,0x08,0x31,0x34,0x31,0x34,0x31,0x34,0x31,0x34,
    0x2B,0x5E,0x2B,0x5E,0x2B,0x5E,0x2B,0x5E,0x31,0x34,0x31,0x34,0x31,0x34,0x31,0x34,
    0x25,0x08,0x25,0x08,0xAE,0x21,0xAE,0x21,0xAE,0x21,0x25,0x08,0x25,0x08,0xAE,0x21,
    0xAE,0x21,0xAE,0x21,0xAE,0x21,0x25,0x08,0x25,0x08,0x31,0x34,0x31,0x34,0x31,0x34,
    0x31,0x34,0x2B,0x5E,0x2B,0x5E,0x31,0x34,0x31,0x34,0x31,0x34,0x31,0x34,0x31,0x34,
    0xAE,0x21,0x25,0x08,0x25,0x08,0xAE,0x21,0xAE,0x21,0xAE,0x21,0x25,0x08,0x25,0x08,
    0xAE,0x21,0xAE,0x21,0xAE,0x21,0xAE,0x21,0x25,0x08,0x25,0x08,0xAE,0x21,0x31,0x34,
    0x31,0x34,0x31,0x34,0x31,0x34,0x31,0x34,0x31,0x34,0x31,0x34,0x31,0x34,0x31,0x34,
    0x31,0x34,0xAE,0x21,0x25,0x08,0x25,0x08,0xAE,0x21,0xAE,0x21,0xAE,0x21,0x25,0x08,
    0x25,0x08,0xAE,0x21,0xAE,0x21,0xAE,0x21,0xAE,0x21,0x25,0x08,0x25,0x08,0xAE,0x21,
    0x31,0x34,0x31,0x34,0x31,0x34,0x31,0x34,0x31,0x34,0x25,0x08,0x25,0x08,0xAE,0x21,
    0xAE,0x21,0xAE,0x21,0x25,0x08,0x25,0x08,0x25,0x08,0x25,0x08,0x25,0x08,0x25,0x08,
    0x25,0x08,0x25,0x08,0x25,0x08,0x25,0x08,0x25,0x08,0x25,0x08,0x25,0x08,0x25,0x08,
    0x25,0x08,0xAE,0x21,0xAE,0x21,0xAE,0x21,0x25,0x08,0x25,0x08,0xAE,0x21,0xAE,0x21,
    0x31,0x34,0x31,0x34,0x31,0x34,0x31,0x34,0x31,0x34,0x31,0x34,0x31,0x34,0x25,0x08,
    0x25,0x08,0xAE,0x21,0xAE,0x21,0xAE,0x21,0x25,0x08,0x25,0x08,0x31,0x34,0x31,0x34,
    0x31,0x34,0x31,0x34,0x31,0x34,0x31,0x34,0x31,0x34,0xAE,0x21,0xAE,0x21,0xAE,0x21,
    0xAE,0x21,0x31,0x34,0x31,0x34,0x31,0x34,0x31,0x34,0x31,0x34,0x31,0x34,0x31,0x34,
    0x25,0x08,0x25,0x08,0xAE,0x21,0xAE,0x21,0xAE,0x21,0x25,0x08,0x25,0x08,0x31,0x34,
    0x31,0x34,0x31,0x34,0x31,0x34,0x31,0x34,0x31,0x34,0x31,0x34,0xAE,0x21,0xAE,0x21,
    0xAE,0x21,0xAE,0x21,0x2B,0x5E,0x31,0x34,0x31,0x34,0x31,0x34,0x31,0x34,0x31,0x34,
    0x31,0x34,0x25,0x08,0x25,0x08,0xAE,0x21,0xAE,0x21,0xAE,0x21,0x25,0x08,0x25,0x08,
    0x31,0x34,0x31,0x34,0x31,0x34,0x31,0x34,0x31,0x34,0x31,0x34,0x2B,0x5E,0xAE,0x21,
    0xAE,0x21,0xAE,0x21,0xAE,0x21,0x31,0x34,0x31,0x34,0x31,0x34,0x31,0x34,0x31,0x34,
    0x31,0x34,0xAE,0x21,0x25,0x08,0x25,0x08,0xAE,0x21,0xAE,0x21,0xAE,0x21,0x25,0x08,
    0x25,0x08,0xAE,0x21,0x31,0x34,0x31,0x34,0x31,0x34,0x31,0x34,0x31,0x34,0x31,0x34,
    0xAE,0x21,0xAE,0x21,0xAE,0x21,0xAE,0x21,0x31,0x34,0x31,0x34,0x31,0x34,0x31,0x34,
    0x31,0x34,0x31,0x34,0xAE,0x21,0x25,0x08,0x25,0x08,0xAE,0x21,0xAE,0x21,0xAE,0x21,
    0x25,0x08,0x25,0x08,0xAE,0x21,0x31,0x34,0x31,0x34,0x31,0x34,0x31,0x34,0x31,0x34,
    0x31,0x34,0xAE,0x21,0xAE,0x21,0x25,0x08,0x25,0x08,0xAE,0x21,0xAE,0x21,0xAE,0x21,
    0x25,0x08,0x25,0x08,0x25,0x08,0x25,0x08,0x25,0x08,0x25,0x08,0x25,0x08,0x25,0x08,
    0x25,0x08,0x25,0x08,0x25,0x08,0x25,0x08,0x25,0x08,0x25,0x08,0x25,0x08,0xAE,0x21,
    0xAE,0x21,0xAE,0x21,0x25,0x08,0x25,0x08,0x2B,0x5E,0x2B,0x5E,0x31,0x34,0x31,0x34,
    0x31,0x34,0x31,0x34,0x25,0x08,0x25,0x08,0xAE,0x21,0xAE,0x21,0xAE,0x21,0xAE,0x21,
    0xAE,0x21,0xAE,0x21,0xAE,0x21,0xAE,0x21,0xAE,0x21,0x25,0x08,0x25,0x08,0x31,0x34,
    0x31,0x34,0x31,0x34,0x31,0x34,0x2B,0x5E,0x2B,0x5E,0x2B,0x5E,0x2B,0x5E,0x31,0x34,
    0x31,0x34,0x31,0x34,0x31,0x34,0x25,0x08,0x25,0x08,0xAE,0x21,0xAE,0x21,0xAE,0x21,
    0xAE,0x21,0xAE,0x21,0xAE,0x21,0xAE,0x21,0xAE,0x21,0xAE,0x21,0x25,0x08,0x25,0x08,
    0x31,0x34,0x31,0x34,0x31,0x34,0x31,0x34,0x2B,0x5E,0x2B,0x5E,0x2B,0x5E,0x2B,0x5E,
    0x31,0x34,0x31,0x34,0x31,0x34,0x31,0x34,0x25,0x08,0x25,0x08,0xAE,0x21,0xAE,0x21,
    0xAE,0x21,0xAE,0x21,0xAE,0x21,0xAE,0x21,0xAE,0x21,0xAE,0x21,0xAE,0x21,0x25,0x08,
    0x25,0x08,0x31,0x34,0x31,0x34,0x31,0x34,0x31,0x34,0x2B,0x5E,0x2B,0x5E,0x31,0x34,
    0x31,0x34,0x31,0x34,0x31,0x34,0x31,0x34,0xAE,0x21,0x25,0x08,0x25,0x08,0xAE,0x21,
    0xAE,0x21,0xAE,0x21,0xAE,0x21,0xAE,0x21,0xAE,0x21,0xAE,0x21,0xAE,0x21,0xAE,0x21,
    0x25,0x08,0x25,0x08,0xAE,0x21,0x31,0x34,0x31,0x34,0x31,0x34,0x31,0x34,0x31,0x34,
    0x31,0x34,0x31,0x34,0x31,0x34,0x31,0x34,0x31,0x34,0xAE,0x21,0x25,0x08,0x25,0x08,
    0xAE,0x21,0xAE,0x21,0xAE,0x21,0xAE,0x21,0xAE,0x21,0xAE,0x21,0xAE,0x21,0xAE,0x21,
    0xAE,0x21,0x25,0x08,0x25,0x08,0xAE,0x21,0x31,0x34,0x31,0x34,0x31,0x34,0x31,0x34,
    0x31,0x34,0xFF,0xFF,0xFF,0xFF,0xFF,0xFF,0xFF,0xFF,0xFF,0xFF,0xFF,0xFF,0xFF,0xFF,
    0xFF,0xFF,0xFF,0xFF,0xFF,0xFF,0xFF,0xFF,0xFF,0xFF,0xFF,0xFF,0xFF,0xFF,0xFF,0xFF,
    0xFF,0xFF,0xFF,0xFF,0xFF,0xFF,0xFF,0xFF,0xFF,0xFF,0xFF,0xFF,0xFF,0xFF,0xFF,0xFF,
    0xFF,0xFF,0xFF,0xFF,0xFF,0xFF,0xFF,0xFF,0xFF,0xFF,0xFF,0xFF,0xFF,0xFF,0xFF,0xFF,
    0xFF,0xFF,0xFF,0xFF,0xFF,0xFF,0xFF,0xFF,0xFF,0xFF,0xFF,0xFF,0xFF,0xFF,0xFF,0xFF,
    0xFF,0xFF,0xFF,0xFF,0xFF,0xFF,0xFF,0xFF,0xFF,0xFF,0xFF,0xFF,0xFF,0xFF,0xFF,0xFF,
    0xFF,0xFF,0xFF,0xFF,0xFF,0xFF,0xFF,0xFF,0xFF,0xFF,0xFF,0xFF,0xFF,0xFF,0xFF,0xFF,
    0xFF,0xFF,0xFF,0xFF,0xFF,0xFF,0xFF,0xFF,0xFF,0xFF,0xFF,0xFF,0xFF,0xFF,0xFF,0xFF,
    0xFF,0xFF,0xFF,0xFF,0xFF,0xFF,0xFF,0xFF,0xFF,0xFF,0xFF,0xFF,0xFF,0xFF,0xFF,0xFF,
    0xFF,0xFF,0xFF,0xFF,0xFF,0xFF,0xFF,0xFF,0xFF,0xFF,0xFF,0xFF,0xFF,0xFF,0xFF,0xFF,
    0xFF,0xFF,0xFF,0xFF,0xFF,0xFF,0xFF,0xFF,0xFF,0xFF,0xFF,0xFF,0xFF,0xFF,0xFF,0xFF,
    0xFF,0xFF,0xFF,0xFF,0xFF,0xFF,0xFF,0xFF,0xFF,0xFF,0xFF,0xFF,0xFF,0xFF,0xFF,0xFF,
    0xFF,0xFF,0xFF,0xFF,0xFF,0xFF,0xFF,0xFF,0xFF,0xFF,0xFF,0xFF,0xFF,0xFF,0xFF,0xFF,
    0xFF,0xFF,0xFF,0xFF,0xFF,0xFF,0xFF,0xFF,0xFF,0xFF,0xFF,0xFF,0xFF,0xFF,0xFF,0xFF,
    0xFF,0xFF,0xFF,0xFF,0xFF,0xFF,0xFF,0xFF,0xFF,0xFF,0xFF,0xFF,0xFF,0xFF,0xFF,0xFF,
    0xFF,0xFF,0xFF,0xFF,0xFF,0xFF,0xFF,0xFF,0xFF,0xFF,0xFF,0xFF,0xFF,0xFF,0xFF,0xFF,
    0xFF,0xFF,0xFF,0xFF,0xFF,0xFF,0xFF,0xFF,0xFF,0xFF,0xFF,0xFF,0xFF,0xFF,0xFF,0xFF,
    0xFF,0xFF,0xFF,0xFF,0xFF,0xFF,0xFF,0xFF,0xFF,0xFF,0xFF,0xFF,0xFF,0xFF,0xFF,0xFF,
    0xFF,0xFF,0xFF,0xFF,0xFF,0xFF,0xFF,0xFF,0xFF,0xFF,0xFF,0xFF,0xFF,0xFF,0xFF,0xFF,
    0xFF,0xFF,0xFF,0xFF,0xFF,0xFF,0xFF,0xFF,0xFF,0xFF,0xFF,0xFF,0xFF,0xFF,0xFF,0xFF,
    0xFF,0xFF,0xFF,0xFF,0xFF,0xFF,0xFF,0xFF,0xFF,0xFF,0xFF,0xFF,0xFF,0xFF,0xFF,0xFF,
    0xFF,0xFF,0xFF,0xFF,0xFF,0xFF,0xFF,0xFF,0xFF,0xFF,0xFF,0xFF,0xFF,0xFF,0xFF,0xFF,
    0xFF,0xFF,0xFF,0xFF,0xFF,0xFF,0xFF,0xFF,0xFF,0xFF,0xFF,0xFF,0xFF,0xFF,0xFF,0xFF,
    0xFF,0xFF,0xFF,0xFF,0xFF,0xFF,0xFF,0xFF,0xFF,0xFF,0xFF,0xFF,0xFF,0xFF,0xFF,0xFF,
    0xFF,0xFF,0xFF,0xFF,0xFF,0xFF,0xFF,0xFF,0xFF,0xFF,0xFF,0xFF,0xFF,0xFF,0xFF,0xFF,
    0xFF,0xFF,0xFF,0xFF,0xFF,0xFF,0xFF,0xFF,0xFF,0xFF,0xFF,0xFF,0xFF,0xFF,0xFF,0xFF,
    0xFF,0xFF,0xFF,0xFF,0xFF,0xFF,0xFF,0xFF,0xFF,0xFF,0xFF,0xFF,0xFF,0xFF,0xFF,0xFF,
    0xFF,0xFF,0xFF,0xFF,0xFF,0xFF,0xFF,0xFF,0xFF,0xFF,0xFF,0xFF,0xFF,0xFF,0xFF,0xFF,
    0xFF,0xFF,0xFF,0xFF,0xFF,0xFF,0xFF,0xFF,0xFF,0xFF,0xFF,0xFF,0xFF,0xFF,0xFF,0xFF,
    0xFF,0xFF,0xFF,0xFF,0xFF,0xFF,0xFF,0xFF,0xFF,0xFF,0xFF,0xFF,0xFF,0xFF,0xFF,0xFF,
    0xFF,0xFF,0xFF,0xFF,0xFF,0xFF,0xFF,0xFF,0xFF,0xFF,0xFF,0xFF,0xFF,0xFF,0xFF,0xFF,
    0xFF,0xFF,0xFF,0xFF,0xFF,0xFF,0xFF,0xFF,0xFF,0xFF,0xFF,0xFF,0xFF,0xFF,0xFF,0xFF,
    0xFF,0xFF,0xFF,0xFF,0xFF,0xFF,0xFF,0xFF,0xFF,0xFF,0xFF,0xFF,0xFF,0xFF,0xFF,0xFF,
    0xFF,0xFF,0xFF,0xFF,0xFF,0xFF,0xFF,0xFF,0xFF,0xFF,0xFF,0xFF,0xFF,0xFF,0xFF,0xFF,
    0xFF,0xFF,0xFF,0xFF,0xFF,0xFF,0xFF,0xFF,0xFF,0xFF,0xFF,0xFF,0xFF,0xFF,0xFF,0xFF,
    0xFF,0xFF,0xFF,0xFF,0xFF,0xFF,0xFF,0xFF,0xFF,0xFF,0xFF,0xFF,0xFF,0xFF,0xFF,0xFF,
    0xFF,0xFF,0xFF,0xFF,0xFF,0xFF,0xFF,0xFF,0xFF,0xFF,0xFF,0xFF,0xFF,0xFF,0xFF,0xFF,
    0xFF,0xFF,0xFF,0xFF,0xFF,0xFF,0xFF,0xFF,0xFF,0xFF,0xFF,0xFF,0xFF,0xFF,0xFF,0xFF,
    0xFF,0xFF,0xFF,0xFF,0xFF,0xFF,0xFF,0xFF,0xFF,0xFF,0xFF,0xFF,0xFF,0xFF,0xFF,0xFF,
    0xFF,0xFF,0xFF,
};
const lv_image_dsc_t ui_img_jump_prince_tile_3_1 = {
    .header.w = 25,
    .header.h = 25,
    .data_size = sizeof(ui_img_jump_prince_tile_3_1_data),
    .header.cf = LV_COLOR_FORMAT_NATIVE_WITH_ALPHA,
    .header.magic = LV_IMAGE_HEADER_MAGIC,
    .data = ui_img_jump_prince_tile_3_1_data
};

const LV_ATTRIBUTE_MEM_ALIGN uint8_t ui_img_jump_prince_tile_4_1_data[] = {
    0x25,0x08,0x25,0x08,0x25,0x08,0x25,0x08,0x25,0x08,0x25,0x08,0x25,0x08,0x25,0x08,
    0x25,0x08,0x25,0x08,0x25,0x08,0x25,0x08,0x25,0x08,0x25,0x08,0x25,0x08,0x25,0x08,
    0x25,0x08,0x25,0x08,0x25,0x08,0x25,0x08,0xAE,0x21,0xAE,0x21,0xAE,0x21,0x25,0x08,
    0x25,0x08,0x25,0x08,0x25,0x08,0x25,0x08,0x25,0x08,0x25,0x08,0x25,0x08,0x25,0x08,
    0x25,0x08,0x25,0x08,0x25,0x08,0x25,0x08,0x25,0x08,0x25,0x08,0x25,0x08,0x25,0x08,
    0x25,0x08,0x25,0x08,0x25,0x08,0x25,0x08,0x25,0x08,0xAE,0x21,0xAE,0x21,0xAE,0x21,
    0x25,0x08,0x25,0x08,0x25,0x08,0x25,0x08,0x25,0x08,0x25,0x08,0x25,0x08,0x25,0x08,
    0xAE,0x21,0xAE,0x21,0x25,0x08,0x25,0x08,0x25,0x08,0xAE,0x21,0xAE,0x21,0xAE,0x21,
    0x25,0x08,0x25,0x08,0x31,0x34,0x31,0x34,0x31,0x34,0x31,0x34,0x2B,0x5E,0x2B,0x5E,
    0x31,0x34,0xAE,0x21,0xAE,0x21,0x25,0x08,0x25,0x08,0x25,0x08,0x25,0x08,0x25,0x08,
    0x25,0x08,0x25,0x08,0x25,0x08,0xAE,0x21,0xAE,0x21,0xAE,0x21,0xAE,0x21,0xAE,0x21,
    0xAE,0x21,0x25,0x08,0x25,0x08,0x31,0x34,0x31,0x34,0x31,0x34,0x31,0x34,0x31,0x34,
    0x31,0x34,0x2B,0x5E,0xAE,0x21,0xAE,0x21,0x25,0x08,0x25,0x08,0x25,0x08,0x25,0x08,
    0x25,0x08,0x25,0x08,0x25,0x08,0x25,0x08,0xAE,0x21,0xAE,0x21,0xAE,0x21,0xAE,0x21,
    0xAE,0x21,0xAE,0x21,0x25,0x08,0x25,0x08,0x31,0x34,0x31,0x34,0x31,0x34,0x31,0x34,
    0x31,0x34,0x31,0x34,0x2B,0x5E,0xAE,0x21,0xAE,0x21,0x25,0x08,0x25,0x08,0x25,0x08,
    0x25,0x08,0x25,0x08,0x25,0x08,0xAE,0x21,0xAE,0x21,0xAE,0x21,0xAE,0x21,0xAE,0x21,
    0xAE,0x21,0xAE,0x21,0xAE,0x21,0x25,0x08,0x25,0x08,0xAE,0x21,0x31,0x34,0x31,0x34,
    0x31,0x34,0x31,0x34,0x31,0x34,0x31,0x34,0xAE,0x21,0xAE,0x21,0x25,0x08,0x25,0x08,
    0x25,0x08,0x25,0x08,0x25,0x08,0x25,0x08,0x25,0x08,0x25,0x08,0x25,0x08,0x25,0x08,
    0x25,0x08,0x25,0x08,0x25,0x08,0x25,0x08,0x25,0x08,0x25,0x08,0x25,0x08,0x25,0x08,
    0x25,0x08,0x25,0x08,0xAE,0x21,0xAE,0x21,0xAE,0x21,0x25,0x08,0x25,0x08,0x25,0x08,
    0x25,0x08,0x25,0x08,0x25,0x08,0x25,0x08,0x25,0x08,0x25,0x08,0x25,0x08,0x25,0x08,
    0x25,0x08,0x25,0x08,0x25,0x08,0x25,0x08,0x25,0x08,0x25,0x08,0x25,0x08,0x25,0x08,
    0x25,0x08,0x25,0x08,0x25,0x08,0xAE,0x21,0xAE,0x21,0xAE,0x21,0x25,0x08,0x25,0x08,
    0x25,0x08,0x25,0x08,0x25,0x08,0x25,0x08,0x25,0x08,0x25,0x08,0x25,0x08,0x25,0x08,
    0x25,0x08,0xAE,0x21,0xAE,0x21,0xAE,0x21,0xAE,0x21,0xAE,0x21,0xAE,0x21,0xAE,0x21,
    0xAE,0x21,0x25,0x08,0x25,0x08,0x31,0x34,0x31,0x34,0x31,0x34,0x31,0x34,0x31,0x34,
    0x31,0x34,0x25,0x08,0x25,0x08,0x25,0x08,0x25,0x08,0x25,0x08,0x25,0x08,0x25,0x08,
    0x25,0x08,0x25,0x08,0x25,0x08,0x25,0x08,0xAE,0x21,0xAE,0x21,0xAE,0x21,0xAE,0x21,
    0xAE,0x21,0xAE,0x21,0x25,0x08,0x25,0x08,0x31,0x34,0x31,0x34,0x31,0x34,0x31,0x34,
    0x2B,0x5E,0x2B,0x5E,0x25,0x08,0x25,0x08,0x25,0x08,0x25,0x08,0x25,0x08,0x25,0x08,
    0x25,0x08,0x25,0x08,0x25,0x08,0x25,0x08,0x25,0x08,0xAE,0x21,0xAE,0x21,0xAE,0x21,
    0xAE,0x21,0xAE,0x21,0xAE,0x21,0x25,0x08,0x25,0x08,0x31,0x34,0x31,0x34,0x31,0x34,
    0x31,0x34,0x2B,0x5E,0x2B,0x5E,0x25,0x08,0x25,0x08,0x25,0x08,0x25,0x08,0x25,0x08,
    0x25,0x08,0xAE,0x21,0xAE,0x21,0xAE,0x21,0xAE,0x21,0xAE,0x21,0x25,0x08,0x25,0x08,
    0xAE,0x21,0xAE,0x21,0xAE,0x21,0xAE,0x21,0x25,0x08,0x25,0x08,0xAE,0x21,0x31,0x34,
    0x31,0x34,0x31,0x34,0x31,0x34,0x31,0x34,0x25,0x08,0x25,0x08,0x25,0x08,0x25,0x08,
    0x25,0x08,0x25,0x08,0xAE,0x21,0xAE,0x21,0xAE,0x21,0xAE,0x21,0xAE,0x21,0x25,0x08,
    0x25,0x08,0xAE,0x21,0xAE,0x21,0xAE,0x21,0xAE,0x21,0x25,0x08,0x25,0x08,0xAE,0x21,
    0x31,0x34,0x31,0x34,0x31,0x34,0x31,0x34,0x31,0x34,0x25,0x08,0x25,0x08,0x25,0x08,
    0x25,0x08,0x25,0x08,0x25,0x08,0x25,0x08,0x25,0x08,0x25,0x08,0x25,0x08,0x25,0x08,
    0x25,0x08,0x25,0x08,0x25,0x08,0x25,0x08,0x25,0x08,0x25,0x08,0x25,0x08,0x25,0x08,
    0x25,0x08,0xAE,0x21,0xAE,0x21,0xAE,0x21,0x25,0x08,0x25,0x08,0x25,0x08,0x25,0x08,
    0x25,0x08,0x25,0x08,0x25,0x08,0xAE,0x21,0xAE,0x21,0xAE,0x21,0xAE,0x21,0xAE,0x21,
    0xAE,0x21,0xAE,0x21,0xAE,0x21,0x25,0x08,0x25,0x08,0x25,0x08,0x31,0x34,0x2B,0x5E,
    0x2B,0x5E,0x25,0x08,0x25,0x08,0x25,0x08,0x25,0x08,0xAE,0x21,0xAE,0x21,0x25,0x08,
    0x25,0x08,0x25,0x08,0x25,0x08,0x25,0x08,0xAE,0x21,0xAE,0x21,0xAE,0x21,0xAE,0x21,
    0xAE,0x21,0xAE,0x21,0xAE,0x21,0xAE,0x21,0x25,0x08,0x25,0x08,0x25,0x08,0x31,0x34,
    0x2B,0x5E,0x2B,0x5E,0x25,0x08,0x25,0x08,0x25,0x08,0x25,0x08,0xAE,0x21,0xAE,0x21,
    0x25,0x08,0x25,0x08,0x25,0x08,0x25,0x08,0x25,0x08,0xAE,0x21,0xAE,0x21,0xAE,0x21,
    0xAE,0x21,0xAE,0x21,0xAE,0x21,0x25,0x08,0x25,0x08,0xAE,0x21,0x25,0x08,0x25,0x08,
    0x31,0x34,0x31,0x34,0x31,0x34,0x31,0x34,0x2B,0x5E,0x2B,0x5E,0x25,0x08,0xAE,0x21,
    0xAE,0x21,0x25,0x08,0x25,0x08,0x25,0x08,0x25,0x08,0x25,0x08,0x25,0x08,0xAE,0x21,
    0xAE,0x21,0xAE,0x21,0x25,0x08,0x25,0x08,0xAE,0x21,0xAE,0x21,0xAE,0x21,0x25,0x08,
    0x25,0x08,0xAE,0x21,0x31,0x34,0x31,0x34,0x31,0x34,0x31,0x34,0x31,0x34,0x2B,0x5E,
    0x25,0x08,0x25,0x08,0x25,0x08,0x25,0x08,0x25,0x08,0x25,0x08,0x25,0x08,0x25,0x08,
    0xAE,0x21,0xAE,0x21,0xAE,0x21,0x25,0x08,0x25,0x08,0xAE,0x21,0xAE,0x21,0xAE,0x21,
    0x25,0x08,0x25,0x08,0xAE,0x21,0x31,0x34,0x31,0x34,0x31,0x34,0x31,0x34,0x31,0x34,
    0x2B,0x5E,0x25,0x08,0x25,0x08,0x25,0x08,0x25,0x08,0x25,0x08,0x25,0x08,0x25,0x08,
    0x25,0x08,0x25,0x08,0x25,0x08,0x25,0x08,0x25,0x08,0x25,0x08,0x25,0x08,0x25,0x08,
    0x25,0x08,0x25,0x08,0x25,0x08,0x25,0x08,0x25,0x08,0x25,0x08,0x25,0x08,0xAE,0x21,
    0xAE,0x21,0xAE,0x21,0x25,0x08,0x25,0x08,0x25,0x08,0x25,0x08,0x25,0x08,0x25,0x08,
    0x25,0x08,0x25,0x08,0x25,0x08,0x25,0x08,0x25,0x08,0xAE,0x21,0xAE,0x21,0xAE,0x21,
    0xAE,0x21,0xAE,0x21,0xAE,0x21,0xAE,0x21,0xAE,0x21,0x25,0x08,0x25,0x08,0x31,0x34,
    0x31,0x34,0x31,0x34,0x31,0x34,0x31,0x34,0x31,0x34,0x25,0x08,0x25,0x08,0x25,0x08,
    0x25,0x08,0x25,0x08,0x25,0x08,0x25,0x08,0x25,0x08,0x25,0x08,0xAE,0x21,0xAE,0x21,
    0xAE,0x21,0xAE,0x21,0xAE,0x21,0xAE,0x21,0xAE,0x21,0xAE,0x21,0x25,0x08,0x25,0x08,
    0x31,0x34,0x31,0x34,0x31,0x34,0x31,0x34,0x31,0x34,0x31,0x34,0x25,0x08,0x25,0x08,
    0x25,0x08,0x25,0x08,0x25,0x08,0x25,0x08,0x25,0x08,0x25,0x08,0x25,0x08,0xAE,0x21,
    0xAE,0x21,0xAE,0x21,0xAE,0x21,0xAE,0x21,0xAE,0x21,0xAE,0x21,0xAE,0x21,0x25,0x08,
    0x25,0x08,0x31,0x34,0x31,0x34,0x31,0x34,0x31,0x34,0x2B,0x5E,0x2B,0x5E,0x25,0x08,
    0x25,0x08,0x25,0x08,0x25,0x08,0x25,0x08,0x25,0x08,0x25,0x08,0x25,0x08,0x25,0x08,
    0x25,0x08,0x25,0x08,0xAE,0x21,0xAE,0x21,0xAE,0x21,0xAE,0x21,0xAE,0x21,0xAE,0x21,
    0x25,0x08,0x25,0x08,0xAE,0x21,0x31,0x34,0x31,0x34,0x31,0x34,0x31,0x34,0x31,0x34,
    0x25,0x08,0x25,0x08,0x25,0x08,0x25,0x08,0x25,0x08,0x25,0x08,0x25,0x08,0x25,0x08,
    0x25,0x08,0x25,0x08,0x25,0x08,0xAE,0x21,0xAE,0x21,0xAE,0x21,0xAE,0x21,0xAE,0x21,
    0xAE,0x21,0x25,0x08,0x25,0x08,0xAE,0x21,0x31,0x34,0x31,0x34,0x31,0x34,0x31,0x34,
    0x31,0x34,0xFF,0xFF,0xFF,0xFF,0xFF,0xFF,0xFF,0xFF,0xFF,0xFF,0xFF,0xFF,0xFF,0xFF,
    0xFF,0xFF,0xFF,0xFF,0xFF,0xFF,0xFF,0xFF,0xFF,0xFF,0xFF,0xFF,0xFF,0xFF,0xFF,0xFF,
    0xFF,0xFF,0xFF,0xFF,0xFF,0xFF,0xFF,0xFF,0xFF,0xFF,0xFF,0xFF,0xFF,0xFF,0xFF,0xFF,
    0xFF,0xFF,0xFF,0xFF,0xFF,0xFF,0xFF,0xFF,0xFF,0xFF,0xFF,0xFF,0xFF,0xFF,0xFF,0xFF,
    0xFF,0xFF,0xFF,0xFF,0xFF,0xFF,0xFF,0xFF,0xFF,0xFF,0xFF,0xFF,0xFF,0xFF,0xFF,0xFF,
    0xFF,0xFF,0xFF,0xFF,0xFF,0xFF,0xFF,0xFF,0xFF,0xFF,0xFF,0xFF,0xFF,0xFF,0xFF,0xFF,
    0xFF,0xFF,0xFF,0xFF,0xFF,0xFF,0xFF,0xFF,0xFF,0xFF,0xFF,0xFF,0xFF,0xFF,0xFF,0xFF,
    0xFF,0xFF,0xFF,0xFF,0xFF,0xFF,0xFF,0xFF,0xFF,0xFF,0xFF,0xFF,0xFF,0xFF,0xFF,0xFF,
    0xFF,0xFF,0xFF,0xFF,0xFF,0xFF,0xFF,0xFF,0xFF,0xFF,0xFF,0xFF,0xFF,0xFF,0xFF,0xFF,
    0xFF,0xFF,0xFF,0xFF,0xFF,0xFF,0xFF,0xFF,0xFF,0xFF,0xFF,0xFF,0xFF,0xFF,0xFF,0xFF,
    0xFF,0xFF,0xFF,0xFF,0xFF,0xFF,0xFF,0xFF,0xFF,0xFF,0xFF,0xFF,0xFF,0xFF,0xFF,0xFF,
    0xFF,0xFF,0xFF,0xFF,0xFF,0xFF,0xFF,0xFF,0xFF,0xFF,0xFF,0xFF,0xFF,0xFF,0xFF,0xFF,
    0xFF,0xFF,0xFF,0xFF,0xFF,0xFF,0xFF,0xFF,0xFF,0xFF,0xFF,0xFF,0xFF,0xFF,0xFF,0xFF,
    0xFF,0xFF,0xFF,0xFF,0xFF,0xFF,0xFF,0xFF,0xFF,0xFF,0xFF,0xFF,0xFF,0xFF,0xFF,0xFF,
    0xFF,0xFF,0xFF,0xFF,0xFF,0xFF,0xFF,0xFF,0xFF,0xFF,0xFF,0xFF,0xFF,0xFF,0xFF,0xFF,
    0xFF,0xFF,0xFF,0xFF,0xFF,0xFF,0xFF,0xFF,0xFF,0xFF,0xFF,0xFF,0xFF,0xFF,0xFF,0xFF,
    0xFF,0xFF,0xFF,0xFF,0xFF,0xFF,0xFF,0xFF,0xFF,0xFF,0xFF,0xFF,0xFF,0xFF,0xFF,0xFF,
    0xFF,0xFF,0xFF,0xFF,0xFF,0xFF,0xFF,0xFF,0xFF,0xFF,0xFF,0xFF,0xFF,0xFF,0xFF,0xFF,
    0xFF,0xFF,0xFF,0xFF,0xFF,0xFF,0xFF,0xFF,0xFF,0xFF,0xFF,0xFF,0xFF,0xFF,0xFF,0xFF,
    0xFF,0xFF,0xFF,0xFF,0xFF,0xFF,0xFF,0xFF,0xFF,0xFF,0xFF,0xFF,0xFF,0xFF,0xFF,0xFF,
    0xFF,0xFF,0xFF,0xFF,0xFF,0xFF,0xFF,0xFF,0xFF,0xFF,0xFF,0xFF,0xFF,0xFF,0xFF,0xFF,
    0xFF,0xFF,0xFF,0xFF,0xFF,0xFF,0xFF,0xFF,0xFF,0xFF,0xFF,0xFF,0xFF,0xFF,0xFF,0xFF,
    0xFF,0xFF,0xFF,0xFF,0xFF,0xFF,0xFF,0xFF,0xFF,0xFF,0xFF,0xFF,0xFF,0xFF,0xFF,0xFF,
    0xFF,0xFF,0xFF,0xFF,0xFF,0xFF,0xFF,0xFF,0xFF,0xFF,0xFF,0xFF,0xFF,0xFF,0xFF,0xFF,
    0xFF,0xFF,0xFF,0xFF,0xFF,0xFF,0xFF,0xFF,0xFF,0xFF,0xFF,0xFF,0xFF,0xFF,0xFF,0xFF,
    0xFF,0xFF,0xFF,0xFF,0xFF,0xFF,0xFF,0xFF,0xFF,0xFF,0xFF,0xFF,0xFF,0xFF,0xFF,0xFF,
    0xFF,0xFF,0xFF,0xFF,0xFF,0xFF,0xFF,0xFF,0xFF,0xFF,0xFF,0xFF,0xFF,0xFF,0xFF,0xFF,
    0xFF,0xFF,0xFF,0xFF,0xFF,0xFF,0xFF,0xFF,0xFF,0xFF,0xFF,0xFF,0xFF,0xFF,0xFF,0xFF,
    0xFF,0xFF,0xFF,0xFF,0xFF,0xFF,0xFF,0xFF,0xFF,0xFF,0xFF,0xFF,0xFF,0xFF,0xFF,0xFF,
    0xFF,0xFF,0xFF,0xFF,0xFF,0xFF,0xFF,0xFF,0xFF,0xFF,0xFF,0xFF,0xFF,0xFF,0xFF,0xFF,
    0xFF,0xFF,0xFF,0xFF,0xFF,0xFF,0xFF,0xFF,0xFF,0xFF,0xFF,0xFF,0xFF,0xFF,0xFF,0xFF,
    0xFF,0xFF,0xFF,0xFF,0xFF,0xFF,0xFF,0xFF,0xFF,0xFF,0xFF,0xFF,0xFF,0xFF,0xFF,0xFF,
    0xFF,0xFF,0xFF,0xFF,0xFF,0xFF,0xFF,0xFF,0xFF,0xFF,0xFF,0xFF,0xFF,0xFF,0xFF,0xFF,
    0xFF,0xFF,0xFF,0xFF,0xFF,0xFF,0xFF,0xFF,0xFF,0xFF,0xFF,0xFF,0xFF,0xFF,0xFF,0xFF,
    0xFF,0xFF,0xFF,0xFF,0xFF,0xFF,0xFF,0xFF,0xFF,0xFF,0xFF,0xFF,0xFF,0xFF,0xFF,0xFF,
    0xFF,0xFF,0xFF,0xFF,0xFF,0xFF,0xFF,0xFF,0xFF,0xFF,0xFF,0xFF,0xFF,0xFF,0xFF,0xFF,
    0xFF,0xFF,0xFF,0xFF,0xFF,0xFF,0xFF,0xFF,0xFF,0xFF,0xFF,0xFF,0xFF,0xFF,0xFF,0xFF,
    0xFF,0xFF,0xFF,0xFF,0xFF,0xFF,0xFF,0xFF,0xFF,0xFF,0xFF,0xFF,0xFF,0xFF,0xFF,0xFF,
    0xFF,0xFF,0xFF,0xFF,0xFF,0xFF,0xFF,0xFF,0xFF,0xFF,0xFF,0xFF,0xFF,0xFF,0xFF,0xFF,
    0xFF,0xFF,0xFF,
};
const lv_image_dsc_t ui_img_jump_prince_tile_4_1 = {
    .header.w = 25,
    .header.h = 25,
    .data_size = sizeof(ui_img_jump_prince_tile_4_1_data),
    .header.cf = LV_COLOR_FORMAT_NATIVE_WITH_ALPHA,
    .header.magic = LV_IMAGE_HEADER_MAGIC,
    .data = ui_img_jump_prince_tile_4_1_data
};

const LV_ATTRIBUTE_MEM_ALIGN uint8_t ui_img_jump_prince_tile_5_1_data[] = {
    0x25,0x08,0x25,0x08,0x25,0x08,0x25,0x08,0x25,0x08,0x25,0x08,0x25,0x08,0x25,0x08,
    0x25,0x08,0x25,0x08,0x25,0x08,0x25,0x08,0x25,0x08,0x25,0x08,0x25,0x08,0x25,0x08,
    0x25,0x08,0x25,0x08,0x25,0x08,0x25,0x08,0x25,0x08,0x25,0x08,0x25,0x08,0x25,0x08,
    0x25,0x08,0x25,0x08,0x25,0x08,0x25,0x08,0x25,0x08,0x25,0x08,0x25,0x08,0x25,0x08,
    0x25,0x08,0x25,0x08,0x25,0x08,0x25,0x08,0x25,0x08,0x25,0x08,0x25,0x08,0x25,0x08,
    0x25,0x08,0x25,0x08,0x25,0x08,0x25,0x08,0x25,0x08,0x25,0x08,0x25,0x08,0x25,0x08,
    0x25,0x08,0x25,0x08,0x25,0x08,0x25,0x08,0x25,0x08,0x25,0x08,0x25,0x08,0x25,0x08,
    0x25,0x08,0x25,0x08,0x25,0x08,0x25,0x08,0x25,0x08,0x25,0x08,0x25,0x08,0x25,0x08,
    0x25,0x08,0x25,0x08,0x25,0x08,0x25,0x08,0x25,0x08,0x25,0x08,0x25,0x08,0x25,0x08,
    0x25,0x08,0x25,0x08,0x25,0x08,0x25,0x08,0x25,0x08,0x25,0x08,0x25,0x08,0x25,0x08,
    0x25,0x08,0x25,0x08,0x25,0x08,0x25,0x08,0x25,0x08,0x25,0x08,0x25,0x08,0x25,0x08,
    0x25,0x08,0x25,0x08,0x25,0x08,0x25,0x08,0x25,0x08,0x25,0x08,0x25,0x08,0x25,0x08,
    0x25,0x08,0x25,0x08,0x25,0x08,0x25,0x08,0x25,0x08,0x25,0x08,0x25,0x08,0x25,0x08,
    0x25,0x08,0x25,0x08,0x25,0x08,0x25,0x08,0x25,0x08,0x25,0x08,0x25,0x08,0x25,0x08,
    0x25,0x08,0x25,0x08,0x25,0x08,0x25,0x08,0x25,0x08,0x25,0x08,0x25,0x08,0x25,0x08,
    0x25,0x08,0x25,0x08,0x25,0x08,0x25,0x08,0x25,0x08,0x25,0x08,0x25,0x08,0x25,0x08,
    0x25,0x08,0x25,0x08,0x25,0x08,0x25,0x08,0x25,0x08,0x25,0x08,0x25,0x08,0x25,0x08,
    0x25,0x08,0x25,0x08,0x25,0x08,0x25,0x08,0x25,0x08,0x25,0x08,0x25,0x08,0x25,0x08,
    0x25,0x08,0x25,0x08,0x25,0x08,0x25,0x08,0x25,0x08,0x25,0x08,0x25,0x08,0x25,0x08,
    0x25,0x08,0x25,0x08,0x25,0x08,0x25,0x08,0x25,0x08,0x25,0x08,0x25,0x08,0x25,0x08,
    0x25,0x08,0x25,0x08,0x25,0x08,0x25,0x08,0x25,0x08,0x25,0x08,0x25,0x08,0x25,0x08,
    0x25,0x08,0x25,0x08,0x25,0x08,0x25,0x08,0x25,0x08,0x25,0x08,0x25,0x08,0x25,0x08,
    0x25,0x08,0x25,0x08,0x25,0x08,0x25,0x08,0x25,0x08,0x25,0x08,0x25,0x08,0x25,0x08,
    0x25,0x08,0x25,0x08,0x25,0x08,0x25,0x08,0x25,0x08,0x25,0x08,0x25,0x08,0x25,0x08,
    0x25,0x08,0x25,0x08,0x25,0x08,0x25,0x08,0x25,0x08,0x25,0x08,0x25,0x08,0x25,0x08,
    0x25,0x08,0x25,0x08,0x25,0x08,0x25,0x08,0x25,0x08,0x25,0x08,0x25,0x08,0x25,0x08,
    0x25,0x08,0x25,0x08,0x25,0x08,0x25,0x08,0x25,0x08,0x25,0x08,0x25,0x08,0x25,0x08,
    0x25,0x08,0x25,0x08,0x25,0x08,0x25,0x08,0x25,0x08,0x25,0x08,0x25,0x08,0x25,0x08,
    0x25,0x08,0x25,0x08,0x25,0x08,0x25,0x08,0x25,0x08,0x25,0x08,0x25,0x08,0x25,0x08,
    0x25,0x08,0x25,0x08,0x25,0x08,0x25,0x08,0x25,0x08,0x25,0x08,0x25,0x08,0x25,0x08,
    0x25,0x08,0x25,0x08,0x25,0x08,0x25,0x08,0x25,0x08,0x25,0x08,0x25,0x08,0x25,0x08,
    0x25,0x08,0x25,0x08,0x25,0x08,0x25,0x08,0x25,0x08,0x25,0x08,0x25,0x08,0x25,0x08,
    0x25,0x08,0x25,0x08,0x25,0x08,0x25,0x08,0x25,0x08,0x25,0x08,0x25,0x08,0x25,0x08,
    0x25,0x08,0x25,0x08,0x25,0x08,0x25,0x08,0x25,0x08,0x25,0x08,0x25,0x08,0x25,0x08,
    0x25,0x08,0x25,0x08,0x25,0x08,0x25,0x08,0x25,0x08,0x25,0x08,0x25,0x08,0x25,0x08,
    0x25,0x08,0x25,0x08,0x25,0x08,0x25,0x08,0x25,0x08,0x25,0x08,0x25,0x08,0x25,0x08,
    0x25,0x08,0x25,0x08,0x25,0x08,0x25,0x08,0x25,0x08,0x25,0x08,0x25,0x08,0x25,0x08,
    0x25,0x08,0x25,0x08,0x25,0x08,0x25,0x08,0x25,0x08,0x25,0x08,0x25,0x08,0x25,0x08,
    0x25,0x08,0x25,0x08,0x25,0x08,0x25,0x08,0x25,0x08,0x25,0x08,0x25,0x08,0x25,0x08,
    0x25,0x08,0x25,0x08,0x25,0x08,0x25,0x08,0x25,0x08,0x25,0x08,0x25,0x08,0x25,0x08,
    0x25,0x08,0x25,0x08,0x25,0x08,0x25,0x08,0x25,0x08,0x25,0x08,0x25,0x08,0x25,0x08,
    0x25,0x08,0x25,0x08,0x25,0x08,0x25,0x08,0x25,0x08,0x25,0x08,0x25,0x08,0x25,0x08,
    0x25,0x08,0x25,0x08,0x25,0x08,0x25,0x08,0x25,0x08,0x25,0x08,0x25,0x08,0x25,0x08,
    0x25,0x08,0x25,0x08,0x25,0x08,0x25,0x08,0x25,0x08,0x25,0x08,0x25,0x08,0x25,0x08,
    0x25,0x08,0x25,0x08,0x25,0x08,0x25,0x08,0x25,0x08,0x25,0x08,0x25,0x08,0x25,0x08,
    0x25,0x08,0x25,0x08,0x25,0x08,0x25,0x08,0x25,0x08,0x25,0x08,0x25,0x08,0x25,0x08,
    0x25,0x08,0x25,0x08,0x25,0x08,0x25,0x08,0x25,0x08,0x25,0x08,0x25,0x08,0x25,0x08,
    0x25,0x08,0x25,0x08,0x25,0x08,0x25,0x08,0x25,0x08,0x25,0x08,0x25,0x08,0x25,0x08,
    0x25,0x08,0x25,0x08,0x25,0x08,0x25,0x08,0x25,0x08,0x25,0x08,0x25,0x08,0x25,0x08,
    0x25,0x08,0x25,0x08,0x25,0x08,0x25,0x08,0x25,0x08,0x25,0x08,0x25,0x08,0x25,0x08,
    0x25,0x08,0x25,0x08,0x25,0x08,0x2B,0x5E,0x2B,0x5E,0x25,0x08,0x25,0x08,0x25,0x08,
    0x25,0x08,0x2B,0x5E,0x2B,0x5E,0x25,0x08,0x25,0x08,0x25,0x08,0x25,0x08,0x25,0x08,
    0x2B,0x5E,0x25,0x08,0x25,0x08,0x25,0x08,0x25,0x08,0x25,0x08,0x2B,0x5E,0x25,0x08,
    0x25,0x08,0x25,0x08,0x25,0x08,0x25,0x08,0x2B,0x5E,0x2B,0x5E,0x25,0x08,0x25,0x08,
    0x25,0x08,0x25,0x08,0x2B,0x5E,0x2B,0x5E,0x25,0x08,0x25,0x08,0x25,0x08,0x25,0x08,
    0x25,0x08,0x2B,0x5E,0x25,0x08,0x25,0x08,0x25,0x08,0x25,0x08,0x25,0x08,0x2B,0x5E,
    0x25,0x08,0x25,0x08,0x25,0x08,0x25,0x08,0x25,0x08,0x2B,0x5E,0x2B,0x5E,0x25,0x08,
    0x25,0x08,0x25,0x08,0x25,0x08,0x2B,0x5E,0x2B,0x5E,0x25,0x08,0x25,0x08,0x25,0x08,
    0x25,0x08,0x25,0x08,0x2B,0x5E,0x25,0x08,0x25,0x08,0x25,0x08,0x25,0x08,0x25,0x08,
    0x2B,0x5E,0x25,0x08,0x25,0x08,0x25,0x08,0x25,0x08,0x2B,0x5E,0x2B,0x5E,0x2B,0x5E,
    0x2B,0x5E,0x25,0x08,0x25,0x08,0x2B,0x5E,0x2B,0x5E,0x2B,0x5E,0x2B,0x5E,0x2B,0x5E,
    0x25,0x08,0x2B,0x5E,0x2B,0x5E,0x2B,0x5E,0x2B,0x5E,0x2B,0x5E,0x25,0x08,0x2B,0x5E,
    0x2B,0x5E,0x2B,0x5E,0x2B,0x5E,0x2B,0x5E,0x25,0x08,0x25,0x08,0x2B,0x5E,0x2B,0x5E,
    0x2B,0x5E,0x2B,0x5E,0x25,0x08,0x25,0x08,0x2B,0x5E,0x2B,0x5E,0x2B,0x5E,0x2B,0x5E,
    0x2B,0x5E,0x25,0x08,0x2B,0x5E,0x2B,0x5E,0x2B,0x5E,0x2B,0x5E,0x2B,0x5E,0x25,0x08,
    0x2B,0x5E,0x2B,0x5E,0x2B,0x5E,0x2B,0x5E,0x2B,0x5E,0x25,0x08,0x25,0x08,0x2B,0x5E,
    0x2B,0x5E,0x2B,0x5E,0x2B,0x5E,0x25,0x08,0x25,0x08,0x2B,0x5E,0x2B,0x5E,0x2B,0x5E,
    0x2B,0x5E,0x2B,0x5E,0x25,0x08,0x2B,0x5E,0x2B,0x5E,0x2B,0x5E,0x2B,0x5E,0x2B,0x5E,
    0x25,0x08,0x2B,0x5E,0x2B,0x5E,0x2B,0x5E,0x2B,0x5E,0x2B,0x5E,0x31,0x34,0x31,0x34,
    0x31,0x34,0x2B,0x5E,0x2B,0x5E,0x31,0x34,0x2B,0x5E,0x2B,0x5E,0x31,0x34,0x2B,0x5E,
    0x2B,0x5E,0x31,0x34,0x31,0x34,0x31,0x34,0x31,0x34,0x31,0x34,0x2B,0x5E,0x31,0x34,
    0x31,0x34,0x2B,0x5E,0x31,0x34,0x31,0x34,0x2B,0x5E,0x31,0x34,0x31,0x34,0x2B,0x5E,
    0x2B,0x5E,0x2B,0x5E,0x2B,0x5E,0x2B,0x5E,0x2B,0x5E,0x2B,0x5E,0x2B,0x5E,0x31,0x34,
    0x31,0x34,0x31,0x34,0x31,0x34,0x31,0x34,0x31,0x34,0x2B,0x5E,0x2B,0x5E,0x31,0x34,
    0x31,0x34,0x31,0x34,0x2B,0x5E,0x31,0x34,0x31,0x34,0x31,0x34,0x31,0x34,0x31,0x34,
    0x2B,0x5E,0x2B,0x5E,0x2B,0x5E,0x2B,0x5E,0x2B,0x5E,0x2B,0x5E,0x2B,0x5E,0x2B,0x5E,
    0x31,0x34,0x31,0x34,0x31,0x34,0x31,0x34,0x31,0x34,0x31,0x34,0x2B,0x5E,0x2B,0x5E,
    0x31,0x34,0x31,0x34,0x31,0x34,0x2B,0x5E,0x31,0x34,0x31,0x34,0x31,0x34,0x31,0x34,
    0x31,0x34,0xFF,0xFF,0xFF,0xFF,0xFF,0xFF,0xFF,0xFF,0xFF,0xFF,0xFF,0xFF,0xFF,0xFF,
    0xFF,0xFF,0xFF,0xFF,0xFF,0xFF,0xFF,0xFF,0xFF,0xFF,0xFF,0xFF,0xFF,0xFF,0xFF,0xFF,
    0xFF,0xFF,0xFF,0xFF,0xFF,0xFF,0xFF,0xFF,0xFF,0xFF,0xFF,0xFF,0xFF,0xFF,0xFF,0xFF,
    0xFF,0xFF,0xFF,0xFF,0xFF,0xFF,0xFF,0xFF,0xFF,0xFF,0xFF,0xFF,0xFF,0xFF,0xFF,0xFF,
    0xFF,0xFF,0xFF,0xFF,0xFF,0xFF,0xFF,0xFF,0xFF,0xFF,0xFF,0xFF,0xFF,0xFF,0xFF,0xFF,
    0xFF,0xFF,0xFF,0xFF,0xFF,0xFF,0xFF,0xFF,0xFF,0xFF,0xFF,0xFF,0xFF,0xFF,0xFF,0xFF,
    0xFF,0xFF,0xFF,0xFF,0xFF,0xFF,0xFF,0xFF,0xFF,0xFF,0xFF,0xFF,0xFF,0xFF,0xFF,0xFF,
    0xFF,0xFF,0xFF,0xFF,0xFF,0xFF,0xFF,0xFF,0xFF,0xFF,0xFF,0xFF,0xFF,0xFF,0xFF,0xFF,
    0xFF,0xFF,0xFF,0xFF,0xFF,0xFF,0xFF,0xFF,0xFF,0xFF,0xFF,0xFF,0xFF,0xFF,0xFF,0xFF,
    0xFF,0xFF,0xFF,0xFF,0xFF,0xFF,0xFF,0xFF,0xFF,0xFF,0xFF,0xFF,0xFF,0xFF,0xFF,0xFF,
    0xFF,0xFF,0xFF,0xFF,0xFF,0xFF,0xFF,0xFF,0xFF,0xFF,0xFF,0xFF,0xFF,0xFF,0xFF,0xFF,
    0xFF,0xFF,0xFF,0xFF,0xFF,0xFF,0xFF,0xFF,0xFF,0xFF,0xFF,0xFF,0xFF,0xFF,0xFF,0xFF,
    0xFF,0xFF,0xFF,0xFF,0xFF,0xFF,0xFF,0xFF,0xFF,0xFF,0xFF,0xFF,0xFF,0xFF,0xFF,0xFF,
    0xFF,0xFF,0xFF,0xFF,0xFF,0xFF,0xFF,0xFF,0xFF,0xFF,0xFF,0xFF,0xFF,0xFF,0xFF,0xFF,
    0xFF,0xFF,0xFF,0xFF,0xFF,0xFF,0xFF,0xFF,0xFF,0xFF,0xFF,0xFF,0xFF,0xFF,0xFF,0xFF,
    0xFF,0xFF,0xFF,0xFF,0xFF,0xFF,0xFF,0xFF,0xFF,0xFF,0xFF,0xFF,0xFF,0xFF,0xFF,0xFF,
    0xFF,0xFF,0xFF,0xFF,0xFF,0xFF,0xFF,0xFF,0xFF,0xFF,0xFF,0xFF,0xFF,0xFF,0xFF,0xFF,
    0xFF,0xFF,0xFF,0xFF,0xFF,0xFF,0xFF,0xFF,0xFF,0xFF,0xFF,0xFF,0xFF,0xFF,0xFF,0xFF,
    0xFF,0xFF,0xFF,0xFF,0xFF,0xFF,0xFF,0xFF,0xFF,0xFF,0xFF,0xFF,0xFF,0xFF,0xFF,0xFF,
    0xFF,0xFF,0xFF,0xFF,0xFF,0xFF,0xFF,0xFF,0xFF,0xFF,0xFF,0xFF,0xFF,0xFF,0xFF,0xFF,
    0xFF,0xFF,0xFF,0xFF,0xFF,0xFF,0xFF,0xFF,0xFF,0xFF,0xFF,0xFF,0xFF,0xFF,0xFF,0xFF,
    0xFF,0xFF,0xFF,0xFF,0xFF,0xFF,0xFF,0xFF,0xFF,0xFF,0xFF,0xFF,0xFF,0xFF,0xFF,0xFF,
    0xFF,0xFF,0xFF,0xFF,0xFF,0xFF,0xFF,0xFF,0xFF,0xFF,0xFF,0xFF,0xFF,0xFF,0xFF,0xFF,
    0xFF,0xFF,0xFF,0xFF,0xFF,0xFF,0xFF,0xFF,0xFF,0xFF,0xFF,0xFF,0xFF,0xFF,0xFF,0xFF,
    0xFF,0xFF,0xFF,0xFF,0xFF,0xFF,0xFF,0xFF,0xFF,0xFF,0xFF,0xFF,0xFF,0xFF,0xFF,0xFF,
    0xFF,0xFF,0xFF,0xFF,0xFF,0xFF,0xFF,0xFF,0xFF,0xFF,0xFF,0xFF,0xFF,0xFF,0xFF,0xFF,
    0xFF,0xFF,0xFF,0xFF,0xFF,0xFF,0xFF,0xFF,0xFF,0xFF,0xFF,0xFF,0xFF,0xFF,0xFF,0xFF,
    0xFF,0xFF,0xFF,0xFF,0xFF,0xFF,0xFF,0xFF,0xFF,0xFF,0xFF,0xFF,0xFF,0xFF,0xFF,0xFF,
    0xFF,0xFF,0xFF,0xFF,0xFF,0xFF,0xFF,0xFF,0xFF,0xFF,0xFF,0xFF,0xFF,0xFF,0xFF,0xFF,
    0xFF,0xFF,0xFF,0xFF,0xFF,0xFF,0xFF,0xFF,0xFF,0xFF,0xFF,0xFF,0xFF,0xFF,0xFF,0xFF,
    0xFF,0xFF,0xFF,0xFF,0xFF,0xFF,0xFF,0xFF,0xFF,0xFF,0xFF,0xFF,0xFF,0xFF,0xFF,0xFF,
    0xFF,0xFF,0xFF,0xFF,0xFF,0xFF,0xFF,0xFF,0xFF,0xFF,0xFF,0xFF,0xFF,0xFF,0xFF,0xFF,
    0xFF,0xFF,0xFF,0xFF,0xFF,0xFF,0xFF,0xFF,0xFF,0xFF,0xFF,0xFF,0xFF,0xFF,0xFF,0xFF,
    0xFF,0xFF,0xFF,0xFF,0xFF,0xFF,0xFF,0xFF,0xFF,0xFF,0xFF,0xFF,0xFF,0xFF,0xFF,0xFF,
    0xFF,0xFF,0xFF,0xFF,0xFF,0xFF,0xFF,0xFF,0xFF,0xFF,0xFF,0xFF,0xFF,0xFF,0xFF,0xFF,
    0xFF,0xFF,0xFF,0xFF,0xFF,0xFF,0xFF,0xFF,0xFF,0xFF,0xFF,0xFF,0xFF,0xFF,0xFF,0xFF,
    0xFF,0xFF,0xFF,0xFF,0xFF,0xFF,0xFF,0xFF,0xFF,0xFF,0xFF,0xFF,0xFF,0xFF,0xFF,0xFF,
    0xFF,0xFF,0xFF,0xFF,0xFF,0xFF,0xFF,0xFF,0xFF,0xFF,0xFF,0xFF,0xFF,0xFF,0xFF,0xFF,
    0xFF,0xFF,0xFF,0xFF,0xFF,0xFF,0xFF,0xFF,0xFF,0xFF,0xFF,0xFF,0xFF,0xFF,0xFF,0xFF,
    0xFF,0xFF,0xFF,
};
const lv_image_dsc_t ui_img_jump_prince_tile_5_1 = {
    .header.w = 25,
    .header.h = 25,
    .data_size = sizeof(ui_img_jump_prince_tile_5_1_data),
    .header.cf = LV_COLOR_FORMAT_NATIVE_WITH_ALPHA,
    .header.magic = LV_IMAGE_HEADER_MAGIC,
    .data = ui_img_jump_prince_tile_5_1_data
};

const LV_ATTRIBUTE_MEM_ALIGN uint8_t ui_img_jump_prince_tile_6_1_data[] = {
    0x25,0x08,0x25,0x08,0xAE,0x21,0xAE,0x21,0xAE,0x21,0x25,0x08,0x25,0x08,0x25,0x08,
    0x25,0x08,0x25,0x08,0x25,0x08,0x25,0x08,0x25,0x08,0x25,0x08,0x25,0x08,0x25,0x08,
    0x25,0x08,0x25,0x08,0x25,0x08,0x25,0x08,0x25,0x08,0x25,0x08,0x25,0x08,0x25,0x08,
    0x25,0x08,0x25,0x08,0x25,0x08,0xAE,0x21,0xAE,0x21,0xAE,0x21,0x25,0x08,0x25,0x08,
    0x25,0x08,0x25,0x08,0x25,0x08,0x25,0x08,0x25,0x08,0x25,0x08,0x25,0x08,0x25,0x08,
    0x25,0x08,0x25,0x08,0x25,0x08,0x25,0x08,0x25,0x08,0x25,0x08,0x25,0x08,0x25,0x08,
    0x25,0x08,0x25,0x08,0xAE,0x21,0xAE,0x21,0x31,0x34,0x2B,0x5E,0x2B,0x5E,0x31,0x34,
    0x31,0x34,0x31,0x34,0x31,0x34,0x25,0x08,0x25,0x08,0xAE,0x21,0xAE,0x21,0xAE,0x21,
    0x25,0x08,0x25,0x08,0x25,0x08,0xAE,0x21,0xAE,0x21,0x25,0x08,0x25,0x08,0x25,0x08,
    0x25,0x08,0x25,0x08,0x25,0x08,0xAE,0x21,0xAE,0x21,0x2B,0x5E,0x31,0x34,0x31,0x34,
    0x31,0x34,0x31,0x34,0x31,0x34,0x31,0x34,0x25,0x08,0x25,0x08,0xAE,0x21,0xAE,0x21,
    0xAE,0x21,0xAE,0x21,0xAE,0x21,0xAE,0x21,0x25,0x08,0x25,0x08,0x25,0x08,0x25,0x08,
    0x25,0x08,0x25,0x08,0x25,0x08,0x25,0x08,0xAE,0x21,0xAE,0x21,0x2B,0x5E,0x31,0x34,
    0x31,0x34,0x31,0x34,0x31,0x34,0x31,0x34,0x31,0x34,0x25,0x08,0x25,0x08,0xAE,0x21,
    0xAE,0x21,0xAE,0x21,0xAE,0x21,0xAE,0x21,0xAE,0x21,0x25,0x08,0x25,0x08,0x25,0x08,
    0x25,0x08,0x25,0x08,0x25,0x08,0x25,0x08,0x25,0x08,0xAE,0x21,0xAE,0x21,0x31,0x34,
    0x31,0x34,0x31,0x34,0x31,0x34,0x31,0x34,0x31,0x34,0xAE,0x21,0x25,0x08,0x25,0x08,
    0xAE,0x21,0xAE,0x21,0xAE,0x21,0xAE,0x21,0xAE,0x21,0xAE,0x21,0xAE,0x21,0xAE,0x21,
    0x25,0x08,0x25,0x08,0x25,0x08,0x25,0x08,0x25,0x08,0x25,0x08,0x25,0x08,0x25,0x08,
    0xAE,0x21,0xAE,0x21,0xAE,0x21,0x25,0x08,0x25,0x08,0x25,0x08,0x25,0x08,0x25,0x08,
    0x25,0x08,0x25,0x08,0x25,0x08,0x25,0x08,0x25,0x08,0x25,0x08,0x25,0x08,0x25,0x08,
    0x25,0x08,0x25,0x08,0x25,0x08,0x25,0x08,0x25,0x08,0x25,0x08,0x25,0x08,0x25,0x08,
    0x25,0x08,0xAE,0x21,0xAE,0x21,0xAE,0x21,0x25,0x08,0x25,0x08,0x25,0x08,0x25,0x08,
    0x25,0x08,0x25,0x08,0x25,0x08,0x25,0x08,0x25,0x08,0x25,0x08,0x25,0x08,0x25,0x08,
    0x25,0x08,0x25,0x08,0x25,0x08,0x25,0x08,0x25,0x08,0x25,0x08,0x25,0x08,0x25,0x08,
    0x31,0x34,0x31,0x34,0x31,0x34,0x31,0x34,0x31,0x34,0x31,0x34,0x25,0x08,0x25,0x08,
    0xAE,0x21,0xAE,0x21,0xAE,0x21,0xAE,0x21,0xAE,0x21,0xAE,0x21,0xAE,0x21,0xAE,0x21,
    0x25,0x08,0x25,0x08,0x25,0x08,0x25,0x08,0x25,0x08,0x25,0x08,0x25,0x08,0x25,0x08,
    0x25,0x08,0x2B,0x5E,0x2B,0x5E,0x31,0x34,0x31,0x34,0x31,0x34,0x31,0x34,0x25,0x08,
    0x25,0x08,0xAE,0x21,0xAE,0x21,0xAE,0x21,0xAE,0x21,0xAE,0x21,0xAE,0x21,0x25,0x08,
    0x25,0x08,0x25,0x08,0x25,0x08,0x25,0x08,0x25,0x08,0x25,0x08,0x25,0x08,0x25,0x08,
    0x25,0x08,0x25,0x08,0x2B,0x5E,0x2B,0x5E,0x31,0x34,0x31,0x34,0x31,0x34,0x31,0x34,
    0x25,0x08,0x25,0x08,0xAE,0x21,0xAE,0x21,0xAE,0x21,0xAE,0x21,0xAE,0x21,0xAE,0x21,
    0x25,0x08,0x25,0x08,0x25,0x08,0x25,0x08,0x25,0x08,0x25,0x08,0x25,0x08,0x25,0x08,
    0x25,0x08,0x25,0x08,0x25,0x08,0x31,0x34,0x31,0x34,0x31,0x34,0x31,0x34,0x31,0x34,
    0xAE,0x21,0x25,0x08,0x25,0x08,0xAE,0x21,0xAE,0x21,0xAE,0x21,0xAE,0x21,0xAE,0x21,
    0x25,0x08,0xAE,0x21,0xAE,0x21,0xAE,0x21,0xAE,0x21,0xAE,0x21,0x25,0x08,0x25,0x08,
    0x25,0x08,0x25,0x08,0x25,0x08,0x25,0x08,0x31,0x34,0x31,0x34,0x31,0x34,0x31,0x34,
    0x31,0x34,0xAE,0x21,0x25,0x08,0x25,0x08,0xAE,0x21,0xAE,0x21,0xAE,0x21,0xAE,0x21,
    0xAE,0x21,0x25,0x08,0xAE,0x21,0xAE,0x21,0xAE,0x21,0xAE,0x21,0xAE,0x21,0x25,0x08,
    0x25,0x08,0x25,0x08,0x25,0x08,0x25,0x08,0x25,0x08,0x25,0x08,0x25,0x08,0xAE,0x21,
    0xAE,0x21,0xAE,0x21,0x25,0x08,0x25,0x08,0x25,0x08,0x25,0x08,0x25,0x08,0x25,0x08,
    0x25,0x08,0x25,0x08,0x25,0x08,0x25,0x08,0x25,0x08,0x25,0x08,0x25,0x08,0x25,0x08,
    0x25,0x08,0x25,0x08,0x25,0x08,0x25,0x08,0x25,0x08,0x25,0x08,0xAE,0x21,0xAE,0x21,
    0x25,0x08,0x25,0x08,0x25,0x08,0x25,0x08,0x2B,0x5E,0x2B,0x5E,0x31,0x34,0x25,0x08,
    0x25,0x08,0x25,0x08,0x25,0x08,0xAE,0x21,0xAE,0x21,0xAE,0x21,0xAE,0x21,0xAE,0x21,
    0xAE,0x21,0xAE,0x21,0x25,0x08,0x25,0x08,0x25,0x08,0x25,0x08,0x25,0x08,0xAE,0x21,
    0xAE,0x21,0x25,0x08,0x25,0x08,0x25,0x08,0x25,0x08,0x2B,0x5E,0x2B,0x5E,0x31,0x34,
    0x25,0x08,0x25,0x08,0x25,0x08,0x25,0x08,0xAE,0x21,0xAE,0x21,0xAE,0x21,0xAE,0x21,
    0xAE,0x21,0xAE,0x21,0xAE,0x21,0x25,0x08,0x25,0x08,0x25,0x08,0x25,0x08,0x25,0x08,
    0xAE,0x21,0xAE,0x21,0x25,0x08,0x2B,0x5E,0x2B,0x5E,0x31,0x34,0x31,0x34,0x31,0x34,
    0x31,0x34,0x25,0x08,0x25,0x08,0xAE,0x21,0xAE,0x21,0x25,0x08,0xAE,0x21,0xAE,0x21,
    0xAE,0x21,0xAE,0x21,0xAE,0x21,0xAE,0x21,0x25,0x08,0x25,0x08,0x25,0x08,0x25,0x08,
    0x25,0x08,0x25,0x08,0x25,0x08,0x2B,0x5E,0x31,0x34,0x31,0x34,0x31,0x34,0x31,0x34,
    0x31,0x34,0xAE,0x21,0x25,0x08,0x25,0x08,0xAE,0x21,0xAE,0x21,0xAE,0x21,0x25,0x08,
    0x25,0x08,0xAE,0x21,0xAE,0x21,0xAE,0x21,0x25,0x08,0x25,0x08,0x25,0x08,0x25,0x08,
    0x25,0x08,0x25,0x08,0x25,0x08,0x25,0x08,0x2B,0x5E,0x31,0x34,0x31,0x34,0x31,0x34,
    0x31,0x34,0x31,0x34,0xAE,0x21,0x25,0x08,0x25,0x08,0xAE,0x21,0xAE,0x21,0xAE,0x21,
    0x25,0x08,0x25,0x08,0xAE,0x21,0xAE,0x21,0xAE,0x21,0x25,0x08,0x25,0x08,0x25,0x08,
    0x25,0x08,0x25,0x08,0x25,0x08,0x25,0x08,0x25,0x08,0xAE,0x21,0xAE,0x21,0xAE,0x21,
    0x25,0x08,0x25,0x08,0x25,0x08,0x25,0x08,0x25,0x08,0x25,0x08,0x25,0x08,0x25,0x08,
    0x25,0x08,0x25,0x08,0x25,0x08,0x25,0x08,0x25,0x08,0x25,0x08,0x25,0x08,0x25,0x08,
    0x25,0x08,0x25,0x08,0x25,0x08,0x25,0x08,0x31,0x34,0x31,0x34,0x31,0x34,0x31,0x34,
    0x31,0x34,0x31,0x34,0x25,0x08,0x25,0x08,0xAE,0x21,0xAE,0x21,0xAE,0x21,0xAE,0x21,
    0xAE,0x21,0xAE,0x21,0xAE,0x21,0xAE,0x21,0x25,0x08,0x25,0x08,0x25,0x08,0x25,0x08,
    0x25,0x08,0x25,0x08,0x25,0x08,0x25,0x08,0x25,0x08,0x31,0x34,0x31,0x34,0x31,0x34,
    0x31,0x34,0x31,0x34,0x31,0x34,0x25,0x08,0x25,0x08,0xAE,0x21,0xAE,0x21,0xAE,0x21,
    0xAE,0x21,0xAE,0x21,0xAE,0x21,0xAE,0x21,0xAE,0x21,0x25,0x08,0x25,0x08,0x25,0x08,
    0x25,0x08,0x25,0x08,0x25,0x08,0x25,0x08,0x25,0x08,0x25,0x08,0x2B,0x5E,0x2B,0x5E,
    0x31,0x34,0x31,0x34,0x31,0x34,0x31,0x34,0x25,0x08,0x25,0x08,0xAE,0x21,0xAE,0x21,
    0xAE,0x21,0xAE,0x21,0xAE,0x21,0xAE,0x21,0xAE,0x21,0xAE,0x21,0x25,0x08,0x25,0x08,
    0x25,0x08,0x25,0x08,0x25,0x08,0x25,0x08,0x25,0x08,0x25,0x08,0x25,0x08,0x31,0x34,
    0x31,0x34,0x31,0x34,0x31,0x34,0x31,0x34,0xAE,0x21,0x25,0x08,0x25,0x08,0xAE,0x21,
    0xAE,0x21,0xAE,0x21,0xAE,0x21,0xAE,0x21,0xAE,0x21,0x25,0x08,0x25,0x08,0x25,0x08,
    0x25,0x08,0x25,0x08,0x25,0x08,0x25,0x08,0x25,0x08,0x25,0x08,0x25,0x08,0x25,0x08,
    0x31,0x34,0x31,0x34,0x31,0x34,0x31,0x34,0x31,0x34,0xAE,0x21,0x25,0x08,0x25,0x08,
    0xAE,0x21,0xAE,0x21,0xAE,0x21,0xAE,0x21,0xAE,0x21,0xAE,0x21,0x25,0x08,0x25,0x08,
    0x25,0x08,0x25,0x08,0x25,0x08,0x25,0x08,0x25,0x08,0x25,0x08,0x25,0x08,0x25,0x08,
    0x25,0x08,0xFF,0xFF,0xFF,0xFF,0xFF,0xFF,0xFF,0xFF,0xFF,0xFF,0xFF,0xFF,0xFF,0xFF,
    0xFF,0xFF,0xFF,0xFF,0xFF,0xFF,0xFF,0xFF,0xFF,0xFF,0xFF,0xFF,0xFF,0xFF,0xFF,0xFF,
    0xFF,0xFF,0xFF,0xFF,0xFF,0xFF,0xFF,0xFF,0xFF,0xFF,0xFF,0xFF,0xFF,0xFF,0xFF,0xFF,
    0xFF,0xFF,0xFF,0xFF,0xFF,0xFF,0xFF,0xFF,0xFF,0xFF,0xFF,0xFF,0xFF,0xFF,0xFF,0xFF,
    0xFF,0xFF,0xFF,0xFF,0xFF,0xFF,0xFF,0xFF,0xFF,0xFF,0xFF,0xFF,0xFF,0xFF,0xFF,0xFF,
    0xFF,0xFF,0xFF,0xFF,0xFF,0xFF,0xFF,0xFF,0xFF,0xFF,0xFF,0xFF,0xFF,0xFF,0xFF,0xFF,
    0xFF,0xFF,0xFF,0xFF,0xFF,0xFF,0xFF,0xFF,0xFF,0xFF,0xFF,0xFF,0xFF,0xFF,0xFF,0xFF,
    0xFF,0xFF,0xFF,0xFF,0xFF,0xFF,0xFF,0xFF,0xFF,0xFF,0xFF,0xFF,0xFF,0xFF,0xFF,0xFF,
    0xFF,0xFF,0xFF,0xFF,0xFF,0xFF,0xFF,0xFF,0xFF,0xFF,0xFF,0xFF,0xFF,0xFF,0xFF,0xFF,
    0xFF,0xFF,0xFF,0xFF,0xFF,0xFF,0xFF,0xFF,0xFF,0xFF,0xFF,0xFF,0xFF,0xFF,0xFF,0xFF,
    0xFF,0xFF,0xFF,0xFF,0xFF,0xFF,0xFF,0xFF,0xFF,0xFF,0xFF,0xFF,0xFF,0xFF,0xFF,0xFF,
    0xFF,0xFF,0xFF,0xFF,0xFF,0xFF,0xFF,0xFF,0xFF,0xFF,0xFF,0xFF,0xFF,0xFF,0xFF,0xFF,
    0xFF,0xFF,0xFF,0xFF,0xFF,0xFF,0xFF,0xFF,0xFF,0xFF,0xFF,0xFF,0xFF,0xFF,0xFF,0xFF,
    0xFF,0xFF,0xFF,0xFF,0xFF,0xFF,0xFF,0xFF,0xFF,0xFF,0xFF,0xFF,0xFF,0xFF,0xFF,0xFF,
    0xFF,0xFF,0xFF,0xFF,0xFF,0xFF,0xFF,0xFF,0xFF,0xFF,0xFF,0xFF,0xFF,0xFF,0xFF,0xFF,
    0xFF,0xFF,0xFF,0xFF,0xFF,0xFF,0xFF,0xFF,0xFF,0xFF,0xFF,0xFF,0xFF,0xFF,0xFF,0xFF,
    0xFF,0xFF,0xFF,0xFF,0xFF,0xFF,0xFF,0xFF,0xFF,0xFF,0xFF,0xFF,0xFF,0xFF,0xFF,0xFF,
    0xFF,0xFF,0xFF,0xFF,0xFF,0xFF,0xFF,0xFF,0xFF,0xFF,0xFF,0xFF,0xFF,0xFF,0xFF,0xFF,
    0xFF,0xFF,0xFF,0xFF,0xFF,0xFF,0xFF,0xFF,0xFF,0xFF,0xFF,0xFF,0xFF,0xFF,0xFF,0xFF,
    0xFF,0xFF,0xFF,0xFF,0xFF,0xFF,0xFF,0xFF,0xFF,0xFF,0xFF,0xFF,0xFF,0xFF,0xFF,0xFF,
    0xFF,0xFF,0xFF,0xFF,0xFF,0xFF,0xFF,0xFF,0xFF,0xFF,0xFF,0xFF,0xFF,0xFF,0xFF,0xFF,
    0xFF,0xFF,0xFF,0xFF,0xFF,0xFF,0xFF,0xFF,0xFF,0xFF,0xFF,0xFF,0xFF,0xFF,0xFF,0xFF,
    0xFF,0xFF,0xFF,0xFF,0xFF,0xFF,0xFF,0xFF,0xFF,0xFF,0xFF,0xFF,0xFF,0xFF,0xFF,0xFF,
    0xFF,0xFF,0xFF,0xFF,0xFF,0xFF,0xFF,0xFF,0xFF,0xFF,0xFF,0xFF,0xFF,0xFF,0xFF,0xFF,
    0xFF,0xFF,0xFF,0xFF,0xFF,0xFF,0xFF,0xFF,0xFF,0xFF,0xFF,0xFF,0xFF,0xFF,0xFF,0xFF,
    0xFF,0xFF,0xFF,0xFF,0xFF,0xFF,0xFF,0xFF,0xFF,0xFF,0xFF,0xFF,0xFF,0xFF,0xFF,0xFF,
    0xFF,0xFF,0xFF,0xFF,0xFF,0xFF,0xFF,0xFF,0xFF,0xFF,0xFF,0xFF,0xFF,0xFF,0xFF,0xFF,
    0xFF,0xFF,0xFF,0xFF,0xFF,0xFF,0xFF,0xFF,0xFF,0xFF,0xFF,0xFF,0xFF,0xFF,0xFF,0xFF,
    0xFF,0xFF,0xFF,0xFF,0xFF,0xFF,0xFF,0xFF,0xFF,0xFF,0xFF,0xFF,0xFF,0xFF,0xFF,0xFF,
    0xFF,0xFF,0xFF,0xFF,0xFF,0xFF,0xFF,0xFF,0xFF,0xFF,0xFF,0xFF,0xFF,0xFF,0xFF,0xFF,
    0xFF,0xFF,0xFF,0xFF,0xFF,0xFF,0xFF,0xFF,0xFF,0xFF,0xFF,0xFF,0xFF,0xFF,0xFF,0xFF,
    0xFF,0xFF,0xFF,0xFF,0xFF,0xFF,0xFF,0xFF,0xFF,0xFF,0xFF,0xFF,0xFF,0xFF,0xFF,0xFF,
    0xFF,0xFF,0xFF,0xFF,0xFF,0xFF,0xFF,0xFF,0xFF,0xFF,0xFF,0xFF,0xFF,0xFF,0xFF,0xFF,
    0xFF,0xFF,0xFF,0xFF,0xFF,0xFF,0xFF,0xFF,0xFF,0xFF,0xFF,0xFF,0xFF,0xFF,0xFF,0xFF,
    0xFF,0xFF,0xFF,0xFF,0xFF,0xFF,0xFF,0xFF,0xFF,0xFF,0xFF,0xFF,0xFF,0xFF,0xFF,0xFF,
    0xFF,0xFF,0xFF,0xFF,0xFF,0xFF,0xFF,0xFF,0xFF,0xFF,0xFF,0xFF,0xFF,0xFF,0xFF,0xFF,
    0xFF,0xFF,0xFF,0xFF,0xFF,0xFF,0xFF,0xFF,0xFF,0xFF,0xFF,0xFF,0xFF,0xFF,0xFF,0xFF,
    0xFF,0xFF,0xFF,0xFF,0xFF,0xFF,0xFF,0xFF,0xFF,0xFF,0xFF,0xFF,0xFF,0xFF,0xFF,0xFF,
    0xFF,0xFF,0xFF,0xFF,0xFF,0xFF,0xFF,0xFF,0xFF,0xFF,0xFF,0xFF,0xFF,0xFF,0xFF,0xFF,
    0xFF,0xFF,0xFF,
};
const lv_image_dsc_t ui_img_jump_prince_tile_6_1 = {
    .header.w = 25,
    .header.h = 25,
    .data_size = sizeof(ui_img_jump_prince_tile_6_1_data),
    .header.cf = LV_COLOR_FORMAT_NATIVE_WITH_ALPHA,
    .header.magic = LV_IMAGE_HEADER_MAGIC,
    .data = ui_img_jump_prince_tile_6_1_data
};

const LV_ATTRIBUTE_MEM_ALIGN uint8_t ui_img_jump_prince_tile_0_2_data[] = {
    0x25,0x08,0x25,0x08,0xAE,0x21,0xAE,0x21,0xAE,0x21,0x25,0x08,0x25,0x08,0x25,0x08,
    0x25,0x08,0x25,0x08,0x25,0x08,0x25,0x08,0x25,0x08,0x25,0x08,0x25,0x08,0x25,0x08,
    0x25,0x08,0x25,0x08,0x25,0x08,0x25,0x08,0x25,0x08,0x25,0x08,0x25,0x08,0x25,0x08,
    0x25,0x08,0x25,0x08,0x25,0x08,0xAE,0x21,0xAE,0x21,0xAE,0x21,0x25,0x08,0x25,0x08,
    0x25,0x08,0x25,0x08,0x25,0x08,0x25,0x08,0x25,0x08,0x25,0x08,0x25,0x08,0x25,0x08,
    0x25,0x08,0x25,0x08,0x25,0x08,0x25,0x08,0x25,0x08,0x25,0x08,0x25,0x08,0x25,0x08,
    0x25,0x08,0x25,0x08,0xAE,0x21,0xAE,0x21,0x31,0x34,0x31,0x34,0x31,0x34,0x31,0x34,
    0x31,0x34,0x31,0x34,0x31,0x34,0x25,0x08,0x25,0x08,0xAE,0x21,0xAE,0x21,0xAE,0x21,
    0xAE,0x21,0xAE,0x21,0xAE,0x21,0xAE,0x21,0xAE,0x21,0x25,0x08,0x25,0x08,0x25,0x08,
    0x25,0x08,0x25,0x08,0x25,0x08,0xAE,0x21,0xAE,0x21,0x2B,0x5E,0x31,0x34,0x31,0x34,
    0x31,0x34,0x31,0x34,0x31,0x34,0x31,0x34,0x25,0x08,0x25,0x08,0xAE,0x21,0xAE,0x21,
    0xAE,0x21,0xAE,0x21,0xAE,0x21,0xAE,0x21,0xAE,0x21,0xAE,0x21,0x25,0x08,0x25,0x08,
    0x25,0x08,0x25,0x08,0x25,0x08,0x25,0x08,0xAE,0x21,0xAE,0x21,0x2B,0x5E,0x31,0x34,
    0x31,0x34,0x31,0x34,0x31,0x34,0x31,0x34,0x31,0x34,0x25,0x08,0x25,0x08,0xAE,0x21,
    0xAE,0x21,0xAE,0x21,0xAE,0x21,0xAE,0x21,0xAE,0x21,0xAE,0x21,0xAE,0x21,0x25,0x08,
    0x25,0x08,0x25,0x08,0x25,0x08,0x25,0x08,0x25,0x08,0xAE,0x21,0xAE,0x21,0x31,0x34,
    0x31,0x34,0x31,0x34,0x31,0x34,0x31,0x34,0x31,0x34,0xAE,0x21,0x25,0x08,0x25,0x08,
    0xAE,0x21,0xAE,0x21,0xAE,0x21,0xAE,0x21,0xAE,0x21,0xAE,0x21,0xAE,0x21,0xAE,0x21,
    0x25,0x08,0x25,0x08,0x25,0x08,0x25,0x08,0x25,0x08,0x25,0x08,0x25,0x08,0x25,0x08,
    0xAE,0x21,0xAE,0x21,0xAE,0x21,0x25,0x08,0x25,0x08,0x25,0x08,0x25,0x08,0x25,0x08,
    0x25,0x08,0x25,0x08,0x25,0x08,0x25,0x08,0x25,0x08,0x25,0x08,0x25,0x08,0x25,0x08,
    0x25,0x08,0x25,0x08,0x25,0x08,0x25,0x08,0x25,0x08,0x25,0x08,0x25,0x08,0x25,0x08,
    0x25,0x08,0xAE,0x21,0xAE,0x21,0xAE,0x21,0x25,0x08,0x25,0x08,0x25,0x08,0x25,0x08,
    0x25,0x08,0x25,0x08,0x25,0x08,0x25,0x08,0x25,0x08,0x25,0x08,0x25,0x08,0x25,0x08,
    0x25,0x08,0x25,0x08,0x25,0x08,0x25,0x08,0x25,0x08,0x25,0x08,0x25,0x08,0x25,0x08,
    0x2B,0x5E,0x2B,0x5E,0x31,0x34,0x31,0x34,0x31,0x34,0x31,0x34,0x25,0x08,0x25,0x08,
    0xAE,0x21,0x31,0x34,0x31,0x34,0x31,0x34,0x31,0x34,0x31,0x34,0x31,0x34,0x31,0x34,
    0x31,0x34,0x31,0x34,0x31,0x34,0x25,0x08,0xAE,0x21,0xAE,0x21,0xAE,0x21,0xAE,0x21,
    0xAE,0x21,0x2B,0x5E,0x2B,0x5E,0x31,0x34,0x31,0x34,0x31,0x34,0x31,0x34,0x25,0x08,
    0x25,0x08,0x31,0x34,0x31,0x34,0x31,0x34,0x31,0x34,0x31,0x34,0x31,0x34,0x31,0x34,
    0x31,0x34,0x31,0x34,0x31,0x34,0x31,0x34,0x25,0x08,0xAE,0x21,0xAE,0x21,0xAE,0x21,
    0xAE,0x21,0xAE,0x21,0x2B,0x5E,0x2B,0x5E,0x31,0x34,0x31,0x34,0x31,0x34,0x31,0x34,
    0x25,0x08,0x25,0x08,0x31,0x34,0x31,0x34,0x31,0x34,0x31,0x34,0x31,0x34,0x31,0x34,
    0x31,0x34,0x31,0x34,0x31,0x34,0x31,0x34,0x31,0x34,0x25,0x08,0xAE,0x21,0xAE,0x21,
    0xAE,0x21,0xAE,0x21,0xAE,0x21,0x31,0x34,0x31,0x34,0x31,0x34,0x31,0x34,0x31,0x34,
    0xAE,0x21,0x25,0x08,0x25,0x08,0x31,0x34,0x31,0x34,0x31,0x34,0x31,0x34,0x31,0x34,
    0x31,0x34,0x31,0x34,0x31,0x34,0x31,0x34,0xAE,0x21,0xAE,0x21,0xAE,0x21,0xAE,0x21,
    0xAE,0x21,0xAE,0x21,0xAE,0x21,0xAE,0x21,0x31,0x34,0x31,0x34,0x31,0x34,0x31,0x34,
    0x31,0x34,0xAE,0x21,0x25,0x08,0x25,0x08,0x31,0x34,0x31,0x34,0x31,0x34,0x31,0x34,
    0x31,0x34,0x31,0x34,0x31,0x34,0x31,0x34,0x31,0x34,0xAE,0x21,0xAE,0x21,0xAE,0x21,
    0xAE,0x21,0xAE,0x21,0xAE,0x21,0xAE,0x21,0xAE,0x21,0x25,0x08,0x25,0x08,0xAE,0x21,
    0xAE,0x21,0xAE,0x21,0x25,0x08,0x25,0x08,0x25,0x08,0x25,0x08,0x25,0x08,0x25,0x08,
    0x25,0x08,0x25,0x08,0x25,0x08,0x25,0x08,0x25,0x08,0x25,0x08,0x25,0x08,0x25,0x08,
    0x25,0x08,0x25,0x08,0x25,0x08,0x25,0x08,0x25,0x08,0x25,0x08,0xAE,0x21,0xAE,0x21,
    0x31,0x34,0x31,0x34,0x31,0x34,0x31,0x34,0x31,0x34,0x31,0x34,0x31,0x34,0x25,0x08,
    0x25,0x08,0x31,0x34,0x31,0x34,0x31,0x34,0x31,0x34,0x31,0x34,0x31,0x34,0x31,0x34,
    0x31,0x34,0x31,0x34,0x25,0x08,0x25,0x08,0x31,0x34,0x31,0x34,0x31,0x34,0xAE,0x21,
    0xAE,0x21,0x31,0x34,0x31,0x34,0x31,0x34,0x31,0x34,0x31,0x34,0x31,0x34,0x31,0x34,
    0x25,0x08,0x25,0x08,0x31,0x34,0x31,0x34,0x31,0x34,0x31,0x34,0x31,0x34,0x31,0x34,
    0x31,0x34,0x31,0x34,0x31,0x34,0x25,0x08,0x25,0x08,0x31,0x34,0x31,0x34,0x31,0x34,
    0xAE,0x21,0xAE,0x21,0x2B,0x5E,0x31,0x34,0x31,0x34,0x31,0x34,0x31,0x34,0x31,0x34,
    0x31,0x34,0xAE,0x21,0xAE,0x21,0x31,0x34,0x31,0x34,0x31,0x34,0x31,0x34,0x31,0x34,
    0x31,0x34,0x31,0x34,0x31,0x34,0x31,0x34,0xAE,0x21,0xAE,0x21,0x31,0x34,0x31,0x34,
    0x31,0x34,0xAE,0x21,0xAE,0x21,0x31,0x34,0x31,0x34,0x31,0x34,0x31,0x34,0x31,0x34,
    0x31,0x34,0xAE,0x21,0xAE,0x21,0xAE,0x21,0x31,0x34,0x31,0x34,0x31,0x34,0x31,0x34,
    0x31,0x34,0x31,0x34,0x31,0x34,0x31,0x34,0xAE,0x21,0xAE,0x21,0xAE,0x21,0xAE,0x21,
    0x31,0x34,0x31,0x34,0xAE,0x21,0xAE,0x21,0x31,0x34,0x31,0x34,0x31,0x34,0x31,0x34,
    0x31,0x34,0x31,0x34,0xAE,0x21,0xAE,0x21,0xAE,0x21,0x31,0x34,0x31,0x34,0x31,0x34,
    0x31,0x34,0x31,0x34,0x31,0x34,0x31,0x34,0x31,0x34,0xAE,0x21,0xAE,0x21,0xAE,0x21,
    0xAE,0x21,0x31,0x34,0x31,0x34,0x25,0x08,0x25,0x08,0x25,0x08,0x25,0x08,0x25,0x08,
    0x25,0x08,0x25,0x08,0x25,0x08,0x25,0x08,0x25,0x08,0x25,0x08,0x25,0x08,0x25,0x08,
    0x25,0x08,0x25,0x08,0x25,0x08,0x25,0x08,0x25,0x08,0x25,0x08,0x25,0x08,0x25,0x08,
    0x25,0x08,0x25,0x08,0x25,0x08,0x25,0x08,0x25,0x08,0x25,0x08,0xAE,0x21,0xAE,0x21,
    0xAE,0x21,0x25,0x08,0xAE,0x21,0xAE,0x21,0xAE,0x21,0xAE,0x21,0xAE,0x21,0x25,0x08,
    0x25,0x08,0xAE,0x21,0xAE,0x21,0xAE,0x21,0x25,0x08,0xAE,0x21,0xAE,0x21,0xAE,0x21,
    0xAE,0x21,0xAE,0x21,0xAE,0x21,0x25,0x08,0x25,0x08,0x25,0x08,0x25,0x08,0xAE,0x21,
    0xAE,0x21,0xAE,0x21,0x25,0x08,0xAE,0x21,0xAE,0x21,0xAE,0x21,0xAE,0x21,0xAE,0x21,
    0x25,0x08,0x25,0x08,0xAE,0x21,0xAE,0x21,0xAE,0x21,0x25,0x08,0xAE,0x21,0xAE,0x21,
    0xAE,0x21,0xAE,0x21,0xAE,0x21,0xAE,0x21,0x25,0x08,0x25,0x08,0x25,0x08,0x25,0x08,
    0x31,0x34,0x31,0x34,0x31,0x34,0xAE,0x21,0x31,0x34,0x31,0x34,0x2B,0x5E,0x31,0x34,
    0x31,0x34,0xAE,0x21,0xAE,0x21,0x2B,0x5E,0x31,0x34,0x31,0x34,0xAE,0x21,0x31,0x34,
    0x31,0x34,0x2B,0x5E,0x31,0x34,0x31,0x34,0x31,0x34,0xAE,0x21,0xAE,0x21,0x25,0x08,
    0x25,0x08,0x2B,0x5E,0x31,0x34,0x31,0x34,0xAE,0x21,0x31,0x34,0x31,0x34,0x2B,0x5E,
    0x31,0x34,0x31,0x34,0xAE,0x21,0xAE,0x21,0x2B,0x5E,0x2B,0x5E,0x2B,0x5E,0xAE,0x21,
    0x31,0x34,0x31,0x34,0x2B,0x5E,0x2B,0x5E,0x2B,0x5E,0x31,0x34,0xAE,0x21,0xAE,0x21,
    0x25,0x08,0x25,0x08,0x2B,0x5E,0x31,0x34,0x31,0x34,0xAE,0x21,0x31,0x34,0x31,0x34,
    0x2B,0x5E,0x31,0x34,0x31,0x34,0xAE,0x21,0xAE,0x21,0x2B,0x5E,0x2B,0x5E,0x2B,0x5E,
    0xAE,0x21,0x31,0x34,0x31,0x34,0x2B,0x5E,0x2B,0x5E,0x2B,0x5E,0x31,0x34,0xAE,0x21,
    0xAE,0x21,0xFF,0xFF,0xFF,0xFF,0xFF,0xFF,0xFF,0xFF,0xFF,0xFF,0xFF,0xFF,0xFF,0xFF,
    0xFF,0xFF,0xFF,0xFF,0xFF,0xFF,0xFF,0xFF,0xFF,0xFF,0xFF,0xFF,0xFF,0xFF,0xFF,0xFF,
    0xFF,0xFF,0xFF,0xFF,0xFF,0xFF,0xFF,0xFF,0xFF,0xFF,0xFF,0xFF,0xFF,0xFF,0xFF,0xFF,
    0xFF,0xFF,0xFF,0xFF,0xFF,0xFF,0xFF,0xFF,0xFF,0xFF,0xFF,0xFF,0xFF,0xFF,0xFF,0xFF,
    0xFF,0xFF,0xFF,0xFF,0xFF,0xFF,0xFF,0xFF,0xFF,0xFF,0xFF,0xFF,0xFF,0xFF,0xFF,0xFF,
    0xFF,0xFF,0xFF,0xFF,0xFF,0xFF,0xFF,0xFF,0xFF,0xFF,0xFF,0xFF,0xFF,0xFF,0xFF,0xFF,
    0xFF,0xFF,0xFF,0xFF,0xFF,0xFF,0xFF,0xFF,0xFF,0xFF,0xFF,0xFF,0xFF,0xFF,0xFF,0xFF,
    0xFF,0xFF,0xFF,0xFF,0xFF,0xFF,0xFF,0xFF,0xFF,0xFF,0xFF,0xFF,0xFF,0xFF,0xFF,0xFF,
    0xFF,0xFF,0xFF,0xFF,0xFF,0xFF,0xFF,0xFF,0xFF,0xFF,0xFF,0xFF,0xFF,0xFF,0xFF,0xFF,
    0xFF,0xFF,0xFF,0xFF,0xFF,0xFF,0xFF,0xFF,0xFF,0xFF,0xFF,0xFF,0xFF,0xFF,0xFF,0xFF,
    0xFF,0xFF,0xFF,0xFF,0xFF,0xFF,0xFF,0xFF,0xFF,0xFF,0xFF,0xFF,0xFF,0xFF,0xFF,0xFF,
    0xFF,0xFF,0xFF,0xFF,0xFF,0xFF,0xFF,0xFF,0xFF,0xFF,0xFF,0xFF,0xFF,0xFF,0xFF,0xFF,
    0xFF,0xFF,0xFF,0xFF,0xFF,0xFF,0xFF,0xFF,0xFF,0xFF,0xFF,0xFF,0xFF,0xFF,0xFF,0xFF,
    0xFF,0xFF,0xFF,0xFF,0xFF,0xFF,0xFF,0xFF,0xFF,0xFF,0xFF,0xFF,0xFF,0xFF,0xFF,0xFF,
    0xFF,0xFF,0xFF,0xFF,0xFF,0xFF,0xFF,0xFF,0xFF,0xFF,0xFF,0xFF,0xFF,0xFF,0xFF,0xFF,
    0xFF,0xFF,0xFF,0xFF,0xFF,0xFF,0xFF,0xFF,0xFF,0xFF,0xFF,0xFF,0xFF,0xFF,0xFF,0xFF,
    0xFF,0xFF,0xFF,0xFF,0xFF,0xFF,0xFF,0xFF,0xFF,0xFF,0xFF,0xFF,0xFF,0xFF,0xFF,0xFF,
    0xFF,0xFF,0xFF,0xFF,0xFF,0xFF,0xFF,0xFF,0xFF,0xFF,0xFF,0xFF,0xFF,0xFF,0xFF,0xFF,
    0xFF,0xFF,0xFF,0xFF,0xFF,0xFF,0xFF,0xFF,0xFF,0xFF,0xFF,0xFF,0xFF,0xFF,0xFF,0xFF,
    0xFF,0xFF,0xFF,0xFF,0xFF,0xFF,0xFF,0xFF,0xFF,0xFF,0xFF,0xFF,0xFF,0xFF,0xFF,0xFF,
    0xFF,0xFF,0xFF,0xFF,0xFF,0xFF,0xFF,0xFF,0xFF,0xFF,0xFF,0xFF,0xFF,0xFF,0xFF,0xFF,
    0xFF,0xFF,0xFF,0xFF,0xFF,0xFF,0xFF,0xFF,0xFF,0xFF,0xFF,0xFF,0xFF,0xFF,0xFF,0xFF,
    0xFF,0xFF,0xFF,0xFF,0xFF,0xFF,0xFF,0xFF,0xFF,0xFF,0xFF,0xFF,0xFF,0xFF,0xFF,0xFF,
    0xFF,0xFF,0xFF,0xFF,0xFF,0xFF,0xFF,0xFF,0xFF,0xFF,0xFF,0xFF,0xFF,0xFF,0xFF,0xFF,
    0xFF,0xFF,0xFF,0xFF,0xFF,0xFF,0xFF,0xFF,0xFF,0xFF,0xFF,0xFF,0xFF,0xFF,0xFF,0xFF,
    0xFF,0xFF,0xFF,0xFF,0xFF,0xFF,0xFF,0xFF,0xFF,0xFF,0xFF,0xFF,0xFF,0xFF,0xFF,0xFF,
    0xFF,0xFF,0xFF,0xFF,0xFF,0xFF,0xFF,0xFF,0xFF,0xFF,0xFF,0xFF,0xFF,0xFF,0xFF,0xFF,
    0xFF,0xFF,0xFF,0xFF,0xFF,0xFF,0xFF,0xFF,0xFF,0xFF,0xFF,0xFF,0xFF,0xFF,0xFF,0xFF,
    0xFF,0xFF,0xFF,0xFF,0xFF,0xFF,0xFF,0xFF,0xFF,0xFF,0xFF,0xFF,0xFF,0xFF,0xFF,0xFF,
    0xFF,0xFF,0xFF,0xFF,0xFF,0xFF,0xFF,0xFF,0xFF,0xFF,0xFF,0xFF,0xFF,0xFF,0xFF,0xFF,
    0xFF,0xFF,0xFF,0xFF,0xFF,0xFF,0xFF,0xFF,0xFF,0xFF,0xFF,0xFF,0xFF,0xFF,0xFF,0xFF,
    0xFF,0xFF,0xFF,0xFF,0xFF,0xFF,0xFF,0xFF,0xFF,0xFF,0xFF,0xFF,0xFF,0xFF,0xFF,0xFF,
    0xFF,0xFF,0xFF,0xFF,0xFF,0xFF,0xFF,0xFF,0xFF,0xFF,0xFF,0xFF,0xFF,0xFF,0xFF,0xFF,
    0xFF,0xFF,0xFF,0xFF,0xFF,0xFF,0xFF,0xFF,0xFF,0xFF,0xFF,0xFF,0xFF,0xFF,0xFF,0xFF,
    0xFF,0xFF,0xFF,0xFF,0xFF,0xFF,0xFF,0xFF,0xFF,0xFF,0xFF,0xFF,0xFF,0xFF,0xFF,0xFF,
    0xFF,0xFF,0xFF,0xFF,0xFF,0xFF,0xFF,0xFF,0xFF,0xFF,0xFF,0xFF,0xFF,0xFF,0xFF,0xFF,
    0xFF,0xFF,0xFF,0xFF,0xFF,0xFF,0xFF,0xFF,0xFF,0xFF,0xFF,0xFF,0xFF,0xFF,0xFF,0xFF,
    0xFF,0xFF,0xFF,0xFF,0xFF,0xFF,0xFF,0xFF,0xFF,0xFF,0xFF,0xFF,0xFF,0xFF,0xFF,0xFF,
    0xFF,0xFF,0xFF,0xFF,0xFF,0xFF,0xFF,0xFF,0xFF,0xFF,0xFF,0xFF,0xFF,0xFF,0xFF,0xFF,
    0xFF,0xFF,0xFF,
};
const lv_image_dsc_t ui_img_jump_prince_tile_0_2 = {
    .header.w = 25,
    .header.h = 25,
    .data_size = sizeof(ui_img_jump_prince_tile_0_2_data),
    .header.cf = LV_COLOR_FORMAT_NATIVE_WITH_ALPHA,
    .header.magic = LV_IMAGE_HEADER_MAGIC,
    .data = ui_img_jump_prince_tile_0_2_data
};

const LV_ATTRIBUTE_MEM_ALIGN uint8_t ui_img_jump_prince_tile_1_2_data[] = {
    0x25,0x08,0x25,0x08,0x25,0x08,0x25,0x08,0x25,0x08,0x25,0x08,0x25,0x08,0x25,0x08,
    0x25,0x08,0x25,0x08,0x25,0x08,0x25,0x08,0x25,0x08,0x25,0x08,0x25,0x08,0x25,0x08,
    0x25,0x08,0x25,0x08,0x25,0x08,0x25,0x08,0x25,0x08,0x25,0x08,0x25,0x08,0x25,0x08,
    0x25,0x08,0x25,0x08,0x25,0x08,0x25,0x08,0x25,0x08,0x25,0x08,0x25,0x08,0x25,0x08,
    0x25,0x08,0x25,0x08,0x25,0x08,0x25,0x08,0x25,0x08,0x25,0x08,0x25,0x08,0x25,0x08,
    0x25,0x08,0x25,0x08,0x25,0x08,0x25,0x08,0x25,0x08,0x25,0x08,0x25,0x08,0x25,0x08,
    0x25,0x08,0x25,0x08,0x25,0x08,0x25,0x08,0x25,0x08,0x25,0x08,0x25,0x08,0x25,0x08,
    0x25,0x08,0x25,0x08,0x25,0x08,0x25,0x08,0x25,0x08,0x25,0x08,0x25,0x08,0x25,0x08,
    0x25,0x08,0x25,0x08,0x25,0x08,0x25,0x08,0x25,0x08,0x25,0x08,0x25,0x08,0x25,0x08,
    0x25,0x08,0x25,0x08,0x25,0x08,0x25,0x08,0x25,0x08,0x25,0x08,0x25,0x08,0x25,0x08,
    0x25,0x08,0x25,0x08,0x25,0x08,0x25,0x08,0x25,0x08,0x25,0x08,0x25,0x08,0x25,0x08,
    0x25,0x08,0x25,0x08,0x25,0x08,0x25,0x08,0x25,0x08,0x25,0x08,0x25,0x08,0x25,0x08,
    0x25,0x08,0x25,0x08,0x25,0x08,0x25,0x08,0x25,0x08,0x25,0x08,0x25,0x08,0x25,0x08,
    0x25,0x08,0x25,0x08,0x25,0x08,0x25,0x08,0x25,0x08,0x25,0x08,0x25,0x08,0x25,0x08,
    0x25,0x08,0x25,0x08,0x25,0x08,0x25,0x08,0x25,0x08,0x25,0x08,0x25,0x08,0x25,0x08,
    0x25,0x08,0x25,0x08,0x25,0x08,0x25,0x08,0x25,0x08,0x25,0x08,0x25,0x08,0x25,0x08,
    0x25,0x08,0x25,0x08,0x25,0x08,0x25,0x08,0x25,0x08,0x25,0x08,0x25,0x08,0x25,0x08,
    0x25,0x08,0x25,0x08,0x25,0x08,0x25,0x08,0x25,0x08,0x25,0x08,0x25,0x08,0x25,0x08,
    0x25,0x08,0x25,0x08,0x25,0x08,0x25,0x08,0x25,0x08,0x25,0x08,0x25,0x08,0x25,0x08,
    0x25,0x08,0x25,0x08,0x25,0x08,0x25,0x08,0x25,0x08,0x25,0x08,0x25,0x08,0x25,0x08,
    0x25,0x08,0x25,0x08,0x25,0x08,0x25,0x08,0x25,0x08,0x25,0x08,0x25,0x08,0x25,0x08,
    0x25,0x08,0x25,0x08,0x25,0x08,0x25,0x08,0x25,0x08,0x25,0x08,0x25,0x08,0x25,0x08,
    0x25,0x08,0x25,0x08,0x25,0x08,0x25,0x08,0x25,0x08,0x25,0x08,0x25,0x08,0x25,0x08,
    0x25,0x08,0x25,0x08,0x25,0x08,0x25,0x08,0x25,0x08,0x25,0x08,0x25,0x08,0x25,0x08,
    0x25,0x08,0x25,0x08,0x25,0x08,0x25,0x08,0x25,0x08,0x25,0x08,0x25,0x08,0x25,0x08,
    0xAE,0x21,0xAE,0x21,0x25,0x08,0xAE,0x21,0xAE,0x21,0xAE,0x21,0xAE,0x21,0xAE,0x21,
    0xAE,0x21,0xAE,0x21,0xAE,0x21,0x25,0x08,0x25,0x08,0x25,0x08,0xAE,0x21,0xAE,0x21,
    0xAE,0x21,0x25,0x08,0x25,0x08,0xAE,0x21,0xAE,0x21,0xAE,0x21,0xAE,0x21,0xAE,0x21,
    0xAE,0x21,0xAE,0x21,0xAE,0x21,0x25,0x08,0xAE,0x21,0xAE,0x21,0xAE,0x21,0xAE,0x21,
    0xAE,0x21,0xAE,0x21,0xAE,0x21,0xAE,0x21,0xAE,0x21,0xAE,0x21,0x25,0x08,0xAE,0x21,
    0xAE,0x21,0xAE,0x21,0x25,0x08,0x25,0x08,0xAE,0x21,0xAE,0x21,0xAE,0x21,0xAE,0x21,
    0xAE,0x21,0xAE,0x21,0xAE,0x21,0xAE,0x21,0x25,0x08,0xAE,0x21,0xAE,0x21,0xAE,0x21,
    0xAE,0x21,0xAE,0x21,0xAE,0x21,0xAE,0x21,0xAE,0x21,0xAE,0x21,0xAE,0x21,0x25,0x08,
    0xAE,0x21,0xAE,0x21,0xAE,0x21,0x25,0x08,0x25,0x08,0xAE,0x21,0xAE,0x21,0xAE,0x21,
    0xAE,0x21,0xAE,0x21,0xAE,0x21,0xAE,0x21,0xAE,0x21,0x25,0x08,0x25,0x08,0x25,0x08,
    0xAE,0x21,0xAE,0x21,0xAE,0x21,0xAE,0x21,0xAE,0x21,0xAE,0x21,0xAE,0x21,0xAE,0x21,
    0x25,0x08,0xAE,0x21,0xAE,0x21,0xAE,0x21,0x25,0x08,0x25,0x08,0x25,0x08,0xAE,0x21,
    0xAE,0x21,0xAE,0x21,0xAE,0x21,0xAE,0x21,0xAE,0x21,0xAE,0x21,0x25,0x08,0x25,0x08,
    0x25,0x08,0xAE,0x21,0xAE,0x21,0xAE,0x21,0xAE,0x21,0xAE,0x21,0xAE,0x21,0xAE,0x21,
    0xAE,0x21,0x25,0x08,0xAE,0x21,0xAE,0x21,0xAE,0x21,0x25,0x08,0x25,0x08,0x25,0x08,
    0xAE,0x21,0xAE,0x21,0xAE,0x21,0xAE,0x21,0xAE,0x21,0x25,0x08,0x25,0x08,0x25,0x08,
    0x25,0x08,0x25,0x08,0x25,0x08,0x25,0x08,0x25,0x08,0x25,0x08,0x25,0x08,0x25,0x08,
    0x25,0x08,0x25,0x08,0x25,0x08,0x25,0x08,0x25,0x08,0x25,0x08,0x25,0x08,0x25,0x08,
    0x25,0x08,0x25,0x08,0x25,0x08,0x25,0x08,0x25,0x08,0x25,0x08,0x31,0x34,0x31,0x34,
    0x31,0x34,0x31,0x34,0x31,0x34,0x31,0x34,0x31,0x34,0x31,0x34,0x31,0x34,0x31,0x34,
    0x31,0x34,0x31,0x34,0x31,0x34,0x25,0x08,0x25,0x08,0x25,0x08,0x31,0x34,0x31,0x34,
    0x31,0x34,0x31,0x34,0x31,0x34,0x31,0x34,0x31,0x34,0x31,0x34,0x31,0x34,0x31,0x34,
    0x31,0x34,0x31,0x34,0x31,0x34,0x31,0x34,0x31,0x34,0x31,0x34,0x31,0x34,0x31,0x34,
    0x31,0x34,0x31,0x34,0x31,0x34,0x31,0x34,0x25,0x08,0x25,0x08,0x25,0x08,0x31,0x34,
    0x31,0x34,0x31,0x34,0x31,0x34,0x31,0x34,0x31,0x34,0x31,0x34,0x31,0x34,0x31,0x34,
    0x31,0x34,0x31,0x34,0x31,0x34,0x31,0x34,0x31,0x34,0x31,0x34,0x31,0x34,0x31,0x34,
    0x31,0x34,0x31,0x34,0x31,0x34,0x31,0x34,0x31,0x34,0xAE,0x21,0x31,0x34,0x31,0x34,
    0x31,0x34,0x31,0x34,0x31,0x34,0x31,0x34,0x31,0x34,0x31,0x34,0x31,0x34,0x31,0x34,
    0x31,0x34,0x31,0x34,0x31,0x34,0x31,0x34,0x31,0x34,0x31,0x34,0x31,0x34,0x31,0x34,
    0x31,0x34,0x31,0x34,0x31,0x34,0x31,0x34,0xAE,0x21,0xAE,0x21,0xAE,0x21,0x31,0x34,
    0x31,0x34,0x31,0x34,0x31,0x34,0x31,0x34,0x31,0x34,0x31,0x34,0x31,0x34,0x31,0x34,
    0x31,0x34,0x31,0x34,0x31,0x34,0x31,0x34,0x31,0x34,0x31,0x34,0x31,0x34,0x31,0x34,
    0x31,0x34,0x31,0x34,0x31,0x34,0x31,0x34,0x31,0x34,0xAE,0x21,0xAE,0x21,0xAE,0x21,
    0x31,0x34,0x31,0x34,0x31,0x34,0x31,0x34,0x31,0x34,0x31,0x34,0x31,0x34,0x31,0x34,
    0x31,0x34,0x31,0x34,0x31,0x34,0x25,0x08,0x25,0x08,0x25,0x08,0x25,0x08,0x25,0x08,
    0x25,0x08,0x25,0x08,0x25,0x08,0x25,0x08,0x25,0x08,0x25,0x08,0x25,0x08,0x25,0x08,
    0x25,0x08,0x25,0x08,0x25,0x08,0x25,0x08,0x25,0x08,0x25,0x08,0x25,0x08,0x25,0x08,
    0x25,0x08,0x25,0x08,0x25,0x08,0x25,0x08,0xAE,0x21,0xAE,0x21,0xAE,0x21,0xAE,0x21,
    0xAE,0x21,0x25,0x08,0xAE,0x21,0xAE,0x21,0xAE,0x21,0xAE,0x21,0xAE,0x21,0x25,0x08,
    0x25,0x08,0xAE,0x21,0xAE,0x21,0xAE,0x21,0x25,0x08,0xAE,0x21,0xAE,0x21,0xAE,0x21,
    0xAE,0x21,0xAE,0x21,0xAE,0x21,0x25,0x08,0x25,0x08,0xAE,0x21,0xAE,0x21,0xAE,0x21,
    0xAE,0x21,0xAE,0x21,0x25,0x08,0xAE,0x21,0xAE,0x21,0xAE,0x21,0xAE,0x21,0xAE,0x21,
    0x25,0x08,0x25,0x08,0xAE,0x21,0xAE,0x21,0xAE,0x21,0x25,0x08,0xAE,0x21,0xAE,0x21,
    0xAE,0x21,0xAE,0x21,0xAE,0x21,0xAE,0x21,0x25,0x08,0x25,0x08,0x31,0x34,0x31,0x34,
    0x31,0x34,0x31,0x34,0x31,0x34,0xAE,0x21,0x31,0x34,0x31,0x34,0x2B,0x5E,0x31,0x34,
    0x31,0x34,0xAE,0x21,0xAE,0x21,0x2B,0x5E,0x31,0x34,0x31,0x34,0xAE,0x21,0x31,0x34,
    0x31,0x34,0x2B,0x5E,0x31,0x34,0x31,0x34,0x31,0x34,0xAE,0x21,0xAE,0x21,0x31,0x34,
    0x31,0x34,0x2B,0x5E,0x31,0x34,0x31,0x34,0xAE,0x21,0x31,0x34,0x31,0x34,0x2B,0x5E,
    0x31,0x34,0x31,0x34,0xAE,0x21,0xAE,0x21,0x2B,0x5E,0x2B,0x5E,0x2B,0x5E,0xAE,0x21,
    0x31,0x34,0x31,0x34,0x2B,0x5E,0x2B,0x5E,0x2B,0x5E,0x31,0x34,0xAE,0x21,0xAE,0x21,
    0x31,0x34,0x31,0x34,0x2B,0x5E,0x31,0x34,0x31,0x34,0xAE,0x21,0x31,0x34,0x31,0x34,
    0x2B,0x5E,0x31,0x34,0x31,0x34,0xAE,0x21,0xAE,0x21,0x2B,0x5E,0x2B,0x5E,0x2B,0x5E,
    0xAE,0x21,0x31,0x34,0x31,0x34,0x2B,0x5E,0x2B,0x5E,0x2B,0x5E,0x31,0x34,0xAE,0x21,
    0xAE,0x21,0xFF,0xFF,0xFF,0xFF,0xFF,0xFF,0xFF,0xFF,0xFF,0xFF,0xFF,0xFF,0xFF,0xFF,
    0xFF,0xFF,0xFF,0xFF,0xFF,0xFF,0xFF,0xFF,0xFF,0xFF,0xFF,0xFF,0xFF,0xFF,0xFF,0xFF,
    0xFF,0xFF,0xFF,0xFF,0xFF,0xFF,0xFF,0xFF,0xFF,0xFF,0xFF,0xFF,0xFF,0xFF,0xFF,0xFF,
    0xFF,0xFF,0xFF,0xFF,0xFF,0xFF,0xFF,0xFF,0xFF,0xFF,0xFF,0xFF,0xFF,0xFF,0xFF,0xFF,
    0xFF,0xFF,0xFF,0xFF,0xFF,0xFF,0xFF,0xFF,0xFF,0xFF,0xFF,0xFF,0xFF,0xFF,0xFF,0xFF,
    0xFF,0xFF,0xFF,0xFF,0xFF,0xFF,0xFF,0xFF,0xFF,0xFF,0xFF,0xFF,0xFF,0xFF,0xFF,0xFF,
    0xFF,0xFF,0xFF,0xFF,0xFF,0xFF,0xFF,0xFF,0xFF,0xFF,0xFF,0xFF,0xFF,0xFF,0xFF,0xFF,
    0xFF,0xFF,0xFF,0xFF,0xFF,0xFF,0xFF,0xFF,0xFF,0xFF,0xFF,0xFF,0xFF,0xFF,0xFF,0xFF,
    0xFF,0xFF,0xFF,0xFF,0xFF,0xFF,0xFF,0xFF,0xFF,0xFF,0xFF,0xFF,0xFF,0xFF,0xFF,0xFF,
    0xFF,0xFF,0xFF,0xFF,0xFF,0xFF,0xFF,0xFF,0xFF,0xFF,0xFF,0xFF,0xFF,0xFF,0xFF,0xFF,
    0xFF,0xFF,0xFF,0xFF,0xFF,0xFF,0xFF,0xFF,0xFF,0xFF,0xFF,0xFF,0xFF,0xFF,0xFF,0xFF,
    0xFF,0xFF,0xFF,0xFF,0xFF,0xFF,0xFF,0xFF,0xFF,0xFF,0xFF,0xFF,0xFF,0xFF,0xFF,0xFF,
    0xFF,0xFF,0xFF,0xFF,0xFF,0xFF,0xFF,0xFF,0xFF,0xFF,0xFF,0xFF,0xFF,0xFF,0xFF,0xFF,
    0xFF,0xFF,0xFF,0xFF,0xFF,0xFF,0xFF,0xFF,0xFF,0xFF,0xFF,0xFF,0xFF,0xFF,0xFF,0xFF,
    0xFF,0xFF,0xFF,0xFF,0xFF,0xFF,0xFF,0xFF,0xFF,0xFF,0xFF,0xFF,0xFF,0xFF,0xFF,0xFF,
    0xFF,0xFF,0xFF,0xFF,0xFF,0xFF,0xFF,0xFF,0xFF,0xFF,0xFF,0xFF,0xFF,0xFF,0xFF,0xFF,
    0xFF,0xFF,0xFF,0xFF,0xFF,0xFF,0xFF,0xFF,0xFF,0xFF,0xFF,0xFF,0xFF,0xFF,0xFF,0xFF,
    0xFF,0xFF,0xFF,0xFF,0xFF,0xFF,0xFF,0xFF,0xFF,0xFF,0xFF,0xFF,0xFF,0xFF,0xFF,0xFF,
    0xFF,0xFF,0xFF,0xFF,0xFF,0xFF,0xFF,0xFF,0xFF,0xFF,0xFF,0xFF,0xFF,0xFF,0xFF,0xFF,
    0xFF,0xFF,0xFF,0xFF,0xFF,0xFF,0xFF,0xFF,0xFF,0xFF,0xFF,0xFF,0xFF,0xFF,0xFF,0xFF,
    0xFF,0xFF,0xFF,0xFF,0xFF,0xFF,0xFF,0xFF,0xFF,0xFF,0xFF,0xFF,0xFF,0xFF,0xFF,0xFF,
    0xFF,0xFF,0xFF,0xFF,0xFF,0xFF,0xFF,0xFF,0xFF,0xFF,0xFF,0xFF,0xFF,0xFF,0xFF,0xFF,
    0xFF,0xFF,0xFF,0xFF,0xFF,0xFF,0xFF,0xFF,0xFF,0xFF,0xFF,0xFF,0xFF,0xFF,0xFF,0xFF,
    0xFF,0xFF,0xFF,0xFF,0xFF,0xFF,0xFF,0xFF,0xFF,0xFF,0xFF,0xFF,0xFF,0xFF,0xFF,0xFF,
    0xFF,0xFF,0xFF,0xFF,0xFF,0xFF,0xFF,0xFF,0xFF,0xFF,0xFF,0xFF,0xFF,0xFF,0xFF,0xFF,
    0xFF,0xFF,0xFF,0xFF,0xFF,0xFF,0xFF,0xFF,0xFF,0xFF,0xFF,0xFF,0xFF,0xFF,0xFF,0xFF,
    0xFF,0xFF,0xFF,0xFF,0xFF,0xFF,0xFF,0xFF,0xFF,0xFF,0xFF,0xFF,0xFF,0xFF,0xFF,0xFF,
    0xFF,0xFF,0xFF,0xFF,0xFF,0xFF,0xFF,0xFF,0xFF,0xFF,0xFF,0xFF,0xFF,0xFF,0xFF,0xFF,
    0xFF,0xFF,0xFF,0xFF,0xFF,0xFF,0xFF,0xFF,0xFF,0xFF,0xFF,0xFF,0xFF,0xFF,0xFF,0xFF,
    0xFF,0xFF,0xFF,0xFF,0xFF,0xFF,0xFF,0xFF,0xFF,0xFF,0xFF,0xFF,0xFF,0xFF,0xFF,0xFF,
    0xFF,0xFF,0xFF,0xFF,0xFF,0xFF,0xFF,0xFF,0xFF,0xFF,0xFF,0xFF,0xFF,0xFF,0xFF,0xFF,
    0xFF,0xFF,0xFF,0xFF,0xFF,0xFF,0xFF,0xFF,0xFF,0xFF,0xFF,0xFF,0xFF,0xFF,0xFF,0xFF,
    0xFF,0xFF,0xFF,0xFF,0xFF,0xFF,0xFF,0xFF,0xFF,0xFF,0xFF,0xFF,0xFF,0xFF,0xFF,0xFF,
    0xFF,0xFF,0xFF,0xFF,0xFF,0xFF,0xFF,0xFF,0xFF,0xFF,0xFF,0xFF,0xFF,0xFF,0xFF,0xFF,
    0xFF,0xFF,0xFF,0xFF,0xFF,0xFF,0xFF,0xFF,0xFF,0xFF,0xFF,0xFF,0xFF,0xFF,0xFF,0xFF,
    0xFF,0xFF,0xFF,0xFF,0xFF,0xFF,0xFF,0xFF,0xFF,0xFF,0xFF,0xFF,0xFF,0xFF,0xFF,0xFF,
    0xFF,0xFF,0xFF,0xFF,0xFF,0xFF,0xFF,0xFF,0xFF,0xFF,0xFF,0xFF,0xFF,0xFF,0xFF,0xFF,
    0xFF,0xFF,0xFF,0xFF,0xFF,0xFF,0xFF,0xFF,0xFF,0xFF,0xFF,0xFF,0xFF,0xFF,0xFF,0xFF,
    0xFF,0xFF,0xFF,0xFF,0xFF,0xFF,0xFF,0xFF,0xFF,0xFF,0xFF,0xFF,0xFF,0xFF,0xFF,0xFF,
    0xFF,0xFF,0xFF,
};
const lv_image_dsc_t ui_img_jump_prince_tile_1_2 = {
    .header.w = 25,
    .header.h = 25,
    .data_size = sizeof(ui_img_jump_prince_tile_1_2_data),
    .header.cf = LV_COLOR_FORMAT_NATIVE_WITH_ALPHA,
    .header.magic = LV_IMAGE_HEADER_MAGIC,
    .data = ui_img_jump_prince_tile_1_2_data
};

const LV_ATTRIBUTE_MEM_ALIGN uint8_t ui_img_jump_prince_tile_2_2_data[] = {
    0x25,0x08,0x25,0x08,0x25,0x08,0x25,0x08,0x25,0x08,0x25,0x08,0x25,0x08,0x25,0x08,
    0x25,0x08,0x25,0x08,0x25,0x08,0x25,0x08,0x25,0x08,0x25,0x08,0x25,0x08,0x25,0x08,
    0x25,0x08,0x25,0x08,0x25,0x08,0x25,0x08,0xAE,0x21,0xAE,0x21,0xAE,0x21,0x25,0x08,
    0x25,0x08,0x25,0x08,0x25,0x08,0x25,0x08,0x25,0x08,0x25,0x08,0x25,0x08,0x25,0x08,
    0x25,0x08,0x25,0x08,0x25,0x08,0x25,0x08,0x25,0x08,0x25,0x08,0x25,0x08,0x25,0x08,
    0x25,0x08,0x25,0x08,0x25,0x08,0x25,0x08,0x25,0x08,0xAE,0x21,0xAE,0x21,0xAE,0x21,
    0x25,0x08,0x25,0x08,0x25,0x08,0x25,0x08,0x25,0x08,0x25,0x08,0x25,0x08,0x25,0x08,
    0xAE,0x21,0xAE,0x21,0xAE,0x21,0xAE,0x21,0xAE,0x21,0xAE,0x21,0xAE,0x21,0xAE,0x21,
    0x25,0x08,0x25,0x08,0x31,0x34,0x31,0x34,0x31,0x34,0x31,0x34,0x31,0x34,0x31,0x34,
    0x31,0x34,0xAE,0x21,0xAE,0x21,0x25,0x08,0x25,0x08,0x25,0x08,0x25,0x08,0x25,0x08,
    0x25,0x08,0xAE,0x21,0xAE,0x21,0xAE,0x21,0xAE,0x21,0xAE,0x21,0xAE,0x21,0xAE,0x21,
    0xAE,0x21,0x25,0x08,0x25,0x08,0x31,0x34,0x31,0x34,0x31,0x34,0x31,0x34,0x31,0x34,
    0x31,0x34,0x2B,0x5E,0xAE,0x21,0xAE,0x21,0x25,0x08,0x25,0x08,0x25,0x08,0x25,0x08,
    0x25,0x08,0x25,0x08,0xAE,0x21,0xAE,0x21,0xAE,0x21,0xAE,0x21,0xAE,0x21,0xAE,0x21,
    0xAE,0x21,0xAE,0x21,0x25,0x08,0x25,0x08,0x31,0x34,0x31,0x34,0x31,0x34,0x31,0x34,
    0x31,0x34,0x31,0x34,0x2B,0x5E,0xAE,0x21,0xAE,0x21,0x25,0x08,0x25,0x08,0x25,0x08,
    0x25,0x08,0x25,0x08,0x25,0x08,0xAE,0x21,0xAE,0x21,0xAE,0x21,0xAE,0x21,0xAE,0x21,
    0xAE,0x21,0xAE,0x21,0xAE,0x21,0x25,0x08,0x25,0x08,0xAE,0x21,0x31,0x34,0x31,0x34,
    0x31,0x34,0x31,0x34,0x31,0x34,0x31,0x34,0xAE,0x21,0xAE,0x21,0x25,0x08,0x25,0x08,
    0x25,0x08,0x25,0x08,0x25,0x08,0x25,0x08,0x25,0x08,0x25,0x08,0x25,0x08,0x25,0x08,
    0x25,0x08,0x25,0x08,0x25,0x08,0x25,0x08,0x25,0x08,0x25,0x08,0x25,0x08,0x25,0x08,
    0x25,0x08,0x25,0x08,0xAE,0x21,0xAE,0x21,0xAE,0x21,0x25,0x08,0x25,0x08,0x25,0x08,
    0x25,0x08,0x25,0x08,0x25,0x08,0x25,0x08,0x25,0x08,0x25,0x08,0x25,0x08,0x25,0x08,
    0x25,0x08,0x25,0x08,0x25,0x08,0x25,0x08,0x25,0x08,0x25,0x08,0x25,0x08,0x25,0x08,
    0x25,0x08,0x25,0x08,0x25,0x08,0xAE,0x21,0xAE,0x21,0xAE,0x21,0x25,0x08,0x25,0x08,
    0xAE,0x21,0xAE,0x21,0x25,0x08,0x25,0x08,0x25,0x08,0xAE,0x21,0x31,0x34,0x31,0x34,
    0x31,0x34,0x31,0x34,0x31,0x34,0x31,0x34,0x31,0x34,0x31,0x34,0x31,0x34,0x31,0x34,
    0x31,0x34,0x25,0x08,0x25,0x08,0x31,0x34,0x31,0x34,0x31,0x34,0x31,0x34,0x2B,0x5E,
    0x2B,0x5E,0xAE,0x21,0xAE,0x21,0xAE,0x21,0x25,0x08,0x25,0x08,0x31,0x34,0x31,0x34,
    0x31,0x34,0x31,0x34,0x31,0x34,0x31,0x34,0x31,0x34,0x31,0x34,0x31,0x34,0x31,0x34,
    0x31,0x34,0x31,0x34,0x25,0x08,0x25,0x08,0x31,0x34,0x31,0x34,0x31,0x34,0x31,0x34,
    0x2B,0x5E,0x2B,0x5E,0xAE,0x21,0xAE,0x21,0xAE,0x21,0x25,0x08,0x25,0x08,0x31,0x34,
    0x31,0x34,0x31,0x34,0x31,0x34,0x31,0x34,0x31,0x34,0x31,0x34,0x31,0x34,0x31,0x34,
    0x31,0x34,0x31,0x34,0x31,0x34,0x25,0x08,0x25,0x08,0x31,0x34,0x31,0x34,0x31,0x34,
    0x31,0x34,0x2B,0x5E,0x2B,0x5E,0xAE,0x21,0xAE,0x21,0xAE,0x21,0xAE,0x21,0xAE,0x21,
    0x31,0x34,0x31,0x34,0x31,0x34,0x31,0x34,0x31,0x34,0x31,0x34,0x31,0x34,0x31,0x34,
    0x31,0x34,0x31,0x34,0x31,0x34,0xAE,0x21,0x25,0x08,0x25,0x08,0xAE,0x21,0x31,0x34,
    0x31,0x34,0x31,0x34,0x31,0x34,0x31,0x34,0xAE,0x21,0xAE,0x21,0xAE,0x21,0xAE,0x21,
    0xAE,0x21,0x31,0x34,0x31,0x34,0x31,0x34,0x31,0x34,0x31,0x34,0x31,0x34,0x31,0x34,
    0x31,0x34,0x31,0x34,0x31,0x34,0x31,0x34,0xAE,0x21,0x25,0x08,0x25,0x08,0xAE,0x21,
    0x31,0x34,0x31,0x34,0x31,0x34,0x31,0x34,0x31,0x34,0x25,0x08,0x25,0x08,0x25,0x08,
    0x25,0x08,0x25,0x08,0x25,0x08,0x25,0x08,0x25,0x08,0x25,0x08,0x25,0x08,0x25,0x08,
    0x25,0x08,0x25,0x08,0x25,0x08,0x25,0x08,0x25,0x08,0x25,0x08,0x25,0x08,0x25,0x08,
    0x25,0x08,0xAE,0x21,0xAE,0x21,0xAE,0x21,0x25,0x08,0x25,0x08,0x31,0x34,0x31,0x34,
    0x31,0x34,0x25,0x08,0x25,0x08,0x31,0x34,0x31,0x34,0x31,0x34,0x31,0x34,0x31,0x34,
    0x31,0x34,0x31,0x34,0x31,0x34,0x31,0x34,0x25,0x08,0x25,0x08,0x31,0x34,0x31,0x34,
    0x31,0x34,0x31,0x34,0x31,0x34,0x31,0x34,0x31,0x34,0xAE,0x21,0xAE,0x21,0x31,0x34,
    0x31,0x34,0x31,0x34,0x25,0x08,0x25,0x08,0x31,0x34,0x31,0x34,0x31,0x34,0x31,0x34,
    0x31,0x34,0x31,0x34,0x31,0x34,0x31,0x34,0x31,0x34,0x25,0x08,0x25,0x08,0x31,0x34,
    0x31,0x34,0x31,0x34,0x31,0x34,0x31,0x34,0x31,0x34,0x31,0x34,0xAE,0x21,0xAE,0x21,
    0x31,0x34,0x31,0x34,0x31,0x34,0xAE,0x21,0xAE,0x21,0x31,0x34,0x31,0x34,0x31,0x34,
    0x31,0x34,0x31,0x34,0x31,0x34,0x31,0x34,0x31,0x34,0x31,0x34,0xAE,0x21,0xAE,0x21,
    0x31,0x34,0x31,0x34,0x31,0x34,0x31,0x34,0x31,0x34,0x31,0x34,0x2B,0x5E,0xAE,0x21,
    0xAE,0x21,0x31,0x34,0x31,0x34,0xAE,0x21,0xAE,0x21,0xAE,0x21,0xAE,0x21,0x31,0x34,
    0x31,0x34,0x31,0x34,0x31,0x34,0x31,0x34,0x31,0x34,0x31,0x34,0x31,0x34,0xAE,0x21,
    0xAE,0x21,0xAE,0x21,0x31,0x34,0x31,0x34,0x31,0x34,0x31,0x34,0x31,0x34,0x31,0x34,
    0xAE,0x21,0xAE,0x21,0x31,0x34,0x31,0x34,0xAE,0x21,0xAE,0x21,0xAE,0x21,0xAE,0x21,
    0x31,0x34,0x31,0x34,0x31,0x34,0x31,0x34,0x31,0x34,0x31,0x34,0x31,0x34,0x31,0x34,
    0xAE,0x21,0xAE,0x21,0xAE,0x21,0x31,0x34,0x31,0x34,0x31,0x34,0x31,0x34,0x31,0x34,
    0x31,0x34,0xAE,0x21,0xAE,0x21,0x25,0x08,0x25,0x08,0x25,0x08,0x25,0x08,0x25,0x08,
    0x25,0x08,0x25,0x08,0x25,0x08,0x25,0x08,0x25,0x08,0x25,0x08,0x25,0x08,0x25,0x08,
    0x25,0x08,0x25,0x08,0x25,0x08,0x25,0x08,0x25,0x08,0x25,0x08,0x25,0x08,0x25,0x08,
    0x25,0x08,0x25,0x08,0x25,0x08,0x25,0x08,0xAE,0x21,0xAE,0x21,0xAE,0x21,0xAE,0x21,
    0xAE,0x21,0x25,0x08,0xAE,0x21,0xAE,0x21,0xAE,0x21,0xAE,0x21,0xAE,0x21,0x25,0x08,
    0x25,0x08,0xAE,0x21,0xAE,0x21,0xAE,0x21,0x25,0x08,0xAE,0x21,0xAE,0x21,0xAE,0x21,
    0xAE,0x21,0xAE,0x21,0xAE,0x21,0x25,0x08,0x25,0x08,0xAE,0x21,0xAE,0x21,0xAE,0x21,
    0xAE,0x21,0xAE,0x21,0x25,0x08,0xAE,0x21,0xAE,0x21,0xAE,0x21,0xAE,0x21,0xAE,0x21,
    0x25,0x08,0x25,0x08,0xAE,0x21,0xAE,0x21,0xAE,0x21,0x25,0x08,0xAE,0x21,0xAE,0x21,
    0xAE,0x21,0xAE,0x21,0xAE,0x21,0xAE,0x21,0x25,0x08,0x25,0x08,0x31,0x34,0x31,0x34,
    0x31,0x34,0x31,0x34,0x31,0x34,0xAE,0x21,0x31,0x34,0x31,0x34,0x2B,0x5E,0x31,0x34,
    0x31,0x34,0xAE,0x21,0xAE,0x21,0x2B,0x5E,0x31,0x34,0x31,0x34,0xAE,0x21,0x31,0x34,
    0x31,0x34,0x2B,0x5E,0x31,0x34,0x31,0x34,0x31,0x34,0x25,0x08,0x25,0x08,0x31,0x34,
    0x31,0x34,0x2B,0x5E,0x31,0x34,0x31,0x34,0xAE,0x21,0x31,0x34,0x31,0x34,0x2B,0x5E,
    0x31,0x34,0x31,0x34,0xAE,0x21,0xAE,0x21,0x2B,0x5E,0x2B,0x5E,0x2B,0x5E,0xAE,0x21,
    0x31,0x34,0x31,0x34,0x2B,0x5E,0x2B,0x5E,0x2B,0x5E,0x31,0x34,0x25,0x08,0x25,0x08,
    0x31,0x34,0x31,0x34,0x2B,0x5E,0x31,0x34,0x31,0x34,0xAE,0x21,0x31,0x34,0x31,0x34,
    0x2B,0x5E,0x31,0x34,0x31,0x34,0xAE,0x21,0xAE,0x21,0x2B,0x5E,0x2B,0x5E,0x2B,0x5E,
    0xAE,0x21,0x31,0x34,0x31,0x34,0x2B,0x5E,0x2B,0x5E,0x2B,0x5E,0x31,0x34,0x25,0x08,
    0x25,0x08,0xFF,0xFF,0xFF,0xFF,0xFF,0xFF,0xFF,0xFF,0xFF,0xFF,0xFF,0xFF,0xFF,0xFF,
    0xFF,0xFF,0xFF,0xFF,0xFF,0xFF,0xFF,0xFF,0xFF,0xFF,0xFF,0xFF,0xFF,0xFF,0xFF,0xFF,
    0xFF,0xFF,0xFF,0xFF,0xFF,0xFF,0xFF,0xFF,0xFF,0xFF,0xFF,0xFF,0xFF,0xFF,0xFF,0xFF,
    0xFF,0xFF,0xFF,0xFF,0xFF,0xFF,0xFF,0xFF,0xFF,0xFF,0xFF,0xFF,0xFF,0xFF,0xFF,0xFF,
    0xFF,0xFF,0xFF,0xFF,0xFF,0xFF,0xFF,0xFF,0xFF,0xFF,0xFF,0xFF,0xFF,0xFF,0xFF,0xFF,
    0xFF,0xFF,0xFF,0xFF,0xFF,0xFF,0xFF,0xFF,0xFF,0xFF,0xFF,0xFF,0xFF,0xFF,0xFF,0xFF,
    0xFF,0xFF,0xFF,0xFF,0xFF,0xFF,0xFF,0xFF,0xFF,0xFF,0xFF,0xFF,0xFF,0xFF,0xFF,0xFF,
    0xFF,0xFF,0xFF,0xFF,0xFF,0xFF,0xFF,0xFF,0xFF,0xFF,0xFF,0xFF,0xFF,0xFF,0xFF,0xFF,
    0xFF,0xFF,0xFF,0xFF,0xFF,0xFF,0xFF,0xFF,0xFF,0xFF,0xFF,0xFF,0xFF,0xFF,0xFF,0xFF,
    0xFF,0xFF,0xFF,0xFF,0xFF,0xFF,0xFF,0xFF,0xFF,0xFF,0xFF,0xFF,0xFF,0xFF,0xFF,0xFF,
    0xFF,0xFF,0xFF,0xFF,0xFF,0xFF,0xFF,0xFF,0xFF,0xFF,0xFF,0xFF,0xFF,0xFF,0xFF,0xFF,
    0xFF,0xFF,0xFF,0xFF,0xFF,0xFF,0xFF,0xFF,0xFF,0xFF,0xFF,0xFF,0xFF,0xFF,0xFF,0xFF,
    0xFF,0xFF,0xFF,0xFF,0xFF,0xFF,0xFF,0xFF,0xFF,0xFF,0xFF,0xFF,0xFF,0xFF,0xFF,0xFF,
    0xFF,0xFF,0xFF,0xFF,0xFF,0xFF,0xFF,0xFF,0xFF,0xFF,0xFF,0xFF,0xFF,0xFF,0xFF,0xFF,
    0xFF,0xFF,0xFF,0xFF,0xFF,0xFF,0xFF,0xFF,0xFF,0xFF,0xFF,0xFF,0xFF,0xFF,0xFF,0xFF,
    0xFF,0xFF,0xFF,0xFF,0xFF,0xFF,0xFF,0xFF,0xFF,0xFF,0xFF,0xFF,0xFF,0xFF,0xFF,0xFF,
    0xFF,0xFF,0xFF,0xFF,0xFF,0xFF,0xFF,0xFF,0xFF,0xFF,0xFF,0xFF,0xFF,0xFF,0xFF,0xFF,
    0xFF,0xFF,0xFF,0xFF,0xFF,0xFF,0xFF,0xFF,0xFF,0xFF,0xFF,0xFF,0xFF,0xFF,0xFF,0xFF,
    0xFF,0xFF,0xFF,0xFF,0xFF,0xFF,0xFF,0xFF,0xFF,0xFF,0xFF,0xFF,0xFF,0xFF,0xFF,0xFF,
    0xFF,0xFF,0xFF,0xFF,0xFF,0xFF,0xFF,0xFF,0xFF,0xFF,0xFF,0xFF,0xFF,0xFF,0xFF,0xFF,
    0xFF,0xFF,0xFF,0xFF,0xFF,0xFF,0xFF,0xFF,0xFF,0xFF,0xFF,0xFF,0xFF,0xFF,0xFF,0xFF,
    0xFF,0xFF,0xFF,0xFF,0xFF,0xFF,0xFF,0xFF,0xFF,0xFF,0xFF,0xFF,0xFF,0xFF,0xFF,0xFF,
    0xFF,0xFF,0xFF,0xFF,0xFF,0xFF,0xFF,0xFF,0xFF,0xFF,0xFF,0xFF,0xFF,0xFF,0xFF,0xFF,
    0xFF,0xFF,0xFF,0xFF,0xFF,0xFF,0xFF,0xFF,0xFF,0xFF,0xFF,0xFF,0xFF,0xFF,0xFF,0xFF,
    0xFF,0xFF,0xFF,0xFF,0xFF,0xFF,0xFF,0xFF,0xFF,0xFF,0xFF,0xFF,0xFF,0xFF,0xFF,0xFF,
    0xFF,0xFF,0xFF,0xFF,0xFF,0xFF,0xFF,0xFF,0xFF,0xFF,0xFF,0xFF,0xFF,0xFF,0xFF,0xFF,
    0xFF,0xFF,0xFF,0xFF,0xFF,0xFF,0xFF,0xFF,0xFF,0xFF,0xFF,0xFF,0xFF,0xFF,0xFF,0xFF,
    0xFF,0xFF,0xFF,0xFF,0xFF,0xFF,0xFF,0xFF,0xFF,0xFF,0xFF,0xFF,0xFF,0xFF,0xFF,0xFF,
    0xFF,0xFF,0xFF,0xFF,0xFF,0xFF,0xFF,0xFF,0xFF,0xFF,0xFF,0xFF,0xFF,0xFF,0xFF,0xFF,
    0xFF,0xFF,0xFF,0xFF,0xFF,0xFF,0xFF,0xFF,0xFF,0xFF,0xFF,0xFF,0xFF,0xFF,0xFF,0xFF,
    0xFF,0xFF,0xFF,0xFF,0xFF,0xFF,0xFF,0xFF,0xFF,0xFF,0xFF,0xFF,0xFF,0xFF,0xFF,0xFF,
    0xFF,0xFF,0xFF,0xFF,0xFF,0xFF,0xFF,0xFF,0xFF,0xFF,0xFF,0xFF,0xFF,0xFF,0xFF,0xFF,
    0xFF,0xFF,0xFF,0xFF,0xFF,0xFF,0xFF,0xFF,0xFF,0xFF,0xFF,0xFF,0xFF,0xFF,0xFF,0xFF,
    0xFF,0xFF,0xFF,0xFF,0xFF,0xFF,0xFF,0xFF,0xFF,0xFF,0xFF,0xFF,0xFF,0xFF,0xFF,0xFF,
    0xFF,0xFF,0xFF,0xFF,0xFF,0xFF,0xFF,0xFF,0xFF,0xFF,0xFF,0xFF,0xFF,0xFF,0xFF,0xFF,
    0xFF,0xFF,0xFF,0xFF,0xFF,0xFF,0xFF,0xFF,0xFF,0xFF,0xFF,0xFF,0xFF,0xFF,0xFF,0xFF,
    0xFF,0xFF,0xFF,0xFF,0xFF,0xFF,0xFF,0xFF,0xFF,0xFF,0xFF,0xFF,0xFF,0xFF,0xFF,0xFF,
    0xFF,0xFF,0xFF,0xFF,0xFF,0xFF,0xFF,0xFF,0xFF,0xFF,0xFF,0xFF,0xFF,0xFF,0xFF,0xFF,
    0xFF,0xFF,0xFF,0xFF,0xFF,0xFF,0xFF,0xFF,0xFF,0xFF,0xFF,0xFF,0xFF,0xFF,0xFF,0xFF,
    0xFF,0xFF,0xFF,
};
const lv_image_dsc_t ui_img_jump_prince_tile_2_2 = {
    .header.w = 25,
    .header.h = 25,
    .data_size = sizeof(ui_img_jump_prince_tile_2_2_data),
    .header.cf = LV_COLOR_FORMAT_NATIVE_WITH_ALPHA,
    .header.magic = LV_IMAGE_HEADER_MAGIC,
    .data = ui_img_jump_prince_tile_2_2_data
};

const LV_ATTRIBUTE_MEM_ALIGN uint8_t ui_img_jump_prince_tile_3_2_data[] = {
    0x25,0x08,0x25,0x08,0xAE,0x21,0xAE,0x21,0xAE,0x21,0x25,0x08,0x25,0x08,0x25,0x08,
    0x25,0x08,0x25,0x08,0x25,0x08,0x25,0x08,0x25,0x08,0x25,0x08,0x25,0x08,0x25,0x08,
    0x25,0x08,0x25,0x08,0x25,0x08,0x25,0x08,0xAE,0x21,0xAE,0x21,0xAE,0x21,0x25,0x08,
    0x25,0x08,0x25,0x08,0x25,0x08,0xAE,0x21,0xAE,0x21,0xAE,0x21,0x25,0x08,0x25,0x08,
    0x25,0x08,0x25,0x08,0x25,0x08,0x25,0x08,0x25,0x08,0x25,0x08,0x25,0x08,0x25,0x08,
    0x25,0x08,0x25,0x08,0x25,0x08,0x25,0x08,0x25,0x08,0xAE,0x21,0xAE,0x21,0xAE,0x21,
    0x25,0x08,0x25,0x08,0xAE,0x21,0xAE,0x21,0x31,0x34,0x31,0x34,0x31,0x34,0x31,0x34,
    0x31,0x34,0x31,0x34,0x31,0x34,0x25,0x08,0x25,0x08,0xAE,0x21,0xAE,0x21,0xAE,0x21,
    0x25,0x08,0x25,0x08,0x31,0x34,0x31,0x34,0x31,0x34,0x31,0x34,0x31,0x34,0x31,0x34,
    0x31,0x34,0xAE,0x21,0xAE,0x21,0xAE,0x21,0xAE,0x21,0x2B,0x5E,0x31,0x34,0x31,0x34,
    0x31,0x34,0x31,0x34,0x31,0x34,0x31,0x34,0x25,0x08,0x25,0x08,0xAE,0x21,0xAE,0x21,
    0xAE,0x21,0x25,0x08,0x25,0x08,0x31,0x34,0x31,0x34,0x31,0x34,0x31,0x34,0x31,0x34,
    0x31,0x34,0x2B,0x5E,0xAE,0x21,0xAE,0x21,0xAE,0x21,0xAE,0x21,0x2B,0x5E,0x31,0x34,
    0x31,0x34,0x31,0x34,0x31,0x34,0x31,0x34,0x31,0x34,0x25,0x08,0x25,0x08,0xAE,0x21,
    0xAE,0x21,0xAE,0x21,0x25,0x08,0x25,0x08,0x31,0x34,0x31,0x34,0x31,0x34,0x31,0x34,
    0x31,0x34,0x31,0x34,0x2B,0x5E,0xAE,0x21,0xAE,0x21,0xAE,0x21,0xAE,0x21,0x31,0x34,
    0x31,0x34,0x31,0x34,0x31,0x34,0x31,0x34,0x31,0x34,0xAE,0x21,0x25,0x08,0x25,0x08,
    0xAE,0x21,0xAE,0x21,0xAE,0x21,0x25,0x08,0x25,0x08,0xAE,0x21,0x31,0x34,0x31,0x34,
    0x31,0x34,0x31,0x34,0x31,0x34,0x31,0x34,0xAE,0x21,0xAE,0x21,0x25,0x08,0x25,0x08,
    0xAE,0x21,0xAE,0x21,0xAE,0x21,0x25,0x08,0x25,0x08,0x25,0x08,0x25,0x08,0x25,0x08,
    0x25,0x08,0x25,0x08,0x25,0x08,0x25,0x08,0x25,0x08,0x25,0x08,0x25,0x08,0x25,0x08,
    0x25,0x08,0x25,0x08,0xAE,0x21,0xAE,0x21,0xAE,0x21,0x25,0x08,0x25,0x08,0x25,0x08,
    0x25,0x08,0xAE,0x21,0xAE,0x21,0xAE,0x21,0x25,0x08,0x25,0x08,0x25,0x08,0x25,0x08,
    0x25,0x08,0x25,0x08,0x25,0x08,0x25,0x08,0x25,0x08,0x25,0x08,0x25,0x08,0x25,0x08,
    0x25,0x08,0x25,0x08,0x25,0x08,0xAE,0x21,0xAE,0x21,0xAE,0x21,0x25,0x08,0x25,0x08,
    0x2B,0x5E,0x2B,0x5E,0x31,0x34,0x31,0x34,0x31,0x34,0x31,0x34,0x25,0x08,0x25,0x08,
    0xAE,0x21,0x31,0x34,0x31,0x34,0x31,0x34,0x31,0x34,0x31,0x34,0x31,0x34,0x31,0x34,
    0x31,0x34,0x25,0x08,0x25,0x08,0x31,0x34,0x31,0x34,0x31,0x34,0x31,0x34,0x2B,0x5E,
    0x2B,0x5E,0x2B,0x5E,0x2B,0x5E,0x31,0x34,0x31,0x34,0x31,0x34,0x31,0x34,0x25,0x08,
    0x25,0x08,0x31,0x34,0x31,0x34,0x31,0x34,0x31,0x34,0x31,0x34,0x31,0x34,0x31,0x34,
    0x31,0x34,0x31,0x34,0x25,0x08,0x25,0x08,0x31,0x34,0x31,0x34,0x31,0x34,0x31,0x34,
    0x2B,0x5E,0x2B,0x5E,0x2B,0x5E,0x2B,0x5E,0x31,0x34,0x31,0x34,0x31,0x34,0x31,0x34,
    0x25,0x08,0x25,0x08,0x31,0x34,0x31,0x34,0x31,0x34,0x31,0x34,0x31,0x34,0x31,0x34,
    0x31,0x34,0x31,0x34,0x31,0x34,0x25,0x08,0x25,0x08,0x31,0x34,0x31,0x34,0x31,0x34,
    0x31,0x34,0x2B,0x5E,0x2B,0x5E,0x31,0x34,0x31,0x34,0x31,0x34,0x31,0x34,0x31,0x34,
    0xAE,0x21,0x25,0x08,0x25,0x08,0x31,0x34,0x31,0x34,0x31,0x34,0x31,0x34,0x31,0x34,
    0x31,0x34,0x31,0x34,0x31,0x34,0xAE,0x21,0x25,0x08,0x25,0x08,0xAE,0x21,0x31,0x34,
    0x31,0x34,0x31,0x34,0x31,0x34,0x31,0x34,0x31,0x34,0x31,0x34,0x31,0x34,0x31,0x34,
    0x31,0x34,0xAE,0x21,0x25,0x08,0x25,0x08,0x31,0x34,0x31,0x34,0x31,0x34,0x31,0x34,
    0x31,0x34,0x31,0x34,0x31,0x34,0x31,0x34,0xAE,0x21,0x25,0x08,0x25,0x08,0xAE,0x21,
    0x31,0x34,0x31,0x34,0x31,0x34,0x31,0x34,0x31,0x34,0x25,0x08,0x25,0x08,0xAE,0x21,
    0xAE,0x21,0xAE,0x21,0x25,0x08,0x25,0x08,0x25,0x08,0x25,0x08,0x25,0x08,0x25,0x08,
    0x25,0x08,0x25,0x08,0x25,0x08,0x25,0x08,0x25,0x08,0x25,0x08,0x25,0x08,0x25,0x08,
    0x25,0x08,0xAE,0x21,0xAE,0x21,0xAE,0x21,0x25,0x08,0x25,0x08,0xAE,0x21,0xAE,0x21,
    0x31,0x34,0x31,0x34,0x31,0x34,0x31,0x34,0x31,0x34,0x31,0x34,0x31,0x34,0x25,0x08,
    0x25,0x08,0x31,0x34,0x31,0x34,0x31,0x34,0x25,0x08,0x25,0x08,0x31,0x34,0x31,0x34,
    0x31,0x34,0x31,0x34,0x31,0x34,0x31,0x34,0x31,0x34,0xAE,0x21,0xAE,0x21,0xAE,0x21,
    0xAE,0x21,0x31,0x34,0x31,0x34,0x31,0x34,0x31,0x34,0x31,0x34,0x31,0x34,0x31,0x34,
    0x25,0x08,0x25,0x08,0x31,0x34,0x31,0x34,0x31,0x34,0x25,0x08,0x25,0x08,0x31,0x34,
    0x31,0x34,0x31,0x34,0x31,0x34,0x31,0x34,0x31,0x34,0x31,0x34,0xAE,0x21,0xAE,0x21,
    0xAE,0x21,0xAE,0x21,0x2B,0x5E,0x31,0x34,0x31,0x34,0x31,0x34,0x31,0x34,0x31,0x34,
    0x31,0x34,0xAE,0x21,0xAE,0x21,0x31,0x34,0x31,0x34,0x31,0x34,0xAE,0x21,0xAE,0x21,
    0x31,0x34,0x31,0x34,0x31,0x34,0x31,0x34,0x31,0x34,0x31,0x34,0x2B,0x5E,0xAE,0x21,
    0xAE,0x21,0xAE,0x21,0xAE,0x21,0x31,0x34,0x31,0x34,0x31,0x34,0x31,0x34,0x31,0x34,
    0x31,0x34,0xAE,0x21,0xAE,0x21,0xAE,0x21,0x31,0x34,0x31,0x34,0x31,0x34,0xAE,0x21,
    0xAE,0x21,0xAE,0x21,0x31,0x34,0x31,0x34,0x31,0x34,0x31,0x34,0x31,0x34,0x31,0x34,
    0xAE,0x21,0xAE,0x21,0xAE,0x21,0xAE,0x21,0x31,0x34,0x31,0x34,0x31,0x34,0x31,0x34,
    0x31,0x34,0x31,0x34,0xAE,0x21,0xAE,0x21,0xAE,0x21,0x31,0x34,0x31,0x34,0x31,0x34,
    0xAE,0x21,0xAE,0x21,0xAE,0x21,0x31,0x34,0x31,0x34,0x31,0x34,0x31,0x34,0x31,0x34,
    0x31,0x34,0xAE,0x21,0xAE,0x21,0x25,0x08,0x25,0x08,0x25,0x08,0x25,0x08,0x25,0x08,
    0x25,0x08,0x25,0x08,0x25,0x08,0x25,0x08,0x25,0x08,0x25,0x08,0x25,0x08,0x25,0x08,
    0x25,0x08,0x25,0x08,0x25,0x08,0x25,0x08,0x25,0x08,0x25,0x08,0x25,0x08,0x25,0x08,
    0x25,0x08,0x25,0x08,0x25,0x08,0x25,0x08,0x25,0x08,0x25,0x08,0xAE,0x21,0xAE,0x21,
    0xAE,0x21,0x25,0x08,0xAE,0x21,0xAE,0x21,0xAE,0x21,0xAE,0x21,0xAE,0x21,0x25,0x08,
    0x25,0x08,0xAE,0x21,0xAE,0x21,0xAE,0x21,0x25,0x08,0xAE,0x21,0xAE,0x21,0xAE,0x21,
    0xAE,0x21,0xAE,0x21,0xAE,0x21,0x25,0x08,0x25,0x08,0x25,0x08,0x25,0x08,0xAE,0x21,
    0xAE,0x21,0xAE,0x21,0x25,0x08,0xAE,0x21,0xAE,0x21,0xAE,0x21,0xAE,0x21,0xAE,0x21,
    0x25,0x08,0x25,0x08,0xAE,0x21,0xAE,0x21,0xAE,0x21,0x25,0x08,0xAE,0x21,0xAE,0x21,
    0xAE,0x21,0xAE,0x21,0xAE,0x21,0xAE,0x21,0x25,0x08,0x25,0x08,0x25,0x08,0x25,0x08,
    0x31,0x34,0x31,0x34,0x31,0x34,0xAE,0x21,0x31,0x34,0x31,0x34,0x2B,0x5E,0x31,0x34,
    0x31,0x34,0xAE,0x21,0xAE,0x21,0x2B,0x5E,0x31,0x34,0x31,0x34,0xAE,0x21,0x31,0x34,
    0x31,0x34,0x2B,0x5E,0x31,0x34,0x31,0x34,0x31,0x34,0x25,0x08,0x25,0x08,0x25,0x08,
    0x25,0x08,0x2B,0x5E,0x31,0x34,0x31,0x34,0xAE,0x21,0x31,0x34,0x31,0x34,0x2B,0x5E,
    0x31,0x34,0x31,0x34,0xAE,0x21,0xAE,0x21,0x2B,0x5E,0x2B,0x5E,0x2B,0x5E,0xAE,0x21,
    0x31,0x34,0x31,0x34,0x2B,0x5E,0x2B,0x5E,0x2B,0x5E,0x31,0x34,0x25,0x08,0x25,0x08,
    0x25,0x08,0x25,0x08,0x2B,0x5E,0x31,0x34,0x31,0x34,0xAE,0x21,0x31,0x34,0x31,0x34,
    0x2B,0x5E,0x31,0x34,0x31,0x34,0xAE,0x21,0xAE,0x21,0x2B,0x5E,0x2B,0x5E,0x2B,0x5E,
    0xAE,0x21,0x31,0x34,0x31,0x34,0x2B,0x5E,0x2B,0x5E,0x2B,0x5E,0x31,0x34,0x25,0x08,
    0x25,0x08,0xFF,0xFF,0xFF,0xFF,0xFF,0xFF,0xFF,0xFF,0xFF,0xFF,0xFF,0xFF,0xFF,0xFF,
    0xFF,0xFF,0xFF,0xFF,0xFF,0xFF,0xFF,0xFF,0xFF,0xFF,0xFF,0xFF,0xFF,0xFF,0xFF,0xFF,
    0xFF,0xFF,0xFF,0xFF,0xFF,0xFF,0xFF,0xFF,0xFF,0xFF,0xFF,0xFF,0xFF,0xFF,0xFF,0xFF,
    0xFF,0xFF,0xFF,0xFF,0xFF,0xFF,0xFF,0xFF,0xFF,0xFF,0xFF,0xFF,0xFF,0xFF,0xFF,0xFF,
    0xFF,0xFF,0xFF,0xFF,0xFF,0xFF,0xFF,0xFF,0xFF,0xFF,0xFF,0xFF,0xFF,0xFF,0xFF,0xFF,
    0xFF,0xFF,0xFF,0xFF,0xFF,0xFF,0xFF,0xFF,0xFF,0xFF,0xFF,0xFF,0xFF,0xFF,0xFF,0xFF,
    0xFF,0xFF,0xFF,0xFF,0xFF,0xFF,0xFF,0xFF,0xFF,0xFF,0xFF,0xFF,0xFF,0xFF,0xFF,0xFF,
    0xFF,0xFF,0xFF,0xFF,0xFF,0xFF,0xFF,0xFF,0xFF,0xFF,0xFF,0xFF,0xFF,0xFF,0xFF,0xFF,
    0xFF,0xFF,0xFF,0xFF,0xFF,0xFF,0xFF,0xFF,0xFF,0xFF,0xFF,0xFF,0xFF,0xFF,0xFF,0xFF,
    0xFF,0xFF,0xFF,0xFF,0xFF,0xFF,0xFF,0xFF,0xFF,0xFF,0xFF,0xFF,0xFF,0xFF,0xFF,0xFF,
    0xFF,0xFF,0xFF,0xFF,0xFF,0xFF,0xFF,0xFF,0xFF,0xFF,0xFF,0xFF,0xFF,0xFF,0xFF,0xFF,
    0xFF,0xFF,0xFF,0xFF,0xFF,0xFF,0xFF,0xFF,0xFF,0xFF,0xFF,0xFF,0xFF,0xFF,0xFF,0xFF,
    0xFF,0xFF,0xFF,0xFF,0xFF,0xFF,0xFF,0xFF,0xFF,0xFF,0xFF,0xFF,0xFF,0xFF,0xFF,0xFF,
    0xFF,0xFF,0xFF,0xFF,0xFF,0xFF,0xFF,0xFF,0xFF,0xFF,0xFF,0xFF,0xFF,0xFF,0xFF,0xFF,
    0xFF,0xFF,0xFF,0xFF,0xFF,0xFF,0xFF,0xFF,0xFF,0xFF,0xFF,0xFF,0xFF,0xFF,0xFF,0xFF,
    0xFF,0xFF,0xFF,0xFF,0xFF,0xFF,0xFF,0xFF,0xFF,0xFF,0xFF,0xFF,0xFF,0xFF,0xFF,0xFF,
    0xFF,0xFF,0xFF,0xFF,0xFF,0xFF,0xFF,0xFF,0xFF,0xFF,0xFF,0xFF,0xFF,0xFF,0xFF,0xFF,
    0xFF,0xFF,0xFF,0xFF,0xFF,0xFF,0xFF,0xFF,0xFF,0xFF,0xFF,0xFF,0xFF,0xFF,0xFF,0xFF,
    0xFF,0xFF,0xFF,0xFF,0xFF,0xFF,0xFF,0xFF,0xFF,0xFF,0xFF,0xFF,0xFF,0xFF,0xFF,0xFF,
    0xFF,0xFF,0xFF,0xFF,0xFF,0xFF,0xFF,0xFF,0xFF,0xFF,0xFF,0xFF,0xFF,0xFF,0xFF,0xFF,
    0xFF,0xFF,0xFF,0xFF,0xFF,0xFF,0xFF,0xFF,0xFF,0xFF,0xFF,0xFF,0xFF,0xFF,0xFF,0xFF,
    0xFF,0xFF,0xFF,0xFF,0xFF,0xFF,0xFF,0xFF,0xFF,0xFF,0xFF,0xFF,0xFF,0xFF,0xFF,0xFF,
    0xFF,0xFF,0xFF,0xFF,0xFF,0xFF,0xFF,0xFF,0xFF,0xFF,0xFF,0xFF,0xFF,0xFF,0xFF,0xFF,
    0xFF,0xFF,0xFF,0xFF,0xFF,0xFF,0xFF,0xFF,0xFF,0xFF,0xFF,0xFF,0xFF,0xFF,0xFF,0xFF,
    0xFF,0xFF,0xFF,0xFF,0xFF,0xFF,0xFF,0xFF,0xFF,0xFF,0xFF,0xFF,0xFF,0xFF,0xFF,0xFF,
    0xFF,0xFF,0xFF,0xFF,0xFF,0xFF,0xFF,0xFF,0xFF,0xFF,0xFF,0xFF,0xFF,0xFF,0xFF,0xFF,
    0xFF,0xFF,0xFF,0xFF,0xFF,0xFF,0xFF,0xFF,0xFF,0xFF,0xFF,0xFF,0xFF,0xFF,0xFF,0xFF,
    0xFF,0xFF,0xFF,0xFF,0xFF,0xFF,0xFF,0xFF,0xFF,0xFF,0xFF,0xFF,0xFF,0xFF,0xFF,0xFF,
    0xFF,0xFF,0xFF,0xFF,0xFF,0xFF,0xFF,0xFF,0xFF,0xFF,0xFF,0xFF,0xFF,0xFF,0xFF,0xFF,
    0xFF,0xFF,0xFF,0xFF,0xFF,0xFF,0xFF,0xFF,0xFF,0xFF,0xFF,0xFF,0xFF,0xFF,0xFF,0xFF,
    0xFF,0xFF,0xFF,0xFF,0xFF,0xFF,0xFF,0xFF,0xFF,0xFF,0xFF,0xFF,0xFF,0xFF,0xFF,0xFF,
    0xFF,0xFF,0xFF,0xFF,0xFF,0xFF,0xFF,0xFF,0xFF,0xFF,0xFF,0xFF,0xFF,0xFF,0xFF,0xFF,
    0xFF,0xFF,0xFF,0xFF,0xFF,0xFF,0xFF,0xFF,0xFF,0xFF,0xFF,0xFF,0xFF,0xFF,0xFF,0xFF,
    0xFF,0xFF,0xFF,0xFF,0xFF,0xFF,0xFF,0xFF,0xFF,0xFF,0xFF,0xFF,0xFF,0xFF,0xFF,0xFF,
    0xFF,0xFF,0xFF,0xFF,0xFF,0xFF,0xFF,0xFF,0xFF,0xFF,0xFF,0xFF,0xFF,0xFF,0xFF,0xFF,
    0xFF,0xFF,0xFF,0xFF,0xFF,0xFF,0xFF,0xFF,0xFF,0xFF,0xFF,0xFF,0xFF,0xFF,0xFF,0xFF,
    0xFF,0xFF,0xFF,0xFF,0xFF,0xFF,0xFF,0xFF,0xFF,0xFF,0xFF,0xFF,0xFF,0xFF,0xFF,0xFF,
    0xFF,0xFF,0xFF,0xFF,0xFF,0xFF,0xFF,0xFF,0xFF,0xFF,0xFF,0xFF,0xFF,0xFF,0xFF,0xFF,
    0xFF,0xFF,0xFF,0xFF,0xFF,0xFF,0xFF,0xFF,0xFF,0xFF,0xFF,0xFF,0xFF,0xFF,0xFF,0xFF,
    0xFF,0xFF,0xFF,
};
const lv_image_dsc_t ui_img_jump_prince_tile_3_2 = {
    .header.w = 25,
    .header.h = 25,
    .data_size = sizeof(ui_img_jump_prince_tile_3_2_data),
    .header.cf = LV_COLOR_FORMAT_NATIVE_WITH_ALPHA,
    .header.magic = LV_IMAGE_HEADER_MAGIC,
    .data = ui_img_jump_prince_tile_3_2_data
};

const LV_ATTRIBUTE_MEM_ALIGN uint8_t ui_img_jump_prince_tile_4_2_data[] = {
    0x25,0x08,0x25,0x08,0x25,0x08,0x25,0x08,0x25,0x08,0x25,0x08,0x25,0x08,0x25,0x08,
    0x25,0x08,0x25,0x08,0x25,0x08,0x25,0x08,0x25,0x08,0x25,0x08,0x25,0x08,0x25,0x08,
    0x25,0x08,0x25,0x08,0x25,0x08,0x25,0x08,0xAE,0x21,0xAE,0x21,0xAE,0x21,0x25,0x08,
    0x25,0x08,0x25,0x08,0x25,0x08,0x25,0x08,0x25,0x08,0x25,0x08,0x25,0x08,0x25,0x08,
    0x25,0x08,0x25,0x08,0x25,0x08,0x25,0x08,0x25,0x08,0x25,0x08,0x25,0x08,0x25,0x08,
    0x25,0x08,0x25,0x08,0x25,0x08,0x25,0x08,0x25,0x08,0xAE,0x21,0xAE,0x21,0xAE,0x21,
    0x25,0x08,0x25,0x08,0x25,0x08,0x25,0x08,0x25,0x08,0x25,0x08,0x25,0x08,0x25,0x08,
    0xAE,0x21,0xAE,0x21,0xAE,0x21,0xAE,0x21,0xAE,0x21,0xAE,0x21,0xAE,0x21,0x25,0x08,
    0x25,0x08,0x25,0x08,0x31,0x34,0x31,0x34,0x31,0x34,0x31,0x34,0x31,0x34,0x31,0x34,
    0x31,0x34,0xAE,0x21,0xAE,0x21,0x25,0x08,0x25,0x08,0x25,0x08,0x25,0x08,0x25,0x08,
    0x25,0x08,0xAE,0x21,0xAE,0x21,0xAE,0x21,0xAE,0x21,0xAE,0x21,0xAE,0x21,0xAE,0x21,
    0xAE,0x21,0x25,0x08,0x25,0x08,0x31,0x34,0x31,0x34,0x31,0x34,0x31,0x34,0x31,0x34,
    0x31,0x34,0x2B,0x5E,0xAE,0x21,0xAE,0x21,0x25,0x08,0x25,0x08,0x25,0x08,0x25,0x08,
    0x25,0x08,0x25,0x08,0xAE,0x21,0xAE,0x21,0xAE,0x21,0xAE,0x21,0xAE,0x21,0xAE,0x21,
    0xAE,0x21,0xAE,0x21,0x25,0x08,0x25,0x08,0x31,0x34,0x31,0x34,0x31,0x34,0x31,0x34,
    0x31,0x34,0x31,0x34,0x2B,0x5E,0xAE,0x21,0xAE,0x21,0x25,0x08,0x25,0x08,0x25,0x08,
    0x25,0x08,0x25,0x08,0x25,0x08,0xAE,0x21,0xAE,0x21,0xAE,0x21,0xAE,0x21,0xAE,0x21,
    0xAE,0x21,0xAE,0x21,0xAE,0x21,0x25,0x08,0x25,0x08,0xAE,0x21,0x31,0x34,0x31,0x34,
    0x31,0x34,0x31,0x34,0x31,0x34,0x31,0x34,0xAE,0x21,0xAE,0x21,0x25,0x08,0x25,0x08,
    0x25,0x08,0x25,0x08,0x25,0x08,0x25,0x08,0x25,0x08,0x25,0x08,0x25,0x08,0x25,0x08,
    0x25,0x08,0x25,0x08,0x25,0x08,0x25,0x08,0x25,0x08,0x25,0x08,0x25,0x08,0x25,0x08,
    0x25,0x08,0x25,0x08,0xAE,0x21,0xAE,0x21,0xAE,0x21,0x25,0x08,0x25,0x08,0x25,0x08,
    0x25,0x08,0x25,0x08,0x25,0x08,0x25,0x08,0x25,0x08,0x25,0x08,0x25,0x08,0x25,0x08,
    0x25,0x08,0x25,0x08,0x25,0x08,0x25,0x08,0x25,0x08,0x25,0x08,0x25,0x08,0x25,0x08,
    0x25,0x08,0x25,0x08,0x25,0x08,0xAE,0x21,0xAE,0x21,0xAE,0x21,0x25,0x08,0x25,0x08,
    0x25,0x08,0x25,0x08,0x25,0x08,0x25,0x08,0x25,0x08,0x25,0x08,0xAE,0x21,0xAE,0x21,
    0xAE,0x21,0x25,0x08,0x25,0x08,0x25,0x08,0x25,0x08,0xAE,0x21,0xAE,0x21,0xAE,0x21,
    0xAE,0x21,0x25,0x08,0x25,0x08,0x31,0x34,0x31,0x34,0x31,0x34,0x2B,0x5E,0x2B,0x5E,
    0x2B,0x5E,0x25,0x08,0x25,0x08,0x25,0x08,0x25,0x08,0x25,0x08,0x25,0x08,0xAE,0x21,
    0xAE,0x21,0xAE,0x21,0xAE,0x21,0xAE,0x21,0x25,0x08,0x25,0x08,0xAE,0x21,0xAE,0x21,
    0xAE,0x21,0xAE,0x21,0x25,0x08,0x25,0x08,0x31,0x34,0x31,0x34,0x31,0x34,0x2B,0x5E,
    0x2B,0x5E,0x2B,0x5E,0x25,0x08,0x25,0x08,0x25,0x08,0x25,0x08,0x25,0x08,0x25,0x08,
    0xAE,0x21,0xAE,0x21,0xAE,0x21,0xAE,0x21,0xAE,0x21,0x25,0x08,0x25,0x08,0xAE,0x21,
    0xAE,0x21,0xAE,0x21,0xAE,0x21,0x25,0x08,0x25,0x08,0x31,0x34,0x31,0x34,0x31,0x34,
    0x2B,0x5E,0x2B,0x5E,0x2B,0x5E,0x25,0x08,0x25,0x08,0x25,0x08,0x25,0x08,0x25,0x08,
    0x25,0x08,0x25,0x08,0x25,0x08,0x25,0x08,0x25,0x08,0x25,0x08,0x25,0x08,0x25,0x08,
    0xAE,0x21,0xAE,0x21,0xAE,0x21,0xAE,0x21,0x25,0x08,0x25,0x08,0xAE,0x21,0x31,0x34,
    0x31,0x34,0x31,0x34,0x2B,0x5E,0x2B,0x5E,0x25,0x08,0x25,0x08,0x25,0x08,0x25,0x08,
    0x25,0x08,0x25,0x08,0x25,0x08,0x25,0x08,0x25,0x08,0x25,0x08,0x25,0x08,0x25,0x08,
    0x25,0x08,0xAE,0x21,0xAE,0x21,0xAE,0x21,0xAE,0x21,0x25,0x08,0x25,0x08,0xAE,0x21,
    0x31,0x34,0x31,0x34,0x31,0x34,0x2B,0x5E,0x2B,0x5E,0x25,0x08,0x25,0x08,0x25,0x08,
    0x25,0x08,0x25,0x08,0x25,0x08,0x25,0x08,0x25,0x08,0x25,0x08,0x25,0x08,0x25,0x08,
    0x25,0x08,0x25,0x08,0x25,0x08,0x25,0x08,0x25,0x08,0x25,0x08,0x25,0x08,0x25,0x08,
    0x25,0x08,0xAE,0x21,0xAE,0x21,0xAE,0x21,0xAE,0x21,0xAE,0x21,0x25,0x08,0x25,0x08,
    0x25,0x08,0x25,0x08,0x25,0x08,0x25,0x08,0x25,0x08,0x25,0x08,0x25,0x08,0xAE,0x21,
    0xAE,0x21,0xAE,0x21,0xAE,0x21,0xAE,0x21,0xAE,0x21,0xAE,0x21,0xAE,0x21,0x31,0x34,
    0x31,0x34,0x31,0x34,0x31,0x34,0x31,0x34,0x31,0x34,0x31,0x34,0x31,0x34,0x25,0x08,
    0x25,0x08,0x25,0x08,0x25,0x08,0x25,0x08,0x25,0x08,0x25,0x08,0x25,0x08,0x25,0x08,
    0xAE,0x21,0xAE,0x21,0xAE,0x21,0xAE,0x21,0xAE,0x21,0xAE,0x21,0xAE,0x21,0xAE,0x21,
    0x31,0x34,0x31,0x34,0x31,0x34,0x31,0x34,0x31,0x34,0x31,0x34,0x31,0x34,0x31,0x34,
    0x25,0x08,0x25,0x08,0x25,0x08,0x25,0x08,0x25,0x08,0x25,0x08,0x25,0x08,0x25,0x08,
    0x25,0x08,0xAE,0x21,0xAE,0x21,0xAE,0x21,0xAE,0x21,0xAE,0x21,0xAE,0x21,0xAE,0x21,
    0xAE,0x21,0x31,0x34,0x31,0x34,0x31,0x34,0x31,0x34,0x31,0x34,0x31,0x34,0x31,0x34,
    0x31,0x34,0x25,0x08,0x25,0x08,0x25,0x08,0x25,0x08,0x25,0x08,0x25,0x08,0x25,0x08,
    0x25,0x08,0x25,0x08,0x25,0x08,0x25,0x08,0xAE,0x21,0xAE,0x21,0xAE,0x21,0xAE,0x21,
    0xAE,0x21,0xAE,0x21,0xAE,0x21,0xAE,0x21,0x31,0x34,0x31,0x34,0x31,0x34,0x31,0x34,
    0xAE,0x21,0xAE,0x21,0x25,0x08,0x25,0x08,0x25,0x08,0x25,0x08,0x25,0x08,0x25,0x08,
    0x25,0x08,0x25,0x08,0x25,0x08,0x25,0x08,0x25,0x08,0xAE,0x21,0xAE,0x21,0xAE,0x21,
    0xAE,0x21,0xAE,0x21,0xAE,0x21,0xAE,0x21,0xAE,0x21,0x31,0x34,0x31,0x34,0x31,0x34,
    0x31,0x34,0xAE,0x21,0xAE,0x21,0x25,0x08,0x25,0x08,0x25,0x08,0x25,0x08,0x25,0x08,
    0x25,0x08,0x25,0x08,0x25,0x08,0x25,0x08,0x25,0x08,0x25,0x08,0x25,0x08,0x25,0x08,
    0x25,0x08,0x25,0x08,0x25,0x08,0x25,0x08,0x25,0x08,0x25,0x08,0x25,0x08,0x25,0x08,
    0x25,0x08,0x25,0x08,0x25,0x08,0x25,0x08,0x25,0x08,0x25,0x08,0x25,0x08,0x25,0x08,
    0x25,0x08,0x25,0x08,0x25,0x08,0x25,0x08,0x25,0x08,0x25,0x08,0x25,0x08,0x25,0x08,
    0x25,0x08,0x25,0x08,0x25,0x08,0x25,0x08,0xAE,0x21,0xAE,0x21,0xAE,0x21,0xAE,0x21,
    0x25,0x08,0x25,0x08,0xAE,0x21,0xAE,0x21,0xAE,0x21,0x25,0x08,0x25,0x08,0x25,0x08,
    0x25,0x08,0x25,0x08,0x25,0x08,0x25,0x08,0x25,0x08,0x25,0x08,0x25,0x08,0x25,0x08,
    0x25,0x08,0x25,0x08,0x25,0x08,0x25,0x08,0x25,0x08,0xAE,0x21,0xAE,0x21,0xAE,0x21,
    0xAE,0x21,0x25,0x08,0x25,0x08,0xAE,0x21,0xAE,0x21,0xAE,0x21,0x25,0x08,0x25,0x08,
    0x25,0x08,0x25,0x08,0x25,0x08,0x25,0x08,0x25,0x08,0x25,0x08,0x25,0x08,0x25,0x08,
    0x25,0x08,0x25,0x08,0x25,0x08,0x25,0x08,0x25,0x08,0x25,0x08,0xAE,0x21,0xAE,0x21,
    0xAE,0x21,0xAE,0x21,0x25,0x08,0x25,0x08,0xAE,0x21,0xAE,0x21,0xAE,0x21,0x25,0x08,
    0x25,0x08,0x25,0x08,0x25,0x08,0x25,0x08,0x25,0x08,0x25,0x08,0x25,0x08,0x25,0x08,
    0x25,0x08,0x25,0x08,0x25,0x08,0x25,0x08,0x25,0x08,0x25,0x08,0x25,0x08,0x25,0x08,
    0x25,0x08,0x25,0x08,0x25,0x08,0x25,0x08,0x25,0x08,0x25,0x08,0xAE,0x21,0xAE,0x21,
    0x25,0x08,0x25,0x08,0x25,0x08,0x25,0x08,0x25,0x08,0x25,0x08,0x25,0x08,0x25,0x08,
    0x25,0x08,0x25,0x08,0x25,0x08,0x25,0x08,0x25,0x08,0x25,0x08,0x25,0x08,0x25,0x08,
    0x25,0x08,0x25,0x08,0x25,0x08,0x25,0x08,0x25,0x08,0x25,0x08,0x25,0x08,0xAE,0x21,
    0xAE,0x21,0xFF,0xFF,0xFF,0xFF,0xFF,0xFF,0xFF,0xFF,0xFF,0xFF,0xFF,0xFF,0xFF,0xFF,
    0xFF,0xFF,0xFF,0xFF,0xFF,0xFF,0xFF,0xFF,0xFF,0xFF,0xFF,0xFF,0xFF,0xFF,0xFF,0xFF,
    0xFF,0xFF,0xFF,0xFF,0xFF,0xFF,0xFF,0xFF,0xFF,0xFF,0xFF,0xFF,0xFF,0xFF,0xFF,0xFF,
    0xFF,0xFF,0xFF,0xFF,0xFF,0xFF,0xFF,0xFF,0xFF,0xFF,0xFF,0xFF,0xFF,0xFF,0xFF,0xFF,
    0xFF,0xFF,0xFF,0xFF,0xFF,0xFF,0xFF,0xFF,0xFF,0xFF,0xFF,0xFF,0xFF,0xFF,0xFF,0xFF,
    0xFF,0xFF,0xFF,0xFF,0xFF,0xFF,0xFF,0xFF,0xFF,0xFF,0xFF,0xFF,0xFF,0xFF,0xFF,0xFF,
    0xFF,0xFF,0xFF,0xFF,0xFF,0xFF,0xFF,0xFF,0xFF,0xFF,0xFF,0xFF,0xFF,0xFF,0xFF,0xFF,
    0xFF,0xFF,0xFF,0xFF,0xFF,0xFF,0xFF,0xFF,0xFF,0xFF,0xFF,0xFF,0xFF,0xFF,0xFF,0xFF,
    0xFF,0xFF,0xFF,0xFF,0xFF,0xFF,0xFF,0xFF,0xFF,0xFF,0xFF,0xFF,0xFF,0xFF,0xFF,0xFF,
    0xFF,0xFF,0xFF,0xFF,0xFF,0xFF,0xFF,0xFF,0xFF,0xFF,0xFF,0xFF,0xFF,0xFF,0xFF,0xFF,
    0xFF,0xFF,0xFF,0xFF,0xFF,0xFF,0xFF,0xFF,0xFF,0xFF,0xFF,0xFF,0xFF,0xFF,0xFF,0xFF,
    0xFF,0xFF,0xFF,0xFF,0xFF,0xFF,0xFF,0xFF,0xFF,0xFF,0xFF,0xFF,0xFF,0xFF,0xFF,0xFF,
    0xFF,0xFF,0xFF,0xFF,0xFF,0xFF,0xFF,0xFF,0xFF,0xFF,0xFF,0xFF,0xFF,0xFF,0xFF,0xFF,
    0xFF,0xFF,0xFF,0xFF,0xFF,0xFF,0xFF,0xFF,0xFF,0xFF,0xFF,0xFF,0xFF,0xFF,0xFF,0xFF,
    0xFF,0xFF,0xFF,0xFF,0xFF,0xFF,0xFF,0xFF,0xFF,0xFF,0xFF,0xFF,0xFF,0xFF,0xFF,0xFF,
    0xFF,0xFF,0xFF,0xFF,0xFF,0xFF,0xFF,0xFF,0xFF,0xFF,0xFF,0xFF,0xFF,0xFF,0xFF,0xFF,
    0xFF,0xFF,0xFF,0xFF,0xFF,0xFF,0xFF,0xFF,0xFF,0xFF,0xFF,0xFF,0xFF,0xFF,0xFF,0xFF,
    0xFF,0xFF,0xFF,0xFF,0xFF,0xFF,0xFF,0xFF,0xFF,0xFF,0xFF,0xFF,0xFF,0xFF,0xFF,0xFF,
    0xFF,0xFF,0xFF,0xFF,0xFF,0xFF,0xFF,0xFF,0xFF,0xFF,0xFF,0xFF,0xFF,0xFF,0xFF,0xFF,
    0xFF,0xFF,0xFF,0xFF,0xFF,0xFF,0xFF,0xFF,0xFF,0xFF,0xFF,0xFF,0xFF,0xFF,0xFF,0xFF,
    0xFF,0xFF,0xFF,0xFF,0xFF,0xFF,0xFF,0xFF,0xFF,0xFF,0xFF,0xFF,0xFF,0xFF,0xFF,0xFF,
    0xFF,0xFF,0xFF,0xFF,0xFF,0xFF,0xFF,0xFF,0xFF,0xFF,0xFF,0xFF,0xFF,0xFF,0xFF,0xFF,
    0xFF,0xFF,0xFF,0xFF,0xFF,0xFF,0xFF,0xFF,0xFF,0xFF,0xFF,0xFF,0xFF,0xFF,0xFF,0xFF,
    0xFF,0xFF,0xFF,0xFF,0xFF,0xFF,0xFF,0xFF,0xFF,0xFF,0xFF,0xFF,0xFF,0xFF,0xFF,0xFF,
    0xFF,0xFF,0xFF,0xFF,0xFF,0xFF,0xFF,0xFF,0xFF,0xFF,0xFF,0xFF,0xFF,0xFF,0xFF,0xFF,
    0xFF,0xFF,0xFF,0xFF,0xFF,0xFF,0xFF,0xFF,0xFF,0xFF,0xFF,0xFF,0xFF,0xFF,0xFF,0xFF,
    0xFF,0xFF,0xFF,0xFF,0xFF,0xFF,0xFF,0xFF,0xFF,0xFF,0xFF,0xFF,0xFF,0xFF,0xFF,0xFF,
    0xFF,0xFF,0xFF,0xFF,0xFF,0xFF,0xFF,0xFF,0xFF,0xFF,0xFF,0xFF,0xFF,0xFF,0xFF,0xFF,
    0xFF,0xFF,0xFF,0xFF,0xFF,0xFF,0xFF,0xFF,0xFF,0xFF,0xFF,0xFF,0xFF,0xFF,0xFF,0xFF,
    0xFF,0xFF,0xFF,0xFF,0xFF,0xFF,0xFF,0xFF,0xFF,0xFF,0xFF,0xFF,0xFF,0xFF,0xFF,0xFF,
    0xFF,0xFF,0xFF,0xFF,0xFF,0xFF,0xFF,0xFF,0xFF,0xFF,0xFF,0xFF,0xFF,0xFF,0xFF,0xFF,
    0xFF,0xFF,0xFF,0xFF,0xFF,0xFF,0xFF,0xFF,0xFF,0xFF,0xFF,0xFF,0xFF,0xFF,0xFF,0xFF,
    0xFF,0xFF,0xFF,0xFF,0xFF,0xFF,0xFF,0xFF,0xFF,0xFF,0xFF,0xFF,0xFF,0xFF,0xFF,0xFF,
    0xFF,0xFF,0xFF,0xFF,0xFF,0xFF,0xFF,0xFF,0xFF,0xFF,0xFF,0xFF,0xFF,0xFF,0xFF,0xFF,
    0xFF,0xFF,0xFF,0xFF,0xFF,0xFF,0xFF,0xFF,0xFF,0xFF,0xFF,0xFF,0xFF,0xFF,0xFF,0xFF,
    0xFF,0xFF,0xFF,0xFF,0xFF,0xFF,0xFF,0xFF,0xFF,0xFF,0xFF,0xFF,0xFF,0xFF,0xFF,0xFF,
    0xFF,0xFF,0xFF,0xFF,0xFF,0xFF,0xFF,0xFF,0xFF,0xFF,0xFF,0xFF,0xFF,0xFF,0xFF,0xFF,
    0xFF,0xFF,0xFF,0xFF,0xFF,0xFF,0xFF,0xFF,0xFF,0xFF,0xFF,0xFF,0xFF,0xFF,0xFF,0xFF,
    0xFF,0xFF,0xFF,0xFF,0xFF,0xFF,0xFF,0xFF,0xFF,0xFF,0xFF,0xFF,0xFF,0xFF,0xFF,0xFF,
    0xFF,0xFF,0xFF,
};
const lv_image_dsc_t ui_img_jump_prince_tile_4_2 = {
    .header.w = 25,
    .header.h = 25,
    .data_size = sizeof(ui_img_jump_prince_tile_4_2_data),
    .header.cf = LV_COLOR_FORMAT_NATIVE_WITH_ALPHA,
    .header.magic = LV_IMAGE_HEADER_MAGIC,
    .data = ui_img_jump_prince_tile_4_2_data
};

const LV_ATTRIBUTE_MEM_ALIGN uint8_t ui_img_jump_prince_tile_5_2_data[] = {
    0x31,0x34,0x31,0x34,0x2B,0x5E,0x2B,0x5E,0x2B,0x5E,0x2B,0x5E,0x2B,0x5E,0x2B,0x5E,
    0x31,0x34,0x31,0x34,0x31,0x34,0x2B,0x5E,0x2B,0x5E,0x2B,0x5E,0x2B,0x5E,0x2B,0x5E,
    0x2B,0x5E,0x2B,0x5E,0x2B,0x5E,0x31,0x34,0x2B,0x5E,0x2B,0x5E,0x2B,0x5E,0x2B,0x5E,
    0x2B,0x5E,0x31,0x34,0x31,0x34,0x2B,0x5E,0x2B,0x5E,0x2B,0x5E,0x2B,0x5E,0x2B,0x5E,
    0x2B,0x5E,0x31,0x34,0x31,0x34,0x31,0x34,0x2B,0x5E,0x2B,0x5E,0x2B,0x5E,0x2B,0x5E,
    0x2B,0x5E,0x2B,0x5E,0x2B,0x5E,0x2B,0x5E,0x31,0x34,0x2B,0x5E,0x2B,0x5E,0x2B,0x5E,
    0x2B,0x5E,0x2B,0x5E,0x2B,0x5E,0x2B,0x5E,0x31,0x34,0x31,0x34,0x31,0x34,0x31,0x34,
    0x31,0x34,0x31,0x34,0x31,0x34,0x31,0x34,0x31,0x34,0x2B,0x5E,0x2B,0x5E,0x2B,0x5E,
    0x2B,0x5E,0x2B,0x5E,0x2B,0x5E,0x2B,0x5E,0x2B,0x5E,0x31,0x34,0x2B,0x5E,0x2B,0x5E,
    0x2B,0x5E,0x2B,0x5E,0x2B,0x5E,0x31,0x34,0x31,0x34,0x31,0x34,0x31,0x34,0x31,0x34,
    0x2B,0x5E,0x31,0x34,0x31,0x34,0x31,0x34,0x31,0x34,0x31,0x34,0x31,0x34,0x31,0x34,
    0x31,0x34,0x31,0x34,0x31,0x34,0x31,0x34,0x2B,0x5E,0x2B,0x5E,0x31,0x34,0x31,0x34,
    0x31,0x34,0x31,0x34,0x31,0x34,0x31,0x34,0x31,0x34,0x31,0x34,0x31,0x34,0x31,0x34,
    0x31,0x34,0x2B,0x5E,0x31,0x34,0x31,0x34,0x31,0x34,0x31,0x34,0x31,0x34,0x31,0x34,
    0x31,0x34,0x31,0x34,0x31,0x34,0x31,0x34,0x31,0x34,0x2B,0x5E,0x2B,0x5E,0x31,0x34,
    0x31,0x34,0x31,0x34,0x31,0x34,0x31,0x34,0x31,0x34,0x31,0x34,0x31,0x34,0x31,0x34,
    0x2B,0x5E,0x2B,0x5E,0x31,0x34,0x31,0x34,0x31,0x34,0x31,0x34,0x31,0x34,0x31,0x34,
    0x31,0x34,0x31,0x34,0xAE,0x21,0xAE,0x21,0xAE,0x21,0x2B,0x5E,0x2B,0x5E,0x2B,0x5E,
    0x31,0x34,0x31,0x34,0x31,0x34,0x2B,0x5E,0x31,0x34,0x31,0x34,0x31,0x34,0x31,0x34,
    0x31,0x34,0x2B,0x5E,0x2B,0x5E,0x2B,0x5E,0x31,0x34,0x31,0x34,0x31,0x34,0x2B,0x5E,
    0x2B,0x5E,0xAE,0x21,0xAE,0x21,0x31,0x34,0x31,0x34,0x31,0x34,0x25,0x08,0x25,0x08,
    0x25,0x08,0x25,0x08,0xAE,0x21,0xAE,0x21,0xAE,0x21,0x25,0x08,0x25,0x08,0x31,0x34,
    0x31,0x34,0x31,0x34,0x2B,0x5E,0x2B,0x5E,0x2B,0x5E,0x31,0x34,0x31,0x34,0x31,0x34,
    0x2B,0x5E,0x2B,0x5E,0xAE,0x21,0xAE,0x21,0x31,0x34,0x31,0x34,0x31,0x34,0x25,0x08,
    0x25,0x08,0x25,0x08,0x25,0x08,0xAE,0x21,0xAE,0x21,0xAE,0x21,0x25,0x08,0x25,0x08,
    0xAE,0x21,0xAE,0x21,0xAE,0x21,0x25,0x08,0x25,0x08,0x25,0x08,0x25,0x08,0x25,0x08,
    0xAE,0x21,0xAE,0x21,0xAE,0x21,0x2B,0x5E,0x2B,0x5E,0x2B,0x5E,0x2B,0x5E,0x2B,0x5E,
    0x31,0x34,0xAE,0x21,0xAE,0x21,0xAE,0x21,0x2B,0x5E,0x2B,0x5E,0x2B,0x5E,0x2B,0x5E,
    0x2B,0x5E,0x2B,0x5E,0x2B,0x5E,0x2B,0x5E,0x2B,0x5E,0x2B,0x5E,0xAE,0x21,0x2B,0x5E,
    0x2B,0x5E,0x2B,0x5E,0x2B,0x5E,0x2B,0x5E,0x31,0x34,0x31,0x34,0x2B,0x5E,0x2B,0x5E,
    0x2B,0x5E,0x2B,0x5E,0x31,0x34,0x31,0x34,0xAE,0x21,0x2B,0x5E,0x2B,0x5E,0x2B,0x5E,
    0x2B,0x5E,0x2B,0x5E,0x2B,0x5E,0x2B,0x5E,0x2B,0x5E,0x2B,0x5E,0x2B,0x5E,0xAE,0x21,
    0x2B,0x5E,0x2B,0x5E,0x2B,0x5E,0x2B,0x5E,0x2B,0x5E,0x31,0x34,0x31,0x34,0x2B,0x5E,
    0x2B,0x5E,0x2B,0x5E,0x2B,0x5E,0x31,0x34,0x31,0x34,0xAE,0x21,0x2B,0x5E,0x2B,0x5E,
    0x2B,0x5E,0x2B,0x5E,0x2B,0x5E,0x2B,0x5E,0x2B,0x5E,0x2B,0x5E,0x2B,0x5E,0x2B,0x5E,
    0xAE,0x21,0x2B,0x5E,0x2B,0x5E,0x2B,0x5E,0x2B,0x5E,0x2B,0x5E,0xAE,0x21,0xAE,0x21,
    0x2B,0x5E,0x2B,0x5E,0x2B,0x5E,0x2B,0x5E,0x2B,0x5E,0x2B,0x5E,0xAE,0x21,0xAE,0x21,
    0xAE,0x21,0x2B,0x5E,0x2B,0x5E,0x2B,0x5E,0x2B,0x5E,0x2B,0x5E,0x2B,0x5E,0x2B,0x5E,
    0x2B,0x5E,0xAE,0x21,0x2B,0x5E,0x2B,0x5E,0x2B,0x5E,0x2B,0x5E,0x2B,0x5E,0xAE,0x21,
    0xAE,0x21,0x2B,0x5E,0x2B,0x5E,0x2B,0x5E,0x2B,0x5E,0x2B,0x5E,0x2B,0x5E,0xAE,0x21,
    0xAE,0x21,0xAE,0x21,0x2B,0x5E,0x2B,0x5E,0x2B,0x5E,0xAE,0x21,0xAE,0x21,0xAE,0x21,
    0xAE,0x21,0xAE,0x21,0xAE,0x21,0xAE,0x21,0xAE,0x21,0xAE,0x21,0xAE,0x21,0xAE,0x21,
    0x31,0x34,0x31,0x34,0xAE,0x21,0x2B,0x5E,0x2B,0x5E,0x2B,0x5E,0x2B,0x5E,0x2B,0x5E,
    0xAE,0x21,0xAE,0x21,0xAE,0x21,0xAE,0x21,0xAE,0x21,0xAE,0x21,0x31,0x34,0x31,0x34,
    0x31,0x34,0x31,0x34,0x31,0x34,0x31,0x34,0x31,0x34,0x31,0x34,0xAE,0x21,0x31,0x34,
    0x31,0x34,0x31,0x34,0x31,0x34,0x31,0x34,0x31,0x34,0x31,0x34,0x31,0x34,0x31,0x34,
    0x31,0x34,0xAE,0x21,0x2B,0x5E,0x2B,0x5E,0x31,0x34,0xAE,0x21,0xAE,0x21,0x31,0x34,
    0x31,0x34,0x31,0x34,0x31,0x34,0x31,0x34,0x31,0x34,0x31,0x34,0x31,0x34,0xAE,0x21,
    0x31,0x34,0x31,0x34,0x31,0x34,0x31,0x34,0x31,0x34,0x31,0x34,0x31,0x34,0x31,0x34,
    0x31,0x34,0x31,0x34,0xAE,0x21,0x2B,0x5E,0x2B,0x5E,0x31,0x34,0xAE,0x21,0xAE,0x21,
    0x31,0x34,0x31,0x34,0x31,0x34,0x31,0x34,0x31,0x34,0x31,0x34,0x31,0x34,0x31,0x34,
    0x31,0x34,0xAE,0x21,0xAE,0x21,0x31,0x34,0x31,0x34,0x31,0x34,0x31,0x34,0x31,0x34,
    0x31,0x34,0xAE,0x21,0xAE,0x21,0x2B,0x5E,0x31,0x34,0x31,0x34,0x31,0x34,0xAE,0x21,
    0xAE,0x21,0xAE,0x21,0xAE,0x21,0x31,0x34,0x31,0x34,0x31,0x34,0x31,0x34,0x31,0x34,
    0x31,0x34,0x31,0x34,0xAE,0x21,0xAE,0x21,0x31,0x34,0x31,0x34,0x31,0x34,0x31,0x34,
    0x31,0x34,0xAE,0x21,0x31,0x34,0x31,0x34,0x31,0x34,0x31,0x34,0x31,0x34,0xAE,0x21,
    0xAE,0x21,0xAE,0x21,0xAE,0x21,0xAE,0x21,0x31,0x34,0x31,0x34,0x31,0x34,0x31,0x34,
    0x31,0x34,0x31,0x34,0x31,0x34,0xAE,0x21,0xAE,0x21,0x31,0x34,0x31,0x34,0x31,0x34,
    0x31,0x34,0x31,0x34,0xAE,0x21,0x31,0x34,0x31,0x34,0x31,0x34,0x31,0x34,0x31,0x34,
    0xAE,0x21,0xAE,0x21,0xAE,0x21,0x25,0x08,0x25,0x08,0x25,0x08,0x25,0x08,0x25,0x08,
    0x25,0x08,0x25,0x08,0x25,0x08,0x25,0x08,0x25,0x08,0x25,0x08,0x25,0x08,0x25,0x08,
    0x25,0x08,0x25,0x08,0x25,0x08,0x25,0x08,0x25,0x08,0x25,0x08,0x25,0x08,0x25,0x08,
    0x25,0x08,0x25,0x08,0x25,0x08,0x25,0x08,0xAE,0x21,0xAE,0x21,0xAE,0x21,0xAE,0x21,
    0xAE,0x21,0x25,0x08,0xAE,0x21,0xAE,0x21,0xAE,0x21,0xAE,0x21,0xAE,0x21,0x25,0x08,
    0x25,0x08,0xAE,0x21,0xAE,0x21,0xAE,0x21,0xAE,0x21,0x25,0x08,0x25,0x08,0xAE,0x21,
    0xAE,0x21,0xAE,0x21,0xAE,0x21,0xAE,0x21,0xAE,0x21,0xAE,0x21,0xAE,0x21,0xAE,0x21,
    0xAE,0x21,0xAE,0x21,0x25,0x08,0xAE,0x21,0xAE,0x21,0xAE,0x21,0xAE,0x21,0xAE,0x21,
    0x25,0x08,0x25,0x08,0xAE,0x21,0xAE,0x21,0xAE,0x21,0xAE,0x21,0x25,0x08,0x25,0x08,
    0xAE,0x21,0xAE,0x21,0xAE,0x21,0xAE,0x21,0xAE,0x21,0xAE,0x21,0xAE,0x21,0xAE,0x21,
    0xAE,0x21,0xAE,0x21,0xAE,0x21,0x25,0x08,0xAE,0x21,0xAE,0x21,0xAE,0x21,0x25,0x08,
    0x25,0x08,0x25,0x08,0x25,0x08,0xAE,0x21,0xAE,0x21,0xAE,0x21,0xAE,0x21,0x25,0x08,
    0x25,0x08,0xAE,0x21,0xAE,0x21,0xAE,0x21,0xAE,0x21,0xAE,0x21,0xAE,0x21,0xAE,0x21,
    0xAE,0x21,0xAE,0x21,0xAE,0x21,0xAE,0x21,0x25,0x08,0x25,0x08,0x25,0x08,0x25,0x08,
    0x25,0x08,0x25,0x08,0x25,0x08,0x25,0x08,0x25,0x08,0x25,0x08,0x25,0x08,0x25,0x08,
    0x25,0x08,0x25,0x08,0x25,0x08,0xAE,0x21,0xAE,0x21,0xAE,0x21,0xAE,0x21,0xAE,0x21,
    0xAE,0x21,0xAE,0x21,0xAE,0x21,0xAE,0x21,0xAE,0x21,0x25,0x08,0x25,0x08,0x25,0x08,
    0x25,0x08,0x25,0x08,0x25,0x08,0x25,0x08,0x25,0x08,0x25,0x08,0x25,0x08,0x25,0x08,
    0x25,0x08,0x25,0x08,0x25,0x08,0x25,0x08,0xAE,0x21,0xAE,0x21,0xAE,0x21,0xAE,0x21,
    0xAE,0x21,0xFF,0xFF,0xFF,0xFF,0xFF,0xFF,0xFF,0xFF,0xFF,0xFF,0xFF,0xFF,0xFF,0xFF,
    0xFF,0xFF,0xFF,0xFF,0xFF,0xFF,0xFF,0xFF,0xFF,0xFF,0xFF,0xFF,0xFF,0xFF,0xFF,0xFF,
    0xFF,0xFF,0xFF,0xFF,0xFF,0xFF,0xFF,0xFF,0xFF,0xFF,0xFF,0xFF,0xFF,0xFF,0xFF,0xFF,
    0xFF,0xFF,0xFF,0xFF,0xFF,0xFF,0xFF,0xFF,0xFF,0xFF,0xFF,0xFF,0xFF,0xFF,0xFF,0xFF,
    0xFF,0xFF,0xFF,0xFF,0xFF,0xFF,0xFF,0xFF,0xFF,0xFF,0xFF,0xFF,0xFF,0xFF,0xFF,0xFF,
    0xFF,0xFF,0xFF,0xFF,0xFF,0xFF,0xFF,0xFF,0xFF,0xFF,0xFF,0xFF,0xFF,0xFF,0xFF,0xFF,
    0xFF,0xFF,0xFF,0xFF,0xFF,0xFF,0xFF,0xFF,0xFF,0xFF,0xFF,0xFF,0xFF,0xFF,0xFF,0xFF,
    0xFF,0xFF,0xFF,0xFF,0xFF,0xFF,0xFF,0xFF,0xFF,0xFF,0xFF,0xFF,0xFF,0xFF,0xFF,0xFF,
    0xFF,0xFF,0xFF,0xFF,0xFF,0xFF,0xFF,0xFF,0xFF,0xFF,0xFF,0xFF,0xFF,0xFF,0xFF,0xFF,
    0xFF,0xFF,0xFF,0xFF,0xFF,0xFF,0xFF,0xFF,0xFF,0xFF,0xFF,0xFF,0xFF,0xFF,0xFF,0xFF,
    0xFF,0xFF,0xFF,0xFF,0xFF,0xFF,0xFF,0xFF,0xFF,0xFF,0xFF,0xFF,0xFF,0xFF,0xFF,0xFF,
    0xFF,0xFF,0xFF,0xFF,0xFF,0xFF,0xFF,0xFF,0xFF,0xFF,0xFF,0xFF,0xFF,0xFF,0xFF,0xFF,
    0xFF,0xFF,0xFF,0xFF,0xFF,0xFF,0xFF,0xFF,0xFF,0xFF,0xFF,0xFF,0xFF,0xFF,0xFF,0xFF,
    0xFF,0xFF,0xFF,0xFF,0xFF,0xFF,0xFF,0xFF,0xFF,0xFF,0xFF,0xFF,0xFF,0xFF,0xFF,0xFF,
    0xFF,0xFF,0xFF,0xFF,0xFF,0xFF,0xFF,0xFF,0xFF,0xFF,0xFF,0xFF,0xFF,0xFF,0xFF,0xFF,
    0xFF,0xFF,0xFF,0xFF,0xFF,0xFF,0xFF,0xFF,0xFF,0xFF,0xFF,0xFF,0xFF,0xFF,0xFF,0xFF,
    0xFF,0xFF,0xFF,0xFF,0xFF,0xFF,0xFF,0xFF,0xFF,0xFF,0xFF,0xFF,0xFF,0xFF,0xFF,0xFF,
    0xFF,0xFF,0xFF,0xFF,0xFF,0xFF,0xFF,0xFF,0xFF,0xFF,0xFF,0xFF,0xFF,0xFF,0xFF,0xFF,
    0xFF,0xFF,0xFF,0xFF,0xFF,0xFF,0xFF,0xFF,0xFF,0xFF,0xFF,0xFF,0xFF,0xFF,0xFF,0xFF,
    0xFF,0xFF,0xFF,0xFF,0xFF,0xFF,0xFF,0xFF,0xFF,0xFF,0xFF,0xFF,0xFF,0xFF,0xFF,0xFF,
    0xFF,0xFF,0xFF,0xFF,0xFF,0xFF,0xFF,0xFF,0xFF,0xFF,0xFF,0xFF,0xFF,0xFF,0xFF,0xFF,
    0xFF,0xFF,0xFF,0xFF,0xFF,0xFF,0xFF,0xFF,0xFF,0xFF,0xFF,0xFF,0xFF,0xFF,0xFF,0xFF,
    0xFF,0xFF,0xFF,0xFF,0xFF,0xFF,0xFF,0xFF,0xFF,0xFF,0xFF,0xFF,0xFF,0xFF,0xFF,0xFF,
    0xFF,0xFF,0xFF,0xFF,0xFF,0xFF,0xFF,0xFF,0xFF,0xFF,0xFF,0xFF,0xFF,0xFF,0xFF,0xFF,
    0xFF,0xFF,0xFF,0xFF,0xFF,0xFF,0xFF,0xFF,0xFF,0xFF,0xFF,0xFF,0xFF,0xFF,0xFF,0xFF,
    0xFF,0xFF,0xFF,0xFF,0xFF,0xFF,0xFF,0xFF,0xFF,0xFF,0xFF,0xFF,0xFF,0xFF,0xFF,0xFF,
    0xFF,0xFF,0xFF,0xFF,0xFF,0xFF,0xFF,0xFF,0xFF,0xFF,0xFF,0xFF,0xFF,0xFF,0xFF,0xFF,
    0xFF,0xFF,0xFF,0xFF,0xFF,0xFF,0xFF,0xFF,0xFF,0xFF,0xFF,0xFF,0xFF,0xFF,0xFF,0xFF,
    0xFF,0xFF,0xFF,0xFF,0xFF,0xFF,0xFF,0xFF,0xFF,0xFF,0xFF,0xFF,0xFF,0xFF,0xFF,0xFF,
    0xFF,0xFF,0xFF,0xFF,0xFF,0xFF,0xFF,0xFF,0xFF,0xFF,0xFF,0xFF,0xFF,0xFF,0xFF,0xFF,
    0xFF,0xFF,0xFF,0xFF,0xFF,0xFF,0xFF,0xFF,0xFF,0xFF,0xFF,0xFF,0xFF,0xFF,0xFF,0xFF,
    0xFF,0xFF,0xFF,0xFF,0xFF,0xFF,0xFF,0xFF,0xFF,0xFF,0xFF,0xFF,0xFF,0xFF,0xFF,0xFF,
    0xFF,0xFF,0xFF,0xFF,0xFF,0xFF,0xFF,0xFF,0xFF,0xFF,0xFF,0xFF,0xFF,0xFF,0xFF,0xFF,
    0xFF,0xFF,0xFF,0xFF,0xFF,0xFF,0xFF,0xFF,0xFF,0xFF,0xFF,0xFF,0xFF,0xFF,0xFF,0xFF,
    0xFF,0xFF,0xFF,0xFF,0xFF,0xFF,0xFF,0xFF,0xFF,0xFF,0xFF,0xFF,0xFF,0xFF,0xFF,0xFF,
    0xFF,0xFF,0xFF,0xFF,0xFF,0xFF,0xFF,0xFF,0xFF,0xFF,0xFF,0xFF,0xFF,0xFF,0xFF,0xFF,
    0xFF,0xFF,0xFF,0xFF,0xFF,0xFF,0xFF,0xFF,0xFF,0xFF,0xFF,0xFF,0xFF,0xFF,0xFF,0xFF,
    0xFF,0xFF,0xFF,0xFF,0xFF,0xFF,0xFF,0xFF,0xFF,0xFF,0xFF,0xFF,0xFF,0xFF,0xFF,0xFF,
    0xFF,0xFF,0xFF,0xFF,0xFF,0xFF,0xFF,0xFF,0xFF,0xFF,0xFF,0xFF,0xFF,0xFF,0xFF,0xFF,
    0xFF,0xFF,0xFF,
};
const lv_image_dsc_t ui_img_jump_prince_tile_5_2 = {
    .header.w = 25,
    .header.h = 25,
    .data_size = sizeof(ui_img_jump_prince_tile_5_2_data),
    .header.cf = LV_COLOR_FORMAT_NATIVE_WITH_ALPHA,
    .header.magic = LV_IMAGE_HEADER_MAGIC,
    .data = ui_img_jump_prince_tile_5_2_data
};

const LV_ATTRIBUTE_MEM_ALIGN uint8_t ui_img_jump_prince_tile_6_2_data[] = {
    0x2B,0x5E,0x2B,0x5E,0xAE,0x21,0xAE,0x21,0xAE,0x21,0x25,0x08,0x25,0x08,0x25,0x08,
    0x25,0x08,0x25,0x08,0x25,0x08,0x25,0x08,0x25,0x08,0x25,0x08,0x25,0x08,0x25,0x08,
    0x25,0x08,0x25,0x08,0x25,0x08,0x25,0x08,0x25,0x08,0x25,0x08,0x25,0x08,0x25,0x08,
    0x25,0x08,0x2B,0x5E,0x2B,0x5E,0xAE,0x21,0xAE,0x21,0xAE,0x21,0x25,0x08,0x25,0x08,
    0x25,0x08,0x25,0x08,0x25,0x08,0x25,0x08,0x25,0x08,0x25,0x08,0x25,0x08,0x25,0x08,
    0x25,0x08,0x25,0x08,0x25,0x08,0x25,0x08,0x25,0x08,0x25,0x08,0x25,0x08,0x25,0x08,
    0x25,0x08,0x25,0x08,0x2B,0x5E,0x2B,0x5E,0x31,0x34,0x31,0x34,0x31,0x34,0x31,0x34,
    0x31,0x34,0x31,0x34,0x31,0x34,0x25,0x08,0x25,0x08,0x25,0x08,0x25,0x08,0xAE,0x21,
    0xAE,0x21,0xAE,0x21,0xAE,0x21,0xAE,0x21,0xAE,0x21,0x25,0x08,0x25,0x08,0x25,0x08,
    0x25,0x08,0x25,0x08,0x25,0x08,0xAE,0x21,0xAE,0x21,0x2B,0x5E,0x31,0x34,0x31,0x34,
    0x31,0x34,0x31,0x34,0x31,0x34,0x31,0x34,0x25,0x08,0x25,0x08,0xAE,0x21,0xAE,0x21,
    0xAE,0x21,0xAE,0x21,0xAE,0x21,0xAE,0x21,0xAE,0x21,0xAE,0x21,0x25,0x08,0x25,0x08,
    0x25,0x08,0x25,0x08,0x25,0x08,0x25,0x08,0xAE,0x21,0xAE,0x21,0x2B,0x5E,0x31,0x34,
    0x31,0x34,0x31,0x34,0x31,0x34,0x31,0x34,0x31,0x34,0x25,0x08,0x25,0x08,0xAE,0x21,
    0xAE,0x21,0xAE,0x21,0xAE,0x21,0xAE,0x21,0xAE,0x21,0xAE,0x21,0xAE,0x21,0x25,0x08,
    0x25,0x08,0x25,0x08,0x25,0x08,0x25,0x08,0x25,0x08,0xAE,0x21,0xAE,0x21,0x31,0x34,
    0x31,0x34,0x31,0x34,0x31,0x34,0x31,0x34,0x31,0x34,0xAE,0x21,0x25,0x08,0x25,0x08,
    0xAE,0x21,0xAE,0x21,0xAE,0x21,0xAE,0x21,0xAE,0x21,0xAE,0x21,0xAE,0x21,0xAE,0x21,
    0x25,0x08,0x25,0x08,0x25,0x08,0x25,0x08,0x25,0x08,0x25,0x08,0x25,0x08,0x25,0x08,
    0xAE,0x21,0xAE,0x21,0xAE,0x21,0x25,0x08,0x25,0x08,0x25,0x08,0x25,0x08,0x25,0x08,
    0x25,0x08,0x25,0x08,0x25,0x08,0x25,0x08,0x25,0x08,0x25,0x08,0x25,0x08,0x25,0x08,
    0x25,0x08,0x25,0x08,0x25,0x08,0x25,0x08,0x25,0x08,0x25,0x08,0x25,0x08,0x25,0x08,
    0x25,0x08,0xAE,0x21,0xAE,0x21,0xAE,0x21,0x25,0x08,0x25,0x08,0x25,0x08,0x25,0x08,
    0x25,0x08,0x25,0x08,0x25,0x08,0x25,0x08,0x25,0x08,0x25,0x08,0x25,0x08,0x25,0x08,
    0x25,0x08,0x25,0x08,0x25,0x08,0x25,0x08,0x25,0x08,0x25,0x08,0x25,0x08,0x25,0x08,
    0x2B,0x5E,0x2B,0x5E,0x2B,0x5E,0x31,0x34,0x31,0x34,0x31,0x34,0x25,0x08,0x25,0x08,
    0xAE,0x21,0xAE,0x21,0xAE,0x21,0xAE,0x21,0xAE,0x21,0x25,0x08,0x25,0x08,0x25,0x08,
    0xAE,0x21,0xAE,0x21,0xAE,0x21,0x25,0x08,0x25,0x08,0x25,0x08,0x25,0x08,0x25,0x08,
    0x25,0x08,0x2B,0x5E,0x2B,0x5E,0x2B,0x5E,0x31,0x34,0x31,0x34,0x31,0x34,0x25,0x08,
    0x25,0x08,0xAE,0x21,0xAE,0x21,0xAE,0x21,0xAE,0x21,0xAE,0x21,0x25,0x08,0xAE,0x21,
    0xAE,0x21,0xAE,0x21,0xAE,0x21,0xAE,0x21,0x25,0x08,0x25,0x08,0x25,0x08,0x25,0x08,
    0x25,0x08,0x25,0x08,0x2B,0x5E,0x2B,0x5E,0x2B,0x5E,0x31,0x34,0x31,0x34,0x31,0x34,
    0x25,0x08,0x25,0x08,0xAE,0x21,0xAE,0x21,0xAE,0x21,0xAE,0x21,0xAE,0x21,0x25,0x08,
    0xAE,0x21,0xAE,0x21,0xAE,0x21,0xAE,0x21,0xAE,0x21,0x25,0x08,0x25,0x08,0x25,0x08,
    0x25,0x08,0x25,0x08,0x25,0x08,0x2B,0x5E,0x2B,0x5E,0x31,0x34,0x31,0x34,0x31,0x34,
    0xAE,0x21,0x25,0x08,0x25,0x08,0xAE,0x21,0xAE,0x21,0xAE,0x21,0xAE,0x21,0xAE,0x21,
    0x25,0x08,0x25,0x08,0x25,0x08,0x25,0x08,0x25,0x08,0x25,0x08,0x25,0x08,0x25,0x08,
    0x25,0x08,0x25,0x08,0x25,0x08,0x25,0x08,0x2B,0x5E,0x2B,0x5E,0x31,0x34,0x31,0x34,
    0x31,0x34,0xAE,0x21,0x25,0x08,0x25,0x08,0xAE,0x21,0xAE,0x21,0xAE,0x21,0xAE,0x21,
    0xAE,0x21,0x25,0x08,0x25,0x08,0x25,0x08,0x25,0x08,0x25,0x08,0x25,0x08,0x25,0x08,
    0x25,0x08,0x25,0x08,0x25,0x08,0x25,0x08,0x25,0x08,0xAE,0x21,0xAE,0x21,0xAE,0x21,
    0xAE,0x21,0xAE,0x21,0x25,0x08,0x25,0x08,0x25,0x08,0x25,0x08,0x25,0x08,0x25,0x08,
    0x25,0x08,0x25,0x08,0x25,0x08,0x25,0x08,0x25,0x08,0x25,0x08,0x25,0x08,0x25,0x08,
    0x25,0x08,0x25,0x08,0x25,0x08,0x25,0x08,0x25,0x08,0x25,0x08,0x31,0x34,0x31,0x34,
    0x31,0x34,0x31,0x34,0x31,0x34,0x31,0x34,0x31,0x34,0x31,0x34,0xAE,0x21,0xAE,0x21,
    0xAE,0x21,0xAE,0x21,0xAE,0x21,0xAE,0x21,0xAE,0x21,0xAE,0x21,0x25,0x08,0x25,0x08,
    0x25,0x08,0x25,0x08,0x25,0x08,0x25,0x08,0x25,0x08,0x25,0x08,0x25,0x08,0x31,0x34,
    0x31,0x34,0x31,0x34,0x31,0x34,0x31,0x34,0x31,0x34,0x31,0x34,0x31,0x34,0xAE,0x21,
    0xAE,0x21,0xAE,0x21,0xAE,0x21,0xAE,0x21,0xAE,0x21,0xAE,0x21,0xAE,0x21,0x25,0x08,
    0x25,0x08,0x25,0x08,0x25,0x08,0x25,0x08,0x25,0x08,0x25,0x08,0x25,0x08,0x25,0x08,
    0x31,0x34,0x31,0x34,0x31,0x34,0x31,0x34,0x31,0x34,0x31,0x34,0x31,0x34,0x31,0x34,
    0xAE,0x21,0xAE,0x21,0xAE,0x21,0xAE,0x21,0xAE,0x21,0xAE,0x21,0xAE,0x21,0xAE,0x21,
    0x25,0x08,0x25,0x08,0x25,0x08,0x25,0x08,0x25,0x08,0x25,0x08,0x25,0x08,0x25,0x08,
    0x25,0x08,0xAE,0x21,0xAE,0x21,0x31,0x34,0x31,0x34,0x31,0x34,0x31,0x34,0xAE,0x21,
    0xAE,0x21,0xAE,0x21,0xAE,0x21,0xAE,0x21,0xAE,0x21,0xAE,0x21,0xAE,0x21,0x25,0x08,
    0x25,0x08,0x25,0x08,0x25,0x08,0x25,0x08,0x25,0x08,0x25,0x08,0x25,0x08,0x25,0x08,
    0x25,0x08,0x25,0x08,0xAE,0x21,0xAE,0x21,0x31,0x34,0x31,0x34,0x31,0x34,0x31,0x34,
    0xAE,0x21,0xAE,0x21,0xAE,0x21,0xAE,0x21,0xAE,0x21,0xAE,0x21,0xAE,0x21,0xAE,0x21,
    0x25,0x08,0x25,0x08,0x25,0x08,0x25,0x08,0x25,0x08,0x25,0x08,0x25,0x08,0x25,0x08,
    0x25,0x08,0x25,0x08,0x25,0x08,0x25,0x08,0x25,0x08,0x25,0x08,0x25,0x08,0x25,0x08,
    0x25,0x08,0x25,0x08,0x25,0x08,0x25,0x08,0x25,0x08,0x25,0x08,0x25,0x08,0x25,0x08,
    0x25,0x08,0x25,0x08,0x25,0x08,0x25,0x08,0x25,0x08,0x25,0x08,0x25,0x08,0x25,0x08,
    0x25,0x08,0x25,0x08,0x25,0x08,0x25,0x08,0xAE,0x21,0xAE,0x21,0xAE,0x21,0x25,0x08,
    0x25,0x08,0xAE,0x21,0xAE,0x21,0xAE,0x21,0xAE,0x21,0x25,0x08,0x25,0x08,0x25,0x08,
    0x25,0x08,0x25,0x08,0x25,0x08,0x25,0x08,0x25,0x08,0x25,0x08,0x25,0x08,0x25,0x08,
    0x25,0x08,0x25,0x08,0x25,0x08,0x25,0x08,0x25,0x08,0xAE,0x21,0xAE,0x21,0xAE,0x21,
    0x25,0x08,0x25,0x08,0xAE,0x21,0xAE,0x21,0xAE,0x21,0xAE,0x21,0x25,0x08,0x25,0x08,
    0x25,0x08,0x25,0x08,0x25,0x08,0x25,0x08,0x25,0x08,0x25,0x08,0x25,0x08,0x25,0x08,
    0x25,0x08,0x25,0x08,0x25,0x08,0x25,0x08,0x25,0x08,0x25,0x08,0xAE,0x21,0xAE,0x21,
    0xAE,0x21,0x25,0x08,0x25,0x08,0xAE,0x21,0xAE,0x21,0xAE,0x21,0xAE,0x21,0x25,0x08,
    0x25,0x08,0x25,0x08,0x25,0x08,0x25,0x08,0x25,0x08,0x25,0x08,0x25,0x08,0x25,0x08,
    0x25,0x08,0x25,0x08,0x25,0x08,0x25,0x08,0x25,0x08,0x25,0x08,0x25,0x08,0xAE,0x21,
    0xAE,0x21,0x25,0x08,0x25,0x08,0x25,0x08,0x25,0x08,0x25,0x08,0x25,0x08,0x25,0x08,
    0x25,0x08,0x25,0x08,0x25,0x08,0x25,0x08,0x25,0x08,0x25,0x08,0x25,0x08,0x25,0x08,
    0x25,0x08,0x25,0x08,0x25,0x08,0x25,0x08,0x25,0x08,0x25,0x08,0x25,0x08,0x25,0x08,
    0xAE,0x21,0xAE,0x21,0x25,0x08,0x25,0x08,0x25,0x08,0x25,0x08,0x25,0x08,0x25,0x08,
    0x25,0x08,0x25,0x08,0x25,0x08,0x25,0x08,0x25,0x08,0x25,0x08,0x25,0x08,0x25,0x08,
    0x25,0x08,0x25,0x08,0x25,0x08,0x25,0x08,0x25,0x08,0x25,0x08,0x25,0x08,0x25,0x08,
    0x25,0x08,0xFF,0xFF,0xFF,0xFF,0xFF,0xFF,0xFF,0xFF,0xFF,0xFF,0xFF,0xFF,0xFF,0xFF,
    0xFF,0xFF,0xFF,0xFF,0xFF,0xFF,0xFF,0xFF,0xFF,0xFF,0xFF,0xFF,0xFF,0xFF,0xFF,0xFF,
    0xFF,0xFF,0xFF,0xFF,0xFF,0xFF,0xFF,0xFF,0xFF,0xFF,0xFF,0xFF,0xFF,0xFF,0xFF,0xFF,
    0xFF,0xFF,0xFF,0xFF,0xFF,0xFF,0xFF,0xFF,0xFF,0xFF,0xFF,0xFF,0xFF,0xFF,0xFF,0xFF,
    0xFF,0xFF,0xFF,0xFF,0xFF,0xFF,0xFF,0xFF,0xFF,0xFF,0xFF,0xFF,0xFF,0xFF,0xFF,0xFF,
    0xFF,0xFF,0xFF,0xFF,0xFF,0xFF,0xFF,0xFF,0xFF,0xFF,0xFF,0xFF,0xFF,0xFF,0xFF,0xFF,
    0xFF,0xFF,0xFF,0xFF,0xFF,0xFF,0xFF,0xFF,0xFF,0xFF,0xFF,0xFF,0xFF,0xFF,0xFF,0xFF,
    0xFF,0xFF,0xFF,0xFF,0xFF,0xFF,0xFF,0xFF,0xFF,0xFF,0xFF,0xFF,0xFF,0xFF,0xFF,0xFF,
    0xFF,0xFF,0xFF,0xFF,0xFF,0xFF,0xFF,0xFF,0xFF,0xFF,0xFF,0xFF,0xFF,0xFF,0xFF,0xFF,
    0xFF,0xFF,0xFF,0xFF,0xFF,0xFF,0xFF,0xFF,0xFF,0xFF,0xFF,0xFF,0xFF,0xFF,0xFF,0xFF,
    0xFF,0xFF,0xFF,0xFF,0xFF,0xFF,0xFF,0xFF,0xFF,0xFF,0xFF,0xFF,0xFF,0xFF,0xFF,0xFF,
    0xFF,0xFF,0xFF,0xFF,0xFF,0xFF,0xFF,0xFF,0xFF,0xFF,0xFF,0xFF,0xFF,0xFF,0xFF,0xFF,
    0xFF,0xFF,0xFF,0xFF,0xFF,0xFF,0xFF,0xFF,0xFF,0xFF,0xFF,0xFF,0xFF,0xFF,0xFF,0xFF,
    0xFF,0xFF,0xFF,0xFF,0xFF,0xFF,0xFF,0xFF,0xFF,0xFF,0xFF,0xFF,0xFF,0xFF,0xFF,0xFF,
    0xFF,0xFF,0xFF,0xFF,0xFF,0xFF,0xFF,0xFF,0xFF,0xFF,0xFF,0xFF,0xFF,0xFF,0xFF,0xFF,
    0xFF,0xFF,0xFF,0xFF,0xFF,0xFF,0xFF,0xFF,0xFF,0xFF,0xFF,0xFF,0xFF,0xFF,0xFF,0xFF,
    0xFF,0xFF,0xFF,0xFF,0xFF,0xFF,0xFF,0xFF,0xFF,0xFF,0xFF,0xFF,0xFF,0xFF,0xFF,0xFF,
    0xFF,0xFF,0xFF,0xFF,0xFF,0xFF,0xFF,0xFF,0xFF,0xFF,0xFF,0xFF,0xFF,0xFF,0xFF,0xFF,
    0xFF,0xFF,0xFF,0xFF,0xFF,0xFF,0xFF,0xFF,0xFF,0xFF,0xFF,0xFF,0xFF,0xFF,0xFF,0xFF,
    0xFF,0xFF,0xFF,0xFF,0xFF,0xFF,0xFF,0xFF,0xFF,0xFF,0xFF,0xFF,0xFF,0xFF,0xFF,0xFF,
    0xFF,0xFF,0xFF,0xFF,0xFF,0xFF,0xFF,0xFF,0xFF,0xFF,0xFF,0xFF,0xFF,0xFF,0xFF,0xFF,
    0xFF,0xFF,0xFF,0xFF,0xFF,0xFF,0xFF,0xFF,0xFF,0xFF,0xFF,0xFF,0xFF,0xFF,0xFF,0xFF,
    0xFF,0xFF,0xFF,0xFF,0xFF,0xFF,0xFF,0xFF,0xFF,0xFF,0xFF,0xFF,0xFF,0xFF,0xFF,0xFF,
    0xFF,0xFF,0xFF,0xFF,0xFF,0xFF,0xFF,0xFF,0xFF,0xFF,0xFF,0xFF,0xFF,0xFF,0xFF,0xFF,
    0xFF,0xFF,0xFF,0xFF,0xFF,0xFF,0xFF,0xFF,0xFF,0xFF,0xFF,0xFF,0xFF,0xFF,0xFF,0xFF,
    0xFF,0xFF,0xFF,0xFF,0xFF,0xFF,0xFF,0xFF,0xFF,0xFF,0xFF,0xFF,0xFF,0xFF,0xFF,0xFF,
    0xFF,0xFF,0xFF,0xFF,0xFF,0xFF,0xFF,0xFF,0xFF,0xFF,0xFF,0xFF,0xFF,0xFF,0xFF,0xFF,
    0xFF,0xFF,0xFF,0xFF,0xFF,0xFF,0xFF,0xFF,0xFF,0xFF,0xFF,0xFF,0xFF,0xFF,0xFF,0xFF,
    0xFF,0xFF,0xFF,0xFF,0xFF,0xFF,0xFF,0xFF,0xFF,0xFF,0xFF,0xFF,0xFF,0xFF,0xFF,0xFF,
    0xFF,0xFF,0xFF,0xFF,0xFF,0xFF,0xFF,0xFF,0xFF,0xFF,0xFF,0xFF,0xFF,0xFF,0xFF,0xFF,
    0xFF,0xFF,0xFF,0xFF,0xFF,0xFF,0xFF,0xFF,0xFF,0xFF,0xFF,0xFF,0xFF,0xFF,0xFF,0xFF,
    0xFF,0xFF,0xFF,0xFF,0xFF,0xFF,0xFF,0xFF,0xFF,0xFF,0xFF,0xFF,0xFF,0xFF,0xFF,0xFF,
    0xFF,0xFF,0xFF,0xFF,0xFF,0xFF,0xFF,0xFF,0xFF,0xFF,0xFF,0xFF,0xFF,0xFF,0xFF,0xFF,
    0xFF,0xFF,0xFF,0xFF,0xFF,0xFF,0xFF,0xFF,0xFF,0xFF,0xFF,0xFF,0xFF,0xFF,0xFF,0xFF,
    0xFF,0xFF,0xFF,0xFF,0xFF,0xFF,0xFF,0xFF,0xFF,0xFF,0xFF,0xFF,0xFF,0xFF,0xFF,0xFF,
    0xFF,0xFF,0xFF,0xFF,0xFF,0xFF,0xFF,0xFF,0xFF,0xFF,0xFF,0xFF,0xFF,0xFF,0xFF,0xFF,
    0xFF,0xFF,0xFF,0xFF,0xFF,0xFF,0xFF,0xFF,0xFF,0xFF,0xFF,0xFF,0xFF,0xFF,0xFF,0xFF,
    0xFF,0xFF,0xFF,0xFF,0xFF,0xFF,0xFF,0xFF,0xFF,0xFF,0xFF,0xFF,0xFF,0xFF,0xFF,0xFF,
    0xFF,0xFF,0xFF,0xFF,0xFF,0xFF,0xFF,0xFF,0xFF,0xFF,0xFF,0xFF,0xFF,0xFF,0xFF,0xFF,
    0xFF,0xFF,0xFF,
};
const lv_image_dsc_t ui_img_jump_prince_tile_6_2 = {
    .header.w = 25,
    .header.h = 25,
    .data_size = sizeof(ui_img_jump_prince_tile_6_2_data),
    .header.cf = LV_COLOR_FORMAT_NATIVE_WITH_ALPHA,
    .header.magic = LV_IMAGE_HEADER_MAGIC,
    .data = ui_img_jump_prince_tile_6_2_data
};

const LV_ATTRIBUTE_MEM_ALIGN uint8_t ui_img_jump_prince_tile_0_3_data[] = {
    0x31,0x34,0x31,0x34,0x2B,0x5E,0x2B,0x5E,0x2B,0x5E,0x2B,0x5E,0x2B,0x5E,0x2B,0x5E,
    0x2B,0x5E,0x2B,0x5E,0x2B,0x5E,0x2B,0x5E,0x2B,0x5E,0x2B,0x5E,0x2B,0x5E,0x2B,0x5E,
    0x2B,0x5E,0x2B,0x5E,0x2B,0x5E,0x2B,0x5E,0x2B,0x5E,0x2B,0x5E,0x2B,0x5E,0x31,0x34,
    0x31,0x34,0x31,0x34,0x31,0x34,0x2B,0x5E,0x2B,0x5E,0x2B,0x5E,0x2B,0x5E,0x2B,0x5E,
    0x2B,0x5E,0x2B,0x5E,0x2B,0x5E,0x2B,0x5E,0x2B,0x5E,0x2B,0x5E,0x2B,0x5E,0x2B,0x5E,
    0x2B,0x5E,0x2B,0x5E,0x2B,0x5E,0x2B,0x5E,0x2B,0x5E,0x2B,0x5E,0x2B,0x5E,0x2B,0x5E,
    0x31,0x34,0x31,0x34,0x31,0x34,0x31,0x34,0x31,0x34,0x31,0x34,0x31,0x34,0x31,0x34,
    0x31,0x34,0x31,0x34,0x31,0x34,0x31,0x34,0x31,0x34,0x2B,0x5E,0x2B,0x5E,0x2B,0x5E,
    0x31,0x34,0x31,0x34,0x31,0x34,0x31,0x34,0x31,0x34,0x31,0x34,0x31,0x34,0x31,0x34,
    0x31,0x34,0x2B,0x5E,0x2B,0x5E,0x31,0x34,0x31,0x34,0x31,0x34,0x31,0x34,0x31,0x34,
    0x31,0x34,0x31,0x34,0x31,0x34,0x31,0x34,0x31,0x34,0x31,0x34,0x31,0x34,0x31,0x34,
    0x31,0x34,0x31,0x34,0x31,0x34,0x31,0x34,0x31,0x34,0x31,0x34,0x31,0x34,0x31,0x34,
    0x31,0x34,0x31,0x34,0x31,0x34,0x31,0x34,0x31,0x34,0x31,0x34,0x31,0x34,0x31,0x34,
    0x31,0x34,0x31,0x34,0x31,0x34,0x31,0x34,0x31,0x34,0x31,0x34,0x31,0x34,0x31,0x34,
    0x31,0x34,0x31,0x34,0x31,0x34,0x31,0x34,0x31,0x34,0x31,0x34,0x31,0x34,0x31,0x34,
    0x31,0x34,0x31,0x34,0x31,0x34,0x31,0x34,0x31,0x34,0x2B,0x5E,0x2B,0x5E,0x31,0x34,
    0x31,0x34,0x31,0x34,0x31,0x34,0x31,0x34,0x31,0x34,0x31,0x34,0x2B,0x5E,0x2B,0x5E,
    0x31,0x34,0x31,0x34,0x31,0x34,0x31,0x34,0x31,0x34,0x31,0x34,0x31,0x34,0x31,0x34,
    0x31,0x34,0x31,0x34,0x31,0x34,0x2B,0x5E,0x31,0x34,0x31,0x34,0x25,0x08,0x25,0x08,
    0x25,0x08,0x25,0x08,0x25,0x08,0x25,0x08,0x25,0x08,0x25,0x08,0x25,0x08,0x25,0x08,
    0x25,0x08,0x25,0x08,0x25,0x08,0x25,0x08,0x25,0x08,0x25,0x08,0x25,0x08,0x25,0x08,
    0x25,0x08,0x25,0x08,0x25,0x08,0x25,0x08,0x25,0x08,0x25,0x08,0x25,0x08,0x25,0x08,
    0x25,0x08,0x25,0x08,0x25,0x08,0x25,0x08,0x25,0x08,0x25,0x08,0x25,0x08,0x25,0x08,
    0x25,0x08,0x25,0x08,0x25,0x08,0x25,0x08,0x25,0x08,0x25,0x08,0x25,0x08,0x25,0x08,
    0x25,0x08,0x25,0x08,0x25,0x08,0x25,0x08,0x25,0x08,0x25,0x08,0x25,0x08,0x25,0x08,
    0x31,0x34,0x31,0x34,0x31,0x34,0x2B,0x5E,0x2B,0x5E,0x31,0x34,0xAE,0x21,0xAE,0x21,
    0x31,0x34,0x2B,0x5E,0x2B,0x5E,0x2B,0x5E,0x2B,0x5E,0x2B,0x5E,0x2B,0x5E,0x2B,0x5E,
    0x31,0x34,0xAE,0x21,0xAE,0x21,0xAE,0x21,0x31,0x34,0x31,0x34,0x2B,0x5E,0x2B,0x5E,
    0x2B,0x5E,0x31,0x34,0x31,0x34,0x31,0x34,0x2B,0x5E,0x2B,0x5E,0x2B,0x5E,0xAE,0x21,
    0xAE,0x21,0x2B,0x5E,0x2B,0x5E,0x2B,0x5E,0x2B,0x5E,0x2B,0x5E,0x2B,0x5E,0x2B,0x5E,
    0x2B,0x5E,0x2B,0x5E,0x2B,0x5E,0x2B,0x5E,0xAE,0x21,0x2B,0x5E,0x2B,0x5E,0x2B,0x5E,
    0x2B,0x5E,0x2B,0x5E,0x31,0x34,0x31,0x34,0x31,0x34,0x2B,0x5E,0x2B,0x5E,0x2B,0x5E,
    0xAE,0x21,0xAE,0x21,0x2B,0x5E,0x2B,0x5E,0x2B,0x5E,0x2B,0x5E,0x2B,0x5E,0x2B,0x5E,
    0x2B,0x5E,0x2B,0x5E,0x2B,0x5E,0x2B,0x5E,0x2B,0x5E,0xAE,0x21,0x2B,0x5E,0x2B,0x5E,
    0x2B,0x5E,0x2B,0x5E,0x2B,0x5E,0x31,0x34,0x31,0x34,0x2B,0x5E,0x2B,0x5E,0x2B,0x5E,
    0x2B,0x5E,0xAE,0x21,0xAE,0x21,0x2B,0x5E,0x2B,0x5E,0x2B,0x5E,0x2B,0x5E,0x2B,0x5E,
    0x2B,0x5E,0x2B,0x5E,0x2B,0x5E,0x2B,0x5E,0x2B,0x5E,0x2B,0x5E,0xAE,0x21,0x2B,0x5E,
    0x2B,0x5E,0x2B,0x5E,0x2B,0x5E,0x2B,0x5E,0x31,0x34,0x31,0x34,0x2B,0x5E,0x2B,0x5E,
    0x2B,0x5E,0x2B,0x5E,0xAE,0x21,0xAE,0x21,0x2B,0x5E,0x2B,0x5E,0x2B,0x5E,0x2B,0x5E,
    0x2B,0x5E,0x2B,0x5E,0x2B,0x5E,0x2B,0x5E,0x2B,0x5E,0x2B,0x5E,0x2B,0x5E,0xAE,0x21,
    0x2B,0x5E,0x2B,0x5E,0x2B,0x5E,0x2B,0x5E,0x2B,0x5E,0x25,0x08,0x25,0x08,0x25,0x08,
    0xAE,0x21,0xAE,0x21,0xAE,0x21,0xAE,0x21,0xAE,0x21,0xAE,0x21,0xAE,0x21,0xAE,0x21,
    0xAE,0x21,0xAE,0x21,0xAE,0x21,0xAE,0x21,0xAE,0x21,0xAE,0x21,0xAE,0x21,0xAE,0x21,
    0xAE,0x21,0xAE,0x21,0xAE,0x21,0xAE,0x21,0xAE,0x21,0xAE,0x21,0xAE,0x21,0xAE,0x21,
    0x31,0x34,0x31,0x34,0x31,0x34,0x31,0x34,0x31,0x34,0x31,0x34,0x31,0x34,0x31,0x34,
    0x31,0x34,0x31,0x34,0x31,0x34,0xAE,0x21,0x31,0x34,0x31,0x34,0x31,0x34,0x31,0x34,
    0x31,0x34,0x31,0x34,0x31,0x34,0x31,0x34,0x31,0x34,0xAE,0x21,0xAE,0x21,0xAE,0x21,
    0xAE,0x21,0x31,0x34,0x31,0x34,0x31,0x34,0x31,0x34,0x31,0x34,0x31,0x34,0x31,0x34,
    0x31,0x34,0x31,0x34,0x31,0x34,0x31,0x34,0xAE,0x21,0x31,0x34,0x31,0x34,0x31,0x34,
    0x31,0x34,0x31,0x34,0x31,0x34,0x31,0x34,0x31,0x34,0x31,0x34,0xAE,0x21,0xAE,0x21,
    0xAE,0x21,0xAE,0x21,0x2B,0x5E,0x31,0x34,0x31,0x34,0x31,0x34,0x31,0x34,0x31,0x34,
    0x31,0x34,0x31,0x34,0x31,0x34,0x31,0x34,0x31,0x34,0xAE,0x21,0x31,0x34,0x31,0x34,
    0x31,0x34,0x31,0x34,0x31,0x34,0x31,0x34,0x31,0x34,0x31,0x34,0x31,0x34,0xAE,0x21,
    0xAE,0x21,0xAE,0x21,0xAE,0x21,0x31,0x34,0x31,0x34,0x31,0x34,0x31,0x34,0x31,0x34,
    0x31,0x34,0x31,0x34,0x31,0x34,0x31,0x34,0xAE,0x21,0xAE,0x21,0xAE,0x21,0x31,0x34,
    0x31,0x34,0x31,0x34,0x31,0x34,0x31,0x34,0x31,0x34,0x31,0x34,0x31,0x34,0xAE,0x21,
    0xAE,0x21,0xAE,0x21,0xAE,0x21,0xAE,0x21,0x31,0x34,0x31,0x34,0x31,0x34,0x31,0x34,
    0x31,0x34,0x31,0x34,0x31,0x34,0x31,0x34,0x31,0x34,0xAE,0x21,0xAE,0x21,0xAE,0x21,
    0x31,0x34,0x31,0x34,0x31,0x34,0x31,0x34,0x31,0x34,0x31,0x34,0x31,0x34,0x31,0x34,
    0xAE,0x21,0xAE,0x21,0xAE,0x21,0x25,0x08,0x25,0x08,0x25,0x08,0x25,0x08,0x25,0x08,
    0x25,0x08,0x25,0x08,0x25,0x08,0x25,0x08,0x25,0x08,0x25,0x08,0x25,0x08,0x25,0x08,
    0x25,0x08,0x25,0x08,0x25,0x08,0x25,0x08,0x25,0x08,0x25,0x08,0x25,0x08,0x25,0x08,
    0x25,0x08,0x25,0x08,0x25,0x08,0x25,0x08,0x25,0x08,0x25,0x08,0xAE,0x21,0xAE,0x21,
    0xAE,0x21,0x25,0x08,0xAE,0x21,0xAE,0x21,0xAE,0x21,0xAE,0x21,0xAE,0x21,0x25,0x08,
    0x25,0x08,0xAE,0x21,0xAE,0x21,0xAE,0x21,0x25,0x08,0xAE,0x21,0xAE,0x21,0xAE,0x21,
    0xAE,0x21,0xAE,0x21,0xAE,0x21,0x25,0x08,0x25,0x08,0x25,0x08,0x25,0x08,0xAE,0x21,
    0xAE,0x21,0xAE,0x21,0x25,0x08,0xAE,0x21,0xAE,0x21,0xAE,0x21,0xAE,0x21,0xAE,0x21,
    0x25,0x08,0x25,0x08,0xAE,0x21,0xAE,0x21,0xAE,0x21,0x25,0x08,0xAE,0x21,0xAE,0x21,
    0xAE,0x21,0xAE,0x21,0xAE,0x21,0xAE,0x21,0x25,0x08,0x25,0x08,0x25,0x08,0x25,0x08,
    0x31,0x34,0x31,0x34,0x31,0x34,0xAE,0x21,0x31,0x34,0x31,0x34,0x2B,0x5E,0x31,0x34,
    0x31,0x34,0xAE,0x21,0xAE,0x21,0x2B,0x5E,0x31,0x34,0x31,0x34,0xAE,0x21,0x31,0x34,
    0x31,0x34,0x2B,0x5E,0x31,0x34,0x31,0x34,0x31,0x34,0xAE,0x21,0xAE,0x21,0x25,0x08,
    0x25,0x08,0x2B,0x5E,0x31,0x34,0x31,0x34,0xAE,0x21,0x31,0x34,0x31,0x34,0x2B,0x5E,
    0x31,0x34,0x31,0x34,0xAE,0x21,0xAE,0x21,0x2B,0x5E,0x2B,0x5E,0x2B,0x5E,0xAE,0x21,
    0x31,0x34,0x31,0x34,0x2B,0x5E,0x2B,0x5E,0x2B,0x5E,0x31,0x34,0xAE,0x21,0xAE,0x21,
    0x25,0x08,0x25,0x08,0x2B,0x5E,0x31,0x34,0x31,0x34,0xAE,0x21,0x31,0x34,0x31,0x34,
    0x2B,0x5E,0x31,0x34,0x31,0x34,0xAE,0x21,0xAE,0x21,0x2B,0x5E,0x2B,0x5E,0x2B,0x5E,
    0xAE,0x21,0x31,0x34,0x31,0x34,0x2B,0x5E,0x2B,0x5E,0x2B,0x5E,0x31,0x34,0xAE,0x21,
    0xAE,0x21,0xFF,0xFF,0xFF,0xFF,0xFF,0xFF,0xFF,0xFF,0xFF,0xFF,0xFF,0xFF,0xFF,0xFF,
    0xFF,0xFF,0xFF,0xFF,0xFF,0xFF,0xFF,0xFF,0xFF,0xFF,0xFF,0xFF,0xFF,0xFF,0xFF,0xFF,
    0xFF,0xFF,0xFF,0xFF,0xFF,0xFF,0xFF,0xFF,0xFF,0xFF,0xFF,0xFF,0xFF,0xFF,0xFF,0xFF,
    0xFF,0xFF,0xFF,0xFF,0xFF,0xFF,0xFF,0xFF,0xFF,0xFF,0xFF,0xFF,0xFF,0xFF,0xFF,0xFF,
    0xFF,0xFF,0xFF,0xFF,0xFF,0xFF,0xFF,0xFF,0xFF,0xFF,0xFF,0xFF,0xFF,0xFF,0xFF,0xFF,
    0xFF,0xFF,0xFF,0xFF,0xFF,0xFF,0xFF,0xFF,0xFF,0xFF,0xFF,0xFF,0xFF,0xFF,0xFF,0xFF,
    0xFF,0xFF,0xFF,0xFF,0xFF,0xFF,0xFF,0xFF,0xFF,0xFF,0xFF,0xFF,0xFF,0xFF,0xFF,0xFF,
    0xFF,0xFF,0xFF,0xFF,0xFF,0xFF,0xFF,0xFF,0xFF,0xFF,0xFF,0xFF,0xFF,0xFF,0xFF,0xFF,
    0xFF,0xFF,0xFF,0xFF,0xFF,0xFF,0xFF,0xFF,0xFF,0xFF,0xFF,0xFF,0xFF,0xFF,0xFF,0xFF,
    0xFF,0xFF,0xFF,0xFF,0xFF,0xFF,0xFF,0xFF,0xFF,0xFF,0xFF,0xFF,0xFF,0xFF,0xFF,0xFF,
    0xFF,0xFF,0xFF,0xFF,0xFF,0xFF,0xFF,0xFF,0xFF,0xFF,0xFF,0xFF,0xFF,0xFF,0xFF,0xFF,
    0xFF,0xFF,0xFF,0xFF,0xFF,0xFF,0xFF,0xFF,0xFF,0xFF,0xFF,0xFF,0xFF,0xFF,0xFF,0xFF,
    0xFF,0xFF,0xFF,0xFF,0xFF,0xFF,0xFF,0xFF,0xFF,0xFF,0xFF,0xFF,0xFF,0xFF,0xFF,0xFF,
    0xFF,0xFF,0xFF,0xFF,0xFF,0xFF,0xFF,0xFF,0xFF,0xFF,0xFF,0xFF,0xFF,0xFF,0xFF,0xFF,
    0xFF,0xFF,0xFF,0xFF,0xFF,0xFF,0xFF,0xFF,0xFF,0xFF,0xFF,0xFF,0xFF,0xFF,0xFF,0xFF,
    0xFF,0xFF,0xFF,0xFF,0xFF,0xFF,0xFF,0xFF,0xFF,0xFF,0xFF,0xFF,0xFF,0xFF,0xFF,0xFF,
    0xFF,0xFF,0xFF,0xFF,0xFF,0xFF,0xFF,0xFF,0xFF,0xFF,0xFF,0xFF,0xFF,0xFF,0xFF,0xFF,
    0xFF,0xFF,0xFF,0xFF,0xFF,0xFF,0xFF,0xFF,0xFF,0xFF,0xFF,0xFF,0xFF,0xFF,0xFF,0xFF,
    0xFF,0xFF,0xFF,0xFF,0xFF,0xFF,0xFF,0xFF,0xFF,0xFF,0xFF,0xFF,0xFF,0xFF,0xFF,0xFF,
    0xFF,0xFF,0xFF,0xFF,0xFF,0xFF,0xFF,0xFF,0xFF,0xFF,0xFF,0xFF,0xFF,0xFF,0xFF,0xFF,
    0xFF,0xFF,0xFF,0xFF,0xFF,0xFF,0xFF,0xFF,0xFF,0xFF,0xFF,0xFF,0xFF,0xFF,0xFF,0xFF,
    0xFF,0xFF,0xFF,0xFF,0xFF,0xFF,0xFF,0xFF,0xFF,0xFF,0xFF,0xFF,0xFF,0xFF,0xFF,0xFF,
    0xFF,0xFF,0xFF,0xFF,0xFF,0xFF,0xFF,0xFF,0xFF,0xFF,0xFF,0xFF,0xFF,0xFF,0xFF,0xFF,
    0xFF,0xFF,0xFF,0xFF,0xFF,0xFF,0xFF,0xFF,0xFF,0xFF,0xFF,0xFF,0xFF,0xFF,0xFF,0xFF,
    0xFF,0xFF,0xFF,0xFF,0xFF,0xFF,0xFF,0xFF,0xFF,0xFF,0xFF,0xFF,0xFF,0xFF,0xFF,0xFF,
    0xFF,0xFF,0xFF,0xFF,0xFF,0xFF,0xFF,0xFF,0xFF,0xFF,0xFF,0xFF,0xFF,0xFF,0xFF,0xFF,
    0xFF,0xFF,0xFF,0xFF,0xFF,0xFF,0xFF,0xFF,0xFF,0xFF,0xFF,0xFF,0xFF,0xFF,0xFF,0xFF,
    0xFF,0xFF,0xFF,0xFF,0xFF,0xFF,0xFF,0xFF,0xFF,0xFF,0xFF,0xFF,0xFF,0xFF,0xFF,0xFF,
    0xFF,0xFF,0xFF,0xFF,0xFF,0xFF,0xFF,0xFF,0xFF,0xFF,0xFF,0xFF,0xFF,0xFF,0xFF,0xFF,
    0xFF,0xFF,0xFF,0xFF,0xFF,0xFF,0xFF,0xFF,0xFF,0xFF,0xFF,0xFF,0xFF,0xFF,0xFF,0xFF,
    0xFF,0xFF,0xFF,0xFF,0xFF,0xFF,0xFF,0xFF,0xFF,0xFF,0xFF,0xFF,0xFF,0xFF,0xFF,0xFF,
    0xFF,0xFF,0xFF,0xFF,0xFF,0xFF,0xFF,0xFF,0xFF,0xFF,0xFF,0xFF,0xFF,0xFF,0xFF,0xFF,
    0xFF,0xFF,0xFF,0xFF,0xFF,0xFF,0xFF,0xFF,0xFF,0xFF,0xFF,0xFF,0xFF,0xFF,0xFF,0xFF,
    0xFF,0xFF,0xFF,0xFF,0xFF,0xFF,0xFF,0xFF,0xFF,0xFF,0xFF,0xFF,0xFF,0xFF,0xFF,0xFF,
    0xFF,0xFF,0xFF,0xFF,0xFF,0xFF,0xFF,0xFF,0xFF,0xFF,0xFF,0xFF,0xFF,0xFF,0xFF,0xFF,
    0xFF,0xFF,0xFF,0xFF,0xFF,0xFF,0xFF,0xFF,0xFF,0xFF,0xFF,0xFF,0xFF,0xFF,0xFF,0xFF,
    0xFF,0xFF,0xFF,0xFF,0xFF,0xFF,0xFF,0xFF,0xFF,0xFF,0xFF,0xFF,0xFF,0xFF,0xFF,0xFF,
    0xFF,0xFF,0xFF,0xFF,0xFF,0xFF,0xFF,0xFF,0xFF,0xFF,0xFF,0xFF,0xFF,0xFF,0xFF,0xFF,
    0xFF,0xFF,0xFF,0xFF,0xFF,0xFF,0xFF,0xFF,0xFF,0xFF,0xFF,0xFF,0xFF,0xFF,0xFF,0xFF,
    0xFF,0xFF,0xFF,
};
const lv_image_dsc_t ui_img_jump_prince_tile_0_3 = {
    .header.w = 25,
    .header.h = 25,
    .data_size = sizeof(ui_img_jump_prince_tile_0_3_data),
    .header.cf = LV_COLOR_FORMAT_NATIVE_WITH_ALPHA,
    .header.magic = LV_IMAGE_HEADER_MAGIC,
    .data = ui_img_jump_prince_tile_0_3_data
};

const LV_ATTRIBUTE_MEM_ALIGN uint8_t ui_img_jump_prince_tile_1_3_data[] = {
    0x2B,0x5E,0x2B,0x5E,0x2B,0x5E,0x2B,0x5E,0x2B,0x5E,0x2B,0x5E,0x2B,0x5E,0x2B,0x5E,
    0x2B,0x5E,0x2B,0x5E,0x2B,0x5E,0x2B,0x5E,0x2B,0x5E,0x2B,0x5E,0x2B,0x5E,0x2B,0x5E,
    0x2B,0x5E,0x2B,0x5E,0x2B,0x5E,0x2B,0x5E,0x2B,0x5E,0x2B,0x5E,0x2B,0x5E,0x31,0x34,
    0x31,0x34,0x2B,0x5E,0x2B,0x5E,0x2B,0x5E,0x2B,0x5E,0x2B,0x5E,0x2B,0x5E,0x2B,0x5E,
    0x2B,0x5E,0x2B,0x5E,0x2B,0x5E,0x2B,0x5E,0x2B,0x5E,0x2B,0x5E,0x2B,0x5E,0x2B,0x5E,
    0x2B,0x5E,0x2B,0x5E,0x2B,0x5E,0x2B,0x5E,0x2B,0x5E,0x2B,0x5E,0x2B,0x5E,0x2B,0x5E,
    0x31,0x34,0x31,0x34,0x2B,0x5E,0x2B,0x5E,0x31,0x34,0x31,0x34,0x31,0x34,0x31,0x34,
    0x31,0x34,0x31,0x34,0x31,0x34,0x31,0x34,0x31,0x34,0x2B,0x5E,0x2B,0x5E,0x2B,0x5E,
    0x31,0x34,0x31,0x34,0x31,0x34,0x31,0x34,0x31,0x34,0x31,0x34,0x31,0x34,0x31,0x34,
    0x31,0x34,0x2B,0x5E,0x2B,0x5E,0x31,0x34,0x31,0x34,0x31,0x34,0x31,0x34,0x31,0x34,
    0x31,0x34,0x31,0x34,0x31,0x34,0x31,0x34,0x31,0x34,0x31,0x34,0x31,0x34,0x31,0x34,
    0x31,0x34,0x31,0x34,0x31,0x34,0x31,0x34,0x31,0x34,0x31,0x34,0x31,0x34,0x31,0x34,
    0x31,0x34,0x31,0x34,0x31,0x34,0x31,0x34,0x31,0x34,0x31,0x34,0x31,0x34,0x31,0x34,
    0x31,0x34,0x31,0x34,0x31,0x34,0x31,0x34,0x31,0x34,0x31,0x34,0x31,0x34,0x31,0x34,
    0x31,0x34,0x31,0x34,0x31,0x34,0x31,0x34,0x31,0x34,0x31,0x34,0x31,0x34,0x31,0x34,
    0x31,0x34,0x31,0x34,0x31,0x34,0x31,0x34,0x31,0x34,0x31,0x34,0x31,0x34,0x31,0x34,
    0x31,0x34,0x31,0x34,0x31,0x34,0x31,0x34,0x31,0x34,0x31,0x34,0x2B,0x5E,0x2B,0x5E,
    0x31,0x34,0x31,0x34,0x31,0x34,0x31,0x34,0x31,0x34,0x31,0x34,0x31,0x34,0x31,0x34,
    0x31,0x34,0x31,0x34,0x31,0x34,0x2B,0x5E,0x31,0x34,0x31,0x34,0x25,0x08,0x25,0x08,
    0x25,0x08,0x25,0x08,0x25,0x08,0x25,0x08,0x25,0x08,0x25,0x08,0x25,0x08,0x25,0x08,
    0x25,0x08,0x25,0x08,0x25,0x08,0x25,0x08,0x25,0x08,0x25,0x08,0x25,0x08,0x25,0x08,
    0x25,0x08,0x25,0x08,0x25,0x08,0x25,0x08,0x25,0x08,0x25,0x08,0x25,0x08,0x25,0x08,
    0x25,0x08,0x25,0x08,0x25,0x08,0x25,0x08,0x25,0x08,0x25,0x08,0x25,0x08,0x25,0x08,
    0x25,0x08,0x25,0x08,0x25,0x08,0x25,0x08,0x25,0x08,0x25,0x08,0x25,0x08,0x25,0x08,
    0x25,0x08,0x25,0x08,0x25,0x08,0x25,0x08,0x25,0x08,0x25,0x08,0x25,0x08,0x25,0x08,
    0x2B,0x5E,0x2B,0x5E,0x2B,0x5E,0x31,0x34,0x31,0x34,0xAE,0x21,0xAE,0x21,0xAE,0x21,
    0x31,0x34,0x2B,0x5E,0x2B,0x5E,0x2B,0x5E,0x2B,0x5E,0x2B,0x5E,0x2B,0x5E,0x2B,0x5E,
    0x31,0x34,0xAE,0x21,0xAE,0x21,0x31,0x34,0x2B,0x5E,0x2B,0x5E,0x2B,0x5E,0x2B,0x5E,
    0x2B,0x5E,0x2B,0x5E,0x2B,0x5E,0x2B,0x5E,0x2B,0x5E,0x2B,0x5E,0xAE,0x21,0x2B,0x5E,
    0x2B,0x5E,0x2B,0x5E,0x2B,0x5E,0x2B,0x5E,0x2B,0x5E,0x2B,0x5E,0x2B,0x5E,0x2B,0x5E,
    0x2B,0x5E,0x2B,0x5E,0xAE,0x21,0xAE,0x21,0x2B,0x5E,0x2B,0x5E,0x2B,0x5E,0x2B,0x5E,
    0x2B,0x5E,0x2B,0x5E,0x2B,0x5E,0x2B,0x5E,0x2B,0x5E,0x2B,0x5E,0x2B,0x5E,0xAE,0x21,
    0x2B,0x5E,0x2B,0x5E,0x2B,0x5E,0x2B,0x5E,0x2B,0x5E,0x2B,0x5E,0x2B,0x5E,0x2B,0x5E,
    0x2B,0x5E,0x2B,0x5E,0x2B,0x5E,0xAE,0x21,0xAE,0x21,0x2B,0x5E,0x2B,0x5E,0x2B,0x5E,
    0x2B,0x5E,0x2B,0x5E,0x2B,0x5E,0x2B,0x5E,0x2B,0x5E,0x2B,0x5E,0x2B,0x5E,0x2B,0x5E,
    0xAE,0x21,0x2B,0x5E,0x2B,0x5E,0x2B,0x5E,0x2B,0x5E,0x2B,0x5E,0x2B,0x5E,0x2B,0x5E,
    0x2B,0x5E,0x2B,0x5E,0x2B,0x5E,0x2B,0x5E,0xAE,0x21,0xAE,0x21,0x2B,0x5E,0x2B,0x5E,
    0x2B,0x5E,0x2B,0x5E,0x2B,0x5E,0x2B,0x5E,0x2B,0x5E,0x2B,0x5E,0x2B,0x5E,0x2B,0x5E,
    0x2B,0x5E,0xAE,0x21,0x2B,0x5E,0x2B,0x5E,0x2B,0x5E,0x2B,0x5E,0x2B,0x5E,0x2B,0x5E,
    0x2B,0x5E,0x2B,0x5E,0x2B,0x5E,0x2B,0x5E,0x2B,0x5E,0xAE,0x21,0xAE,0x21,0x2B,0x5E,
    0x2B,0x5E,0x2B,0x5E,0x2B,0x5E,0x2B,0x5E,0x2B,0x5E,0xAE,0x21,0xAE,0x21,0xAE,0x21,
    0xAE,0x21,0xAE,0x21,0xAE,0x21,0xAE,0x21,0xAE,0x21,0xAE,0x21,0xAE,0x21,0xAE,0x21,
    0xAE,0x21,0xAE,0x21,0xAE,0x21,0xAE,0x21,0xAE,0x21,0xAE,0x21,0xAE,0x21,0xAE,0x21,
    0xAE,0x21,0xAE,0x21,0xAE,0x21,0xAE,0x21,0xAE,0x21,0xAE,0x21,0x31,0x34,0x31,0x34,
    0x31,0x34,0x31,0x34,0x31,0x34,0x31,0x34,0x31,0x34,0x31,0x34,0x31,0x34,0x31,0x34,
    0x31,0x34,0xAE,0x21,0xAE,0x21,0x31,0x34,0x31,0x34,0x31,0x34,0x31,0x34,0x31,0x34,
    0x31,0x34,0x31,0x34,0x31,0x34,0x31,0x34,0x31,0x34,0xAE,0x21,0xAE,0x21,0x31,0x34,
    0x31,0x34,0x31,0x34,0x31,0x34,0x31,0x34,0x31,0x34,0x31,0x34,0x31,0x34,0x31,0x34,
    0x31,0x34,0x31,0x34,0xAE,0x21,0xAE,0x21,0x31,0x34,0x31,0x34,0x31,0x34,0x31,0x34,
    0x31,0x34,0x31,0x34,0x31,0x34,0x31,0x34,0x31,0x34,0x31,0x34,0xAE,0x21,0xAE,0x21,
    0x31,0x34,0x31,0x34,0x31,0x34,0x31,0x34,0x31,0x34,0x31,0x34,0x31,0x34,0x31,0x34,
    0x31,0x34,0x31,0x34,0x31,0x34,0xAE,0x21,0xAE,0x21,0x31,0x34,0x31,0x34,0x31,0x34,
    0x31,0x34,0x31,0x34,0x31,0x34,0x31,0x34,0x31,0x34,0x31,0x34,0x31,0x34,0xAE,0x21,
    0xAE,0x21,0xAE,0x21,0xAE,0x21,0x31,0x34,0x31,0x34,0x31,0x34,0x31,0x34,0x31,0x34,
    0x31,0x34,0x31,0x34,0xAE,0x21,0xAE,0x21,0xAE,0x21,0xAE,0x21,0xAE,0x21,0x31,0x34,
    0x31,0x34,0x31,0x34,0x31,0x34,0x31,0x34,0x31,0x34,0x31,0x34,0x31,0x34,0xAE,0x21,
    0xAE,0x21,0xAE,0x21,0xAE,0x21,0xAE,0x21,0x31,0x34,0x31,0x34,0x31,0x34,0x31,0x34,
    0x31,0x34,0x31,0x34,0x31,0x34,0xAE,0x21,0xAE,0x21,0xAE,0x21,0xAE,0x21,0xAE,0x21,
    0x31,0x34,0x31,0x34,0x31,0x34,0x31,0x34,0x31,0x34,0x31,0x34,0x31,0x34,0x31,0x34,
    0xAE,0x21,0xAE,0x21,0xAE,0x21,0x25,0x08,0x25,0x08,0x25,0x08,0x25,0x08,0x25,0x08,
    0x25,0x08,0x25,0x08,0x25,0x08,0x25,0x08,0x25,0x08,0x25,0x08,0x25,0x08,0x25,0x08,
    0x25,0x08,0x25,0x08,0x25,0x08,0x25,0x08,0x25,0x08,0x25,0x08,0x25,0x08,0x25,0x08,
    0x25,0x08,0x25,0x08,0x25,0x08,0x25,0x08,0xAE,0x21,0xAE,0x21,0xAE,0x21,0xAE,0x21,
    0xAE,0x21,0x25,0x08,0xAE,0x21,0xAE,0x21,0xAE,0x21,0xAE,0x21,0xAE,0x21,0x25,0x08,
    0x25,0x08,0xAE,0x21,0xAE,0x21,0xAE,0x21,0x25,0x08,0xAE,0x21,0xAE,0x21,0xAE,0x21,
    0xAE,0x21,0xAE,0x21,0xAE,0x21,0x25,0x08,0x25,0x08,0xAE,0x21,0xAE,0x21,0xAE,0x21,
    0xAE,0x21,0xAE,0x21,0x25,0x08,0xAE,0x21,0xAE,0x21,0xAE,0x21,0xAE,0x21,0xAE,0x21,
    0x25,0x08,0x25,0x08,0xAE,0x21,0xAE,0x21,0xAE,0x21,0x25,0x08,0xAE,0x21,0xAE,0x21,
    0xAE,0x21,0xAE,0x21,0xAE,0x21,0xAE,0x21,0x25,0x08,0x25,0x08,0x31,0x34,0x31,0x34,
    0x31,0x34,0x31,0x34,0x31,0x34,0xAE,0x21,0x31,0x34,0x31,0x34,0x2B,0x5E,0x31,0x34,
    0x31,0x34,0xAE,0x21,0xAE,0x21,0x2B,0x5E,0x31,0x34,0x31,0x34,0xAE,0x21,0x31,0x34,
    0x31,0x34,0x2B,0x5E,0x31,0x34,0x31,0x34,0x31,0x34,0xAE,0x21,0xAE,0x21,0x31,0x34,
    0x31,0x34,0x2B,0x5E,0x31,0x34,0x31,0x34,0xAE,0x21,0x31,0x34,0x31,0x34,0x2B,0x5E,
    0x31,0x34,0x31,0x34,0xAE,0x21,0xAE,0x21,0x2B,0x5E,0x2B,0x5E,0x2B,0x5E,0xAE,0x21,
    0x31,0x34,0x31,0x34,0x2B,0x5E,0x2B,0x5E,0x2B,0x5E,0x31,0x34,0xAE,0x21,0xAE,0x21,
    0x31,0x34,0x31,0x34,0x2B,0x5E,0x31,0x34,0x31,0x34,0xAE,0x21,0x31,0x34,0x31,0x34,
    0x2B,0x5E,0x31,0x34,0x31,0x34,0xAE,0x21,0xAE,0x21,0x2B,0x5E,0x2B,0x5E,0x2B,0x5E,
    0xAE,0x21,0x31,0x34,0x31,0x34,0x2B,0x5E,0x2B,0x5E,0x2B,0x5E,0x31,0x34,0xAE,0x21,
    0xAE,0x21,0xFF,0xFF,0xFF,0xFF,0xFF,0xFF,0xFF,0xFF,0xFF,0xFF,0xFF,0xFF,0xFF,0xFF,
    0xFF,0xFF,0xFF,0xFF,0xFF,0xFF,0xFF,0xFF,0xFF,0xFF,0xFF,0xFF,0xFF,0xFF,0xFF,0xFF,
    0xFF,0xFF,0xFF,0xFF,0xFF,0xFF,0xFF,0xFF,0xFF,0xFF,0xFF,0xFF,0xFF,0xFF,0xFF,0xFF,
    0xFF,0xFF,0xFF,0xFF,0xFF,0xFF,0xFF,0xFF,0xFF,0xFF,0xFF,0xFF,0xFF,0xFF,0xFF,0xFF,
    0xFF,0xFF,0xFF,0xFF,0xFF,0xFF,0xFF,0xFF,0xFF,0xFF,0xFF,0xFF,0xFF,0xFF,0xFF,0xFF,
    0xFF,0xFF,0xFF,0xFF,0xFF,0xFF,0xFF,0xFF,0xFF,0xFF,0xFF,0xFF,0xFF,0xFF,0xFF,0xFF,
    0xFF,0xFF,0xFF,0xFF,0xFF,0xFF,0xFF,0xFF,0xFF,0xFF,0xFF,0xFF,0xFF,0xFF,0xFF,0xFF,
    0xFF,0xFF,0xFF,0xFF,0xFF,0xFF,0xFF,0xFF,0xFF,0xFF,0xFF,0xFF,0xFF,0xFF,0xFF,0xFF,
    0xFF,0xFF,0xFF,0xFF,0xFF,0xFF,0xFF,0xFF,0xFF,0xFF,0xFF,0xFF,0xFF,0xFF,0xFF,0xFF,
    0xFF,0xFF,0xFF,0xFF,0xFF,0xFF,0xFF,0xFF,0xFF,0xFF,0xFF,0xFF,0xFF,0xFF,0xFF,0xFF,
    0xFF,0xFF,0xFF,0xFF,0xFF,0xFF,0xFF,0xFF,0xFF,0xFF,0xFF,0xFF,0xFF,0xFF,0xFF,0xFF,
    0xFF,0xFF,0xFF,0xFF,0xFF,0xFF,0xFF,0xFF,0xFF,0xFF,0xFF,0xFF,0xFF,0xFF,0xFF,0xFF,
    0xFF,0xFF,0xFF,0xFF,0xFF,0xFF,0xFF,0xFF,0xFF,0xFF,0xFF,0xFF,0xFF,0xFF,0xFF,0xFF,
    0xFF,0xFF,0xFF,0xFF,0xFF,0xFF,0xFF,0xFF,0xFF,0xFF,0xFF,0xFF,0xFF,0xFF,0xFF,0xFF,
    0xFF,0xFF,0xFF,0xFF,0xFF,0xFF,0xFF,0xFF,0xFF,0xFF,0xFF,0xFF,0xFF,0xFF,0xFF,0xFF,
    0xFF,0xFF,0xFF,0xFF,0xFF,0xFF,0xFF,0xFF,0xFF,0xFF,0xFF,0xFF,0xFF,0xFF,0xFF,0xFF,
    0xFF,0xFF,0xFF,0xFF,0xFF,0xFF,0xFF,0xFF,0xFF,0xFF,0xFF,0xFF,0xFF,0xFF,0xFF,0xFF,
    0xFF,0xFF,0xFF,0xFF,0xFF,0xFF,0xFF,0xFF,0xFF,0xFF,0xFF,0xFF,0xFF,0xFF,0xFF,0xFF,
    0xFF,0xFF,0xFF,0xFF,0xFF,0xFF,0xFF,0xFF,0xFF,0xFF,0xFF,0xFF,0xFF,0xFF,0xFF,0xFF,
    0xFF,0xFF,0xFF,0xFF,0xFF,0xFF,0xFF,0xFF,0xFF,0xFF,0xFF,0xFF,0xFF,0xFF,0xFF,0xFF,
    0xFF,0xFF,0xFF,0xFF,0xFF,0xFF,0xFF,0xFF,0xFF,0xFF,0xFF,0xFF,0xFF,0xFF,0xFF,0xFF,
    0xFF,0xFF,0xFF,0xFF,0xFF,0xFF,0xFF,0xFF,0xFF,0xFF,0xFF,0xFF,0xFF,0xFF,0xFF,0xFF,
    0xFF,0xFF,0xFF,0xFF,0xFF,0xFF,0xFF,0xFF,0xFF,0xFF,0xFF,0xFF,0xFF,0xFF,0xFF,0xFF,
    0xFF,0xFF,0xFF,0xFF,0xFF,0xFF,0xFF,0xFF,0xFF,0xFF,0xFF,0xFF,0xFF,0xFF,0xFF,0xFF,
    0xFF,0xFF,0xFF,0xFF,0xFF,0xFF,0xFF,0xFF,0xFF,0xFF,0xFF,0xFF,0xFF,0xFF,0xFF,0xFF,
    0xFF,0xFF,0xFF,0xFF,0xFF,0xFF,0xFF,0xFF,0xFF,0xFF,0xFF,0xFF,0xFF,0xFF,0xFF,0xFF,
    0xFF,0xFF,0xFF,0xFF,0xFF,0xFF,0xFF,0xFF,0xFF,0xFF,0xFF,0xFF,0xFF,0xFF,0xFF,0xFF,
    0xFF,0xFF,0xFF,0xFF,0xFF,0xFF,0xFF,0xFF,0xFF,0xFF,0xFF,0xFF,0xFF,0xFF,0xFF,0xFF,
    0xFF,0xFF,0xFF,0xFF,0xFF,0xFF,0xFF,0xFF,0xFF,0xFF,0xFF,0xFF,0xFF,0xFF,0xFF,0xFF,
    0xFF,0xFF,0xFF,0xFF,0xFF,0xFF,0xFF,0xFF,0xFF,0xFF,0xFF,0xFF,0xFF,0xFF,0xFF,0xFF,
    0xFF,0xFF,0xFF,0xFF,0xFF,0xFF,0xFF,0xFF,0xFF,0xFF,0xFF,0xFF,0xFF,0xFF,0xFF,0xFF,
    0xFF,0xFF,0xFF,0xFF,0xFF,0xFF,0xFF,0xFF,0xFF,0xFF,0xFF,0xFF,0xFF,0xFF,0xFF,0xFF,
    0xFF,0xFF,0xFF,0xFF,0xFF,0xFF,0xFF,0xFF,0xFF,0xFF,0xFF,0xFF,0xFF,0xFF,0xFF,0xFF,
    0xFF,0xFF,0xFF,0xFF,0xFF,0xFF,0xFF,0xFF,0xFF,0xFF,0xFF,0xFF,0xFF,0xFF,0xFF,0xFF,
    0xFF,0xFF,0xFF,0xFF,0xFF,0xFF,0xFF,0xFF,0xFF,0xFF,0xFF,0xFF,0xFF,0xFF,0xFF,0xFF,
    0xFF,0xFF,0xFF,0xFF,0xFF,0xFF,0xFF,0xFF,0xFF,0xFF,0xFF,0xFF,0xFF,0xFF,0xFF,0xFF,
    0xFF,0xFF,0xFF,0xFF,0xFF,0xFF,0xFF,0xFF,0xFF,0xFF,0xFF,0xFF,0xFF,0xFF,0xFF,0xFF,
    0xFF,0xFF,0xFF,0xFF,0xFF,0xFF,0xFF,0xFF,0xFF,0xFF,0xFF,0xFF,0xFF,0xFF,0xFF,0xFF,
    0xFF,0xFF,0xFF,0xFF,0xFF,0xFF,0xFF,0xFF,0xFF,0xFF,0xFF,0xFF,0xFF,0xFF,0xFF,0xFF,
    0xFF,0xFF,0xFF,
};
const lv_image_dsc_t ui_img_jump_prince_tile_1_3 = {
    .header.w = 25,
    .header.h = 25,
    .data_size = sizeof(ui_img_jump_prince_tile_1_3_data),
    .header.cf = LV_COLOR_FORMAT_NATIVE_WITH_ALPHA,
    .header.magic = LV_IMAGE_HEADER_MAGIC,
    .data = ui_img_jump_prince_tile_1_3_data
};

const LV_ATTRIBUTE_MEM_ALIGN uint8_t ui_img_jump_prince_tile_2_3_data[] = {
    0x2B,0x5E,0x2B,0x5E,0x2B,0x5E,0x2B,0x5E,0x2B,0x5E,0x2B,0x5E,0x2B,0x5E,0x2B,0x5E,
    0x2B,0x5E,0x2B,0x5E,0x2B,0x5E,0x2B,0x5E,0x2B,0x5E,0x2B,0x5E,0x2B,0x5E,0x2B,0x5E,
    0x2B,0x5E,0x2B,0x5E,0x2B,0x5E,0x2B,0x5E,0x2B,0x5E,0x2B,0x5E,0x2B,0x5E,0x31,0x34,
    0x31,0x34,0x2B,0x5E,0x2B,0x5E,0x2B,0x5E,0x2B,0x5E,0x2B,0x5E,0x2B,0x5E,0x2B,0x5E,
    0x2B,0x5E,0x2B,0x5E,0x2B,0x5E,0x2B,0x5E,0x2B,0x5E,0x2B,0x5E,0x2B,0x5E,0x2B,0x5E,
    0x2B,0x5E,0x2B,0x5E,0x2B,0x5E,0x2B,0x5E,0x2B,0x5E,0x2B,0x5E,0x2B,0x5E,0x2B,0x5E,
    0x31,0x34,0x31,0x34,0x2B,0x5E,0x2B,0x5E,0x31,0x34,0x31,0x34,0x31,0x34,0x31,0x34,
    0x31,0x34,0x31,0x34,0x31,0x34,0x31,0x34,0x31,0x34,0x2B,0x5E,0x2B,0x5E,0x2B,0x5E,
    0x31,0x34,0x31,0x34,0x31,0x34,0x31,0x34,0x31,0x34,0x31,0x34,0x31,0x34,0x31,0x34,
    0x31,0x34,0x31,0x34,0x31,0x34,0x31,0x34,0x31,0x34,0x31,0x34,0x31,0x34,0x31,0x34,
    0x31,0x34,0x31,0x34,0x31,0x34,0x31,0x34,0x31,0x34,0x31,0x34,0x31,0x34,0x31,0x34,
    0x31,0x34,0x31,0x34,0x31,0x34,0x31,0x34,0x31,0x34,0x31,0x34,0x31,0x34,0x31,0x34,
    0x31,0x34,0x31,0x34,0x31,0x34,0x31,0x34,0x31,0x34,0x31,0x34,0x31,0x34,0x31,0x34,
    0x31,0x34,0x31,0x34,0x31,0x34,0x31,0x34,0x31,0x34,0x31,0x34,0x31,0x34,0x31,0x34,
    0x31,0x34,0x31,0x34,0x31,0x34,0x31,0x34,0x31,0x34,0x31,0x34,0x31,0x34,0x31,0x34,
    0x31,0x34,0x31,0x34,0x31,0x34,0x31,0x34,0x31,0x34,0x31,0x34,0x31,0x34,0x31,0x34,
    0x31,0x34,0x31,0x34,0x31,0x34,0x31,0x34,0x31,0x34,0x31,0x34,0x2B,0x5E,0x2B,0x5E,
    0x31,0x34,0x31,0x34,0x31,0x34,0x31,0x34,0x31,0x34,0x31,0x34,0x31,0x34,0x31,0x34,
    0x31,0x34,0x31,0x34,0x31,0x34,0x31,0x34,0x2B,0x5E,0x2B,0x5E,0x25,0x08,0x25,0x08,
    0x25,0x08,0x25,0x08,0x25,0x08,0x25,0x08,0x25,0x08,0x25,0x08,0x25,0x08,0x25,0x08,
    0x25,0x08,0x25,0x08,0x25,0x08,0x25,0x08,0x25,0x08,0x25,0x08,0x25,0x08,0x25,0x08,
    0x25,0x08,0x25,0x08,0x25,0x08,0x25,0x08,0x25,0x08,0x25,0x08,0x25,0x08,0x25,0x08,
    0x25,0x08,0x25,0x08,0x25,0x08,0x25,0x08,0x25,0x08,0x25,0x08,0x25,0x08,0x25,0x08,
    0x25,0x08,0x25,0x08,0x25,0x08,0x25,0x08,0x25,0x08,0x25,0x08,0x25,0x08,0x25,0x08,
    0x25,0x08,0x25,0x08,0x25,0x08,0x25,0x08,0x25,0x08,0x25,0x08,0x25,0x08,0x25,0x08,
    0x2B,0x5E,0x2B,0x5E,0x2B,0x5E,0x31,0x34,0x31,0x34,0xAE,0x21,0xAE,0x21,0xAE,0x21,
    0x31,0x34,0x2B,0x5E,0x2B,0x5E,0x2B,0x5E,0x2B,0x5E,0x2B,0x5E,0x2B,0x5E,0x2B,0x5E,
    0x31,0x34,0xAE,0x21,0xAE,0x21,0x31,0x34,0x2B,0x5E,0x2B,0x5E,0x31,0x34,0x31,0x34,
    0x31,0x34,0x2B,0x5E,0x2B,0x5E,0x2B,0x5E,0x2B,0x5E,0x2B,0x5E,0xAE,0x21,0x2B,0x5E,
    0x2B,0x5E,0x2B,0x5E,0x2B,0x5E,0x2B,0x5E,0x2B,0x5E,0x2B,0x5E,0x2B,0x5E,0x2B,0x5E,
    0x2B,0x5E,0x2B,0x5E,0xAE,0x21,0xAE,0x21,0x2B,0x5E,0x2B,0x5E,0x2B,0x5E,0x31,0x34,
    0x31,0x34,0x31,0x34,0x2B,0x5E,0x2B,0x5E,0x2B,0x5E,0x2B,0x5E,0x2B,0x5E,0xAE,0x21,
    0x2B,0x5E,0x2B,0x5E,0x2B,0x5E,0x2B,0x5E,0x2B,0x5E,0x2B,0x5E,0x2B,0x5E,0x2B,0x5E,
    0x2B,0x5E,0x2B,0x5E,0x2B,0x5E,0xAE,0x21,0xAE,0x21,0x2B,0x5E,0x2B,0x5E,0x2B,0x5E,
    0x31,0x34,0x31,0x34,0x31,0x34,0x2B,0x5E,0x2B,0x5E,0x2B,0x5E,0x2B,0x5E,0x2B,0x5E,
    0xAE,0x21,0x2B,0x5E,0x2B,0x5E,0x2B,0x5E,0x2B,0x5E,0x2B,0x5E,0x2B,0x5E,0x2B,0x5E,
    0x2B,0x5E,0x2B,0x5E,0x2B,0x5E,0x2B,0x5E,0xAE,0x21,0xAE,0x21,0x2B,0x5E,0x2B,0x5E,
    0x2B,0x5E,0x2B,0x5E,0x31,0x34,0x31,0x34,0x2B,0x5E,0x2B,0x5E,0x2B,0x5E,0x2B,0x5E,
    0x2B,0x5E,0xAE,0x21,0x2B,0x5E,0x2B,0x5E,0x2B,0x5E,0x2B,0x5E,0x2B,0x5E,0x2B,0x5E,
    0x2B,0x5E,0x2B,0x5E,0x2B,0x5E,0x2B,0x5E,0x2B,0x5E,0xAE,0x21,0xAE,0x21,0x2B,0x5E,
    0x2B,0x5E,0x2B,0x5E,0x2B,0x5E,0x31,0x34,0x31,0x34,0xAE,0x21,0xAE,0x21,0xAE,0x21,
    0xAE,0x21,0xAE,0x21,0xAE,0x21,0xAE,0x21,0xAE,0x21,0xAE,0x21,0xAE,0x21,0xAE,0x21,
    0xAE,0x21,0xAE,0x21,0xAE,0x21,0xAE,0x21,0xAE,0x21,0xAE,0x21,0xAE,0x21,0xAE,0x21,
    0xAE,0x21,0xAE,0x21,0xAE,0x21,0x25,0x08,0x25,0x08,0x25,0x08,0x31,0x34,0x31,0x34,
    0x31,0x34,0x31,0x34,0x31,0x34,0x31,0x34,0x31,0x34,0x31,0x34,0x31,0x34,0x31,0x34,
    0x31,0x34,0xAE,0x21,0xAE,0x21,0x31,0x34,0x31,0x34,0x31,0x34,0x31,0x34,0x31,0x34,
    0x31,0x34,0x31,0x34,0x31,0x34,0x31,0x34,0x31,0x34,0xAE,0x21,0xAE,0x21,0x31,0x34,
    0x31,0x34,0x31,0x34,0x31,0x34,0x31,0x34,0x31,0x34,0x31,0x34,0x31,0x34,0x31,0x34,
    0x31,0x34,0x31,0x34,0xAE,0x21,0xAE,0x21,0x31,0x34,0x31,0x34,0x31,0x34,0x31,0x34,
    0x31,0x34,0x31,0x34,0x31,0x34,0x31,0x34,0x31,0x34,0x31,0x34,0xAE,0x21,0xAE,0x21,
    0x31,0x34,0x31,0x34,0x31,0x34,0x31,0x34,0x31,0x34,0x31,0x34,0x31,0x34,0x31,0x34,
    0x31,0x34,0x31,0x34,0x31,0x34,0xAE,0x21,0xAE,0x21,0x31,0x34,0x31,0x34,0x31,0x34,
    0x31,0x34,0x31,0x34,0x31,0x34,0x31,0x34,0x31,0x34,0x31,0x34,0x2B,0x5E,0xAE,0x21,
    0xAE,0x21,0xAE,0x21,0xAE,0x21,0x31,0x34,0x31,0x34,0x31,0x34,0x31,0x34,0x31,0x34,
    0x31,0x34,0x31,0x34,0xAE,0x21,0xAE,0x21,0xAE,0x21,0xAE,0x21,0xAE,0x21,0x31,0x34,
    0x31,0x34,0x31,0x34,0x31,0x34,0x31,0x34,0x31,0x34,0x31,0x34,0x31,0x34,0x31,0x34,
    0xAE,0x21,0xAE,0x21,0xAE,0x21,0xAE,0x21,0x31,0x34,0x31,0x34,0x31,0x34,0x31,0x34,
    0x31,0x34,0x31,0x34,0x31,0x34,0xAE,0x21,0xAE,0x21,0xAE,0x21,0xAE,0x21,0xAE,0x21,
    0x31,0x34,0x31,0x34,0x31,0x34,0x31,0x34,0x31,0x34,0x31,0x34,0x31,0x34,0x31,0x34,
    0x31,0x34,0xAE,0x21,0xAE,0x21,0x25,0x08,0x25,0x08,0x25,0x08,0x25,0x08,0x25,0x08,
    0x25,0x08,0x25,0x08,0x25,0x08,0x25,0x08,0x25,0x08,0x25,0x08,0x25,0x08,0x25,0x08,
    0x25,0x08,0x25,0x08,0x25,0x08,0x25,0x08,0x25,0x08,0x25,0x08,0x25,0x08,0x25,0x08,
    0x25,0x08,0x25,0x08,0x25,0x08,0x25,0x08,0xAE,0x21,0xAE,0x21,0xAE,0x21,0xAE,0x21,
    0xAE,0x21,0x25,0x08,0xAE,0x21,0xAE,0x21,0xAE,0x21,0xAE,0x21,0xAE,0x21,0x25,0x08,
    0x25,0x08,0xAE,0x21,0xAE,0x21,0xAE,0x21,0x25,0x08,0xAE,0x21,0xAE,0x21,0xAE,0x21,
    0xAE,0x21,0xAE,0x21,0xAE,0x21,0x25,0x08,0x25,0x08,0xAE,0x21,0xAE,0x21,0xAE,0x21,
    0xAE,0x21,0xAE,0x21,0x25,0x08,0xAE,0x21,0xAE,0x21,0xAE,0x21,0xAE,0x21,0xAE,0x21,
    0x25,0x08,0x25,0x08,0xAE,0x21,0xAE,0x21,0xAE,0x21,0x25,0x08,0xAE,0x21,0xAE,0x21,
    0xAE,0x21,0xAE,0x21,0xAE,0x21,0xAE,0x21,0x25,0x08,0x25,0x08,0x31,0x34,0x31,0x34,
    0x31,0x34,0x31,0x34,0x31,0x34,0xAE,0x21,0x31,0x34,0x31,0x34,0x2B,0x5E,0x31,0x34,
    0x31,0x34,0xAE,0x21,0xAE,0x21,0x2B,0x5E,0x31,0x34,0x31,0x34,0xAE,0x21,0x31,0x34,
    0x31,0x34,0x2B,0x5E,0x31,0x34,0x31,0x34,0x31,0x34,0x25,0x08,0x25,0x08,0x31,0x34,
    0x31,0x34,0x2B,0x5E,0x31,0x34,0x31,0x34,0xAE,0x21,0x31,0x34,0x31,0x34,0x2B,0x5E,
    0x31,0x34,0x31,0x34,0xAE,0x21,0xAE,0x21,0x2B,0x5E,0x2B,0x5E,0x2B,0x5E,0xAE,0x21,
    0x31,0x34,0x31,0x34,0x2B,0x5E,0x2B,0x5E,0x2B,0x5E,0x31,0x34,0x25,0x08,0x25,0x08,
    0x31,0x34,0x31,0x34,0x2B,0x5E,0x31,0x34,0x31,0x34,0xAE,0x21,0x31,0x34,0x31,0x34,
    0x2B,0x5E,0x31,0x34,0x31,0x34,0xAE,0x21,0xAE,0x21,0x2B,0x5E,0x2B,0x5E,0x2B,0x5E,
    0xAE,0x21,0x31,0x34,0x31,0x34,0x2B,0x5E,0x2B,0x5E,0x2B,0x5E,0x31,0x34,0x25,0x08,
    0x25,0x08,0xFF,0xFF,0xFF,0xFF,0xFF,0xFF,0xFF,0xFF,0xFF,0xFF,0xFF,0xFF,0xFF,0xFF,
    0xFF,0xFF,0xFF,0xFF,0xFF,0xFF,0xFF,0xFF,0xFF,0xFF,0xFF,0xFF,0xFF,0xFF,0xFF,0xFF,
    0xFF,0xFF,0xFF,0xFF,0xFF,0xFF,0xFF,0xFF,0xFF,0xFF,0xFF,0xFF,0xFF,0xFF,0xFF,0xFF,
    0xFF,0xFF,0xFF,0xFF,0xFF,0xFF,0xFF,0xFF,0xFF,0xFF,0xFF,0xFF,0xFF,0xFF,0xFF,0xFF,
    0xFF,0xFF,0xFF,0xFF,0xFF,0xFF,0xFF,0xFF,0xFF,0xFF,0xFF,0xFF,0xFF,0xFF,0xFF,0xFF,
    0xFF,0xFF,0xFF,0xFF,0xFF,0xFF,0xFF,0xFF,0xFF,0xFF,0xFF,0xFF,0xFF,0xFF,0xFF,0xFF,
    0xFF,0xFF,0xFF,0xFF,0xFF,0xFF,0xFF,0xFF,0xFF,0xFF,0xFF,0xFF,0xFF,0xFF,0xFF,0xFF,
    0xFF,0xFF,0xFF,0xFF,0xFF,0xFF,0xFF,0xFF,0xFF,0xFF,0xFF,0xFF,0xFF,0xFF,0xFF,0xFF,
    0xFF,0xFF,0xFF,0xFF,0xFF,0xFF,0xFF,0xFF,0xFF,0xFF,0xFF,0xFF,0xFF,0xFF,0xFF,0xFF,
    0xFF,0xFF,0xFF,0xFF,0xFF,0xFF,0xFF,0xFF,0xFF,0xFF,0xFF,0xFF,0xFF,0xFF,0xFF,0xFF,
    0xFF,0xFF,0xFF,0xFF,0xFF,0xFF,0xFF,0xFF,0xFF,0xFF,0xFF,0xFF,0xFF,0xFF,0xFF,0xFF,
    0xFF,0xFF,0xFF,0xFF,0xFF,0xFF,0xFF,0xFF,0xFF,0xFF,0xFF,0xFF,0xFF,0xFF,0xFF,0xFF,
    0xFF,0xFF,0xFF,0xFF,0xFF,0xFF,0xFF,0xFF,0xFF,0xFF,0xFF,0xFF,0xFF,0xFF,0xFF,0xFF,
    0xFF,0xFF,0xFF,0xFF,0xFF,0xFF,0xFF,0xFF,0xFF,0xFF,0xFF,0xFF,0xFF,0xFF,0xFF,0xFF,
    0xFF,0xFF,0xFF,0xFF,0xFF,0xFF,0xFF,0xFF,0xFF,0xFF,0xFF,0xFF,0xFF,0xFF,0xFF,0xFF,
    0xFF,0xFF,0xFF,0xFF,0xFF,0xFF,0xFF,0xFF,0xFF,0xFF,0xFF,0xFF,0xFF,0xFF,0xFF,0xFF,
    0xFF,0xFF,0xFF,0xFF,0xFF,0xFF,0xFF,0xFF,0xFF,0xFF,0xFF,0xFF,0xFF,0xFF,0xFF,0xFF,
    0xFF,0xFF,0xFF,0xFF,0xFF,0xFF,0xFF,0xFF,0xFF,0xFF,0xFF,0xFF,0xFF,0xFF,0xFF,0xFF,
    0xFF,0xFF,0xFF,0xFF,0xFF,0xFF,0xFF,0xFF,0xFF,0xFF,0xFF,0xFF,0xFF,0xFF,0xFF,0xFF,
    0xFF,0xFF,0xFF,0xFF,0xFF,0xFF,0xFF,0xFF,0xFF,0xFF,0xFF,0xFF,0xFF,0xFF,0xFF,0xFF,
    0xFF,0xFF,0xFF,0xFF,0xFF,0xFF,0xFF,0xFF,0xFF,0xFF,0xFF,0xFF,0xFF,0xFF,0xFF,0xFF,
    0xFF,0xFF,0xFF,0xFF,0xFF,0xFF,0xFF,0xFF,0xFF,0xFF,0xFF,0xFF,0xFF,0xFF,0xFF,0xFF,
    0xFF,0xFF,0xFF,0xFF,0xFF,0xFF,0xFF,0xFF,0xFF,0xFF,0xFF,0xFF,0xFF,0xFF,0xFF,0xFF,
    0xFF,0xFF,0xFF,0xFF,0xFF,0xFF,0xFF,0xFF,0xFF,0xFF,0xFF,0xFF,0xFF,0xFF,0xFF,0xFF,
    0xFF,0xFF,0xFF,0xFF,0xFF,0xFF,0xFF,0xFF,0xFF,0xFF,0xFF,0xFF,0xFF,0xFF,0xFF,0xFF,
    0xFF,0xFF,0xFF,0xFF,0xFF,0xFF,0xFF,0xFF,0xFF,0xFF,0xFF,0xFF,0xFF,0xFF,0xFF,0xFF,
    0xFF,0xFF,0xFF,0xFF,0xFF,0xFF,0xFF,0xFF,0xFF,0xFF,0xFF,0xFF,0xFF,0xFF,0xFF,0xFF,
    0xFF,0xFF,0xFF,0xFF,0xFF,0xFF,0xFF,0xFF,0xFF,0xFF,0xFF,0xFF,0xFF,0xFF,0xFF,0xFF,
    0xFF,0xFF,0xFF,0xFF,0xFF,0xFF,0xFF,0xFF,0xFF,0xFF,0xFF,0xFF,0xFF,0xFF,0xFF,0xFF,
    0xFF,0xFF,0xFF,0xFF,0xFF,0xFF,0xFF,0xFF,0xFF,0xFF,0xFF,0xFF,0xFF,0xFF,0xFF,0xFF,
    0xFF,0xFF,0xFF,0xFF,0xFF,0xFF,0xFF,0xFF,0xFF,0xFF,0xFF,0xFF,0xFF,0xFF,0xFF,0xFF,
    0xFF,0xFF,0xFF,0xFF,0xFF,0xFF,0xFF,0xFF,0xFF,0xFF,0xFF,0xFF,0xFF,0xFF,0xFF,0xFF,
    0xFF,0xFF,0xFF,0xFF,0xFF,0xFF,0xFF,0xFF,0xFF,0xFF,0xFF,0xFF,0xFF,0xFF,0xFF,0xFF,
    0xFF,0xFF,0xFF,0xFF,0xFF,0xFF,0xFF,0xFF,0xFF,0xFF,0xFF,0xFF,0xFF,0xFF,0xFF,0xFF,
    0xFF,0xFF,0xFF,0xFF,0xFF,0xFF,0xFF,0xFF,0xFF,0xFF,0xFF,0xFF,0xFF,0xFF,0xFF,0xFF,
    0xFF,0xFF,0xFF,0xFF,0xFF,0xFF,0xFF,0xFF,0xFF,0xFF,0xFF,0xFF,0xFF,0xFF,0xFF,0xFF,
    0xFF,0xFF,0xFF,0xFF,0xFF,0xFF,0xFF,0xFF,0xFF,0xFF,0xFF,0xFF,0xFF,0xFF,0xFF,0xFF,
    0xFF,0xFF,0xFF,0xFF,0xFF,0xFF,0xFF,0xFF,0xFF,0xFF,0xFF,0xFF,0xFF,0xFF,0xFF,0xFF,
    0xFF,0xFF,0xFF,0xFF,0xFF,0xFF,0xFF,0xFF,0xFF,0xFF,0xFF,0xFF,0xFF,0xFF,0xFF,0xFF,
    0xFF,0xFF,0xFF,
};
const lv_image_dsc_t ui_img_jump_prince_tile_2_3 = {
    .header.w = 25,
    .header.h = 25,
    .data_size = sizeof(ui_img_jump_prince_tile_2_3_data),
    .header.cf = LV_COLOR_FORMAT_NATIVE_WITH_ALPHA,
    .header.magic = LV_IMAGE_HEADER_MAGIC,
    .data = ui_img_jump_prince_tile_2_3_data
};

const LV_ATTRIBUTE_MEM_ALIGN uint8_t ui_img_jump_prince_tile_3_3_data[] = {
    0x31,0x34,0x31,0x34,0x2B,0x5E,0x2B,0x5E,0x2B,0x5E,0x2B,0x5E,0x2B,0x5E,0x2B,0x5E,
    0x2B,0x5E,0x2B,0x5E,0x2B,0x5E,0x2B,0x5E,0x2B,0x5E,0x2B,0x5E,0x2B,0x5E,0x2B,0x5E,
    0x2B,0x5E,0x2B,0x5E,0x2B,0x5E,0x2B,0x5E,0x2B,0x5E,0x2B,0x5E,0x2B,0x5E,0x31,0x34,
    0x31,0x34,0x31,0x34,0x31,0x34,0x2B,0x5E,0x2B,0x5E,0x2B,0x5E,0x2B,0x5E,0x2B,0x5E,
    0x2B,0x5E,0x2B,0x5E,0x2B,0x5E,0x2B,0x5E,0x2B,0x5E,0x2B,0x5E,0x2B,0x5E,0x2B,0x5E,
    0x2B,0x5E,0x2B,0x5E,0x2B,0x5E,0x2B,0x5E,0x2B,0x5E,0x2B,0x5E,0x2B,0x5E,0x2B,0x5E,
    0x31,0x34,0x31,0x34,0x31,0x34,0x31,0x34,0x31,0x34,0x31,0x34,0x31,0x34,0x31,0x34,
    0x31,0x34,0x31,0x34,0x31,0x34,0x31,0x34,0x31,0x34,0x2B,0x5E,0x2B,0x5E,0x2B,0x5E,
    0x31,0x34,0x31,0x34,0x31,0x34,0x31,0x34,0x31,0x34,0x31,0x34,0x31,0x34,0x31,0x34,
    0x31,0x34,0x31,0x34,0x31,0x34,0x31,0x34,0x31,0x34,0x31,0x34,0x31,0x34,0x31,0x34,
    0x31,0x34,0x31,0x34,0x31,0x34,0x31,0x34,0x31,0x34,0x31,0x34,0x31,0x34,0x31,0x34,
    0x31,0x34,0x31,0x34,0x31,0x34,0x31,0x34,0x31,0x34,0x31,0x34,0x31,0x34,0x31,0x34,
    0x31,0x34,0x31,0x34,0x31,0x34,0x31,0x34,0x31,0x34,0x31,0x34,0x31,0x34,0x31,0x34,
    0x31,0x34,0x31,0x34,0x31,0x34,0x31,0x34,0x31,0x34,0x31,0x34,0x31,0x34,0x31,0x34,
    0x31,0x34,0x31,0x34,0x31,0x34,0x31,0x34,0x31,0x34,0x31,0x34,0x31,0x34,0x31,0x34,
    0x31,0x34,0x31,0x34,0x31,0x34,0x31,0x34,0x31,0x34,0x2B,0x5E,0x2B,0x5E,0x31,0x34,
    0x31,0x34,0x31,0x34,0x31,0x34,0x31,0x34,0x31,0x34,0x31,0x34,0x2B,0x5E,0x2B,0x5E,
    0x31,0x34,0x31,0x34,0x31,0x34,0x31,0x34,0x31,0x34,0x31,0x34,0x31,0x34,0x31,0x34,
    0x31,0x34,0x31,0x34,0x31,0x34,0x31,0x34,0x2B,0x5E,0x2B,0x5E,0x25,0x08,0x25,0x08,
    0x25,0x08,0x25,0x08,0x25,0x08,0x25,0x08,0x25,0x08,0x25,0x08,0x25,0x08,0x25,0x08,
    0x25,0x08,0x25,0x08,0x25,0x08,0x25,0x08,0x25,0x08,0x25,0x08,0x25,0x08,0x25,0x08,
    0x25,0x08,0x25,0x08,0x25,0x08,0x25,0x08,0x25,0x08,0x25,0x08,0x25,0x08,0x25,0x08,
    0x25,0x08,0x25,0x08,0x25,0x08,0x25,0x08,0x25,0x08,0x25,0x08,0x25,0x08,0x25,0x08,
    0x25,0x08,0x25,0x08,0x25,0x08,0x25,0x08,0x25,0x08,0x25,0x08,0x25,0x08,0x25,0x08,
    0x25,0x08,0x25,0x08,0x25,0x08,0x25,0x08,0x25,0x08,0x25,0x08,0x25,0x08,0x25,0x08,
    0x31,0x34,0x31,0x34,0x31,0x34,0x2B,0x5E,0x2B,0x5E,0x31,0x34,0xAE,0x21,0xAE,0x21,
    0x31,0x34,0x2B,0x5E,0x2B,0x5E,0x2B,0x5E,0x2B,0x5E,0x2B,0x5E,0x2B,0x5E,0x2B,0x5E,
    0x31,0x34,0xAE,0x21,0xAE,0x21,0x31,0x34,0x2B,0x5E,0x2B,0x5E,0x31,0x34,0x31,0x34,
    0x31,0x34,0x31,0x34,0x31,0x34,0x31,0x34,0x2B,0x5E,0x2B,0x5E,0x2B,0x5E,0xAE,0x21,
    0xAE,0x21,0x2B,0x5E,0x2B,0x5E,0x2B,0x5E,0x2B,0x5E,0x2B,0x5E,0x2B,0x5E,0x2B,0x5E,
    0x2B,0x5E,0x2B,0x5E,0xAE,0x21,0xAE,0x21,0x2B,0x5E,0x2B,0x5E,0x2B,0x5E,0x31,0x34,
    0x31,0x34,0x31,0x34,0x31,0x34,0x31,0x34,0x31,0x34,0x2B,0x5E,0x2B,0x5E,0x2B,0x5E,
    0xAE,0x21,0xAE,0x21,0x2B,0x5E,0x2B,0x5E,0x2B,0x5E,0x2B,0x5E,0x2B,0x5E,0x2B,0x5E,
    0x2B,0x5E,0x2B,0x5E,0x2B,0x5E,0xAE,0x21,0xAE,0x21,0x2B,0x5E,0x2B,0x5E,0x2B,0x5E,
    0x31,0x34,0x31,0x34,0x31,0x34,0x31,0x34,0x31,0x34,0x2B,0x5E,0x2B,0x5E,0x2B,0x5E,
    0x2B,0x5E,0xAE,0x21,0xAE,0x21,0x2B,0x5E,0x2B,0x5E,0x2B,0x5E,0x2B,0x5E,0x2B,0x5E,
    0x2B,0x5E,0x2B,0x5E,0x2B,0x5E,0x2B,0x5E,0xAE,0x21,0xAE,0x21,0x2B,0x5E,0x2B,0x5E,
    0x2B,0x5E,0x2B,0x5E,0x31,0x34,0x31,0x34,0x31,0x34,0x31,0x34,0x2B,0x5E,0x2B,0x5E,
    0x2B,0x5E,0x2B,0x5E,0xAE,0x21,0xAE,0x21,0x2B,0x5E,0x2B,0x5E,0x2B,0x5E,0x2B,0x5E,
    0x2B,0x5E,0x2B,0x5E,0x2B,0x5E,0x2B,0x5E,0x2B,0x5E,0xAE,0x21,0xAE,0x21,0x2B,0x5E,
    0x2B,0x5E,0x2B,0x5E,0x2B,0x5E,0x31,0x34,0x31,0x34,0x25,0x08,0x25,0x08,0x25,0x08,
    0xAE,0x21,0xAE,0x21,0xAE,0x21,0xAE,0x21,0xAE,0x21,0xAE,0x21,0xAE,0x21,0xAE,0x21,
    0xAE,0x21,0xAE,0x21,0xAE,0x21,0xAE,0x21,0xAE,0x21,0xAE,0x21,0xAE,0x21,0xAE,0x21,
    0xAE,0x21,0xAE,0x21,0xAE,0x21,0x25,0x08,0x25,0x08,0x25,0x08,0xAE,0x21,0xAE,0x21,
    0x31,0x34,0x31,0x34,0x31,0x34,0x31,0x34,0x31,0x34,0x31,0x34,0x31,0x34,0x31,0x34,
    0x31,0x34,0xAE,0x21,0xAE,0x21,0x31,0x34,0x31,0x34,0x31,0x34,0x31,0x34,0x31,0x34,
    0x31,0x34,0x31,0x34,0x31,0x34,0x31,0x34,0x31,0x34,0xAE,0x21,0xAE,0x21,0xAE,0x21,
    0xAE,0x21,0x31,0x34,0x31,0x34,0x31,0x34,0x31,0x34,0x31,0x34,0x31,0x34,0x31,0x34,
    0x31,0x34,0x31,0x34,0xAE,0x21,0xAE,0x21,0x31,0x34,0x31,0x34,0x31,0x34,0x31,0x34,
    0x31,0x34,0x31,0x34,0x31,0x34,0x31,0x34,0x31,0x34,0x31,0x34,0xAE,0x21,0xAE,0x21,
    0xAE,0x21,0xAE,0x21,0x2B,0x5E,0x31,0x34,0x31,0x34,0x31,0x34,0x31,0x34,0x31,0x34,
    0x31,0x34,0x31,0x34,0x31,0x34,0xAE,0x21,0xAE,0x21,0x31,0x34,0x31,0x34,0x31,0x34,
    0x31,0x34,0x31,0x34,0x31,0x34,0x31,0x34,0x31,0x34,0x31,0x34,0x2B,0x5E,0xAE,0x21,
    0xAE,0x21,0xAE,0x21,0xAE,0x21,0x31,0x34,0x31,0x34,0x31,0x34,0x31,0x34,0x31,0x34,
    0x31,0x34,0x31,0x34,0x31,0x34,0x31,0x34,0xAE,0x21,0xAE,0x21,0xAE,0x21,0x31,0x34,
    0x31,0x34,0x31,0x34,0x31,0x34,0x31,0x34,0x31,0x34,0x31,0x34,0x31,0x34,0x31,0x34,
    0xAE,0x21,0xAE,0x21,0xAE,0x21,0xAE,0x21,0x31,0x34,0x31,0x34,0x31,0x34,0x31,0x34,
    0x31,0x34,0x31,0x34,0x31,0x34,0x31,0x34,0x31,0x34,0xAE,0x21,0xAE,0x21,0xAE,0x21,
    0x31,0x34,0x31,0x34,0x31,0x34,0x31,0x34,0x31,0x34,0x31,0x34,0x31,0x34,0x31,0x34,
    0x31,0x34,0xAE,0x21,0xAE,0x21,0x25,0x08,0x25,0x08,0x25,0x08,0x25,0x08,0x25,0x08,
    0x25,0x08,0x25,0x08,0x25,0x08,0x25,0x08,0x25,0x08,0x25,0x08,0x25,0x08,0x25,0x08,
    0x25,0x08,0x25,0x08,0x25,0x08,0x25,0x08,0x25,0x08,0x25,0x08,0x25,0x08,0x25,0x08,
    0x25,0x08,0x25,0x08,0x25,0x08,0x25,0x08,0xAE,0x21,0xAE,0x21,0xAE,0x21,0xAE,0x21,
    0xAE,0x21,0x25,0x08,0xAE,0x21,0xAE,0x21,0xAE,0x21,0xAE,0x21,0xAE,0x21,0x25,0x08,
    0x25,0x08,0xAE,0x21,0xAE,0x21,0xAE,0x21,0x25,0x08,0xAE,0x21,0xAE,0x21,0xAE,0x21,
    0xAE,0x21,0xAE,0x21,0xAE,0x21,0x25,0x08,0x25,0x08,0xAE,0x21,0xAE,0x21,0xAE,0x21,
    0xAE,0x21,0xAE,0x21,0x25,0x08,0xAE,0x21,0xAE,0x21,0xAE,0x21,0xAE,0x21,0xAE,0x21,
    0x25,0x08,0x25,0x08,0xAE,0x21,0xAE,0x21,0xAE,0x21,0x25,0x08,0xAE,0x21,0xAE,0x21,
    0xAE,0x21,0xAE,0x21,0xAE,0x21,0xAE,0x21,0x25,0x08,0x25,0x08,0x31,0x34,0x31,0x34,
    0x31,0x34,0x31,0x34,0x31,0x34,0xAE,0x21,0x31,0x34,0x31,0x34,0x2B,0x5E,0x31,0x34,
    0x31,0x34,0xAE,0x21,0xAE,0x21,0x2B,0x5E,0x31,0x34,0x31,0x34,0xAE,0x21,0x31,0x34,
    0x31,0x34,0x2B,0x5E,0x31,0x34,0x31,0x34,0x31,0x34,0x25,0x08,0x25,0x08,0x31,0x34,
    0x31,0x34,0x2B,0x5E,0x31,0x34,0x31,0x34,0xAE,0x21,0x31,0x34,0x31,0x34,0x2B,0x5E,
    0x31,0x34,0x31,0x34,0xAE,0x21,0xAE,0x21,0x2B,0x5E,0x2B,0x5E,0x2B,0x5E,0xAE,0x21,
    0x31,0x34,0x31,0x34,0x2B,0x5E,0x2B,0x5E,0x2B,0x5E,0x31,0x34,0x25,0x08,0x25,0x08,
    0x31,0x34,0x31,0x34,0x2B,0x5E,0x31,0x34,0x31,0x34,0xAE,0x21,0x31,0x34,0x31,0x34,
    0x2B,0x5E,0x31,0x34,0x31,0x34,0xAE,0x21,0xAE,0x21,0x2B,0x5E,0x2B,0x5E,0x2B,0x5E,
    0xAE,0x21,0x31,0x34,0x31,0x34,0x2B,0x5E,0x2B,0x5E,0x2B,0x5E,0x31,0x34,0x25,0x08,
    0x25,0x08,0xFF,0xFF,0xFF,0xFF,0xFF,0xFF,0xFF,0xFF,0xFF,0xFF,0xFF,0xFF,0xFF,0xFF,
    0xFF,0xFF,0xFF,0xFF,0xFF,0xFF,0xFF,0xFF,0xFF,0xFF,0xFF,0xFF,0xFF,0xFF,0xFF,0xFF,
    0xFF,0xFF,0xFF,0xFF,0xFF,0xFF,0xFF,0xFF,0xFF,0xFF,0xFF,0xFF,0xFF,0xFF,0xFF,0xFF,
    0xFF,0xFF,0xFF,0xFF,0xFF,0xFF,0xFF,0xFF,0xFF,0xFF,0xFF,0xFF,0xFF,0xFF,0xFF,0xFF,
    0xFF,0xFF,0xFF,0xFF,0xFF,0xFF,0xFF,0xFF,0xFF,0xFF,0xFF,0xFF,0xFF,0xFF,0xFF,0xFF,
    0xFF,0xFF,0xFF,0xFF,0xFF,0xFF,0xFF,0xFF,0xFF,0xFF,0xFF,0xFF,0xFF,0xFF,0xFF,0xFF,
    0xFF,0xFF,0xFF,0xFF,0xFF,0xFF,0xFF,0xFF,0xFF,0xFF,0xFF,0xFF,0xFF,0xFF,0xFF,0xFF,
    0xFF,0xFF,0xFF,0xFF,0xFF,0xFF,0xFF,0xFF,0xFF,0xFF,0xFF,0xFF,0xFF,0xFF,0xFF,0xFF,
    0xFF,0xFF,0xFF,0xFF,0xFF,0xFF,0xFF,0xFF,0xFF,0xFF,0xFF,0xFF,0xFF,0xFF,0xFF,0xFF,
    0xFF,0xFF,0xFF,0xFF,0xFF,0xFF,0xFF,0xFF,0xFF,0xFF,0xFF,0xFF,0xFF,0xFF,0xFF,0xFF,
    0xFF,0xFF,0xFF,0xFF,0xFF,0xFF,0xFF,0xFF,0xFF,0xFF,0xFF,0xFF,0xFF,0xFF,0xFF,0xFF,
    0xFF,0xFF,0xFF,0xFF,0xFF,0xFF,0xFF,0xFF,0xFF,0xFF,0xFF,0xFF,0xFF,0xFF,0xFF,0xFF,
    0xFF,0xFF,0xFF,0xFF,0xFF,0xFF,0xFF,0xFF,0xFF,0xFF,0xFF,0xFF,0xFF,0xFF,0xFF,0xFF,
    0xFF,0xFF,0xFF,0xFF,0xFF,0xFF,0xFF,0xFF,0xFF,0xFF,0xFF,0xFF,0xFF,0xFF,0xFF,0xFF,
    0xFF,0xFF,0xFF,0xFF,0xFF,0xFF,0xFF,0xFF,0xFF,0xFF,0xFF,0xFF,0xFF,0xFF,0xFF,0xFF,
    0xFF,0xFF,0xFF,0xFF,0xFF,0xFF,0xFF,0xFF,0xFF,0xFF,0xFF,0xFF,0xFF,0xFF,0xFF,0xFF,
    0xFF,0xFF,0xFF,0xFF,0xFF,0xFF,0xFF,0xFF,0xFF,0xFF,0xFF,0xFF,0xFF,0xFF,0xFF,0xFF,
    0xFF,0xFF,0xFF,0xFF,0xFF,0xFF,0xFF,0xFF,0xFF,0xFF,0xFF,0xFF,0xFF,0xFF,0xFF,0xFF,
    0xFF,0xFF,0xFF,0xFF,0xFF,0xFF,0xFF,0xFF,0xFF,0xFF,0xFF,0xFF,0xFF,0xFF,0xFF,0xFF,
    0xFF,0xFF,0xFF,0xFF,0xFF,0xFF,0xFF,0xFF,0xFF,0xFF,0xFF,0xFF,0xFF,0xFF,0xFF,0xFF,
    0xFF,0xFF,0xFF,0xFF,0xFF,0xFF,0xFF,0xFF,0xFF,0xFF,0xFF,0xFF,0xFF,0xFF,0xFF,0xFF,
    0xFF,0xFF,0xFF,0xFF,0xFF,0xFF,0xFF,0xFF,0xFF,0xFF,0xFF,0xFF,0xFF,0xFF,0xFF,0xFF,
    0xFF,0xFF,0xFF,0xFF,0xFF,0xFF,0xFF,0xFF,0xFF,0xFF,0xFF,0xFF,0xFF,0xFF,0xFF,0xFF,
    0xFF,0xFF,0xFF,0xFF,0xFF,0xFF,0xFF,0xFF,0xFF,0xFF,0xFF,0xFF,0xFF,0xFF,0xFF,0xFF,
    0xFF,0xFF,0xFF,0xFF,0xFF,0xFF,0xFF,0xFF,0xFF,0xFF,0xFF,0xFF,0xFF,0xFF,0xFF,0xFF,
    0xFF,0xFF,0xFF,0xFF,0xFF,0xFF,0xFF,0xFF,0xFF,0xFF,0xFF,0xFF,0xFF,0xFF,0xFF,0xFF,
    0xFF,0xFF,0xFF,0xFF,0xFF,0xFF,0xFF,0xFF,0xFF,0xFF,0xFF,0xFF,0xFF,0xFF,0xFF,0xFF,
    0xFF,0xFF,0xFF,0xFF,0xFF,0xFF,0xFF,0xFF,0xFF,0xFF,0xFF,0xFF,0xFF,0xFF,0xFF,0xFF,
    0xFF,0xFF,0xFF,0xFF,0xFF,0xFF,0xFF,0xFF,0xFF,0xFF,0xFF,0xFF,0xFF,0xFF,0xFF,0xFF,
    0xFF,0xFF,0xFF,0xFF,0xFF,0xFF,0xFF,0xFF,0xFF,0xFF,0xFF,0xFF,0xFF,0xFF,0xFF,0xFF,
    0xFF,0xFF,0xFF,0xFF,0xFF,0xFF,0xFF,0xFF,0xFF,0xFF,0xFF,0xFF,0xFF,0xFF,0xFF,0xFF,
    0xFF,0xFF,0xFF,0xFF,0xFF,0xFF,0xFF,0xFF,0xFF,0xFF,0xFF,0xFF,0xFF,0xFF,0xFF,0xFF,
    0xFF,0xFF,0xFF,0xFF,0xFF,0xFF,0xFF,0xFF,0xFF,0xFF,0xFF,0xFF,0xFF,0xFF,0xFF,0xFF,
    0xFF,0xFF,0xFF,0xFF,0xFF,0xFF,0xFF,0xFF,0xFF,0xFF,0xFF,0xFF,0xFF,0xFF,0xFF,0xFF,
    0xFF,0xFF,0xFF,0xFF,0xFF,0xFF,0xFF,0xFF,0xFF,0xFF,0xFF,0xFF,0xFF,0xFF,0xFF,0xFF,
    0xFF,0xFF,0xFF,0xFF,0xFF,0xFF,0xFF,0xFF,0xFF,0xFF,0xFF,0xFF,0xFF,0xFF,0xFF,0xFF,
    0xFF,0xFF,0xFF,0xFF,0xFF,0xFF,0xFF,0xFF,0xFF,0xFF,0xFF,0xFF,0xFF,0xFF,0xFF,0xFF,
    0xFF,0xFF,0xFF,0xFF,0xFF,0xFF,0xFF,0xFF,0xFF,0xFF,0xFF,0xFF,0xFF,0xFF,0xFF,0xFF,
    0xFF,0xFF,0xFF,0xFF,0xFF,0xFF,0xFF,0xFF,0xFF,0xFF,0xFF,0xFF,0xFF,0xFF,0xFF,0xFF,
    0xFF,0xFF,0xFF,
};
const lv_image_dsc_t ui_img_jump_prince_tile_3_3 = {
    .header.w = 25,
    .header.h = 25,
    .data_size = sizeof(ui_img_jump_prince_tile_3_3_data),
    .header.cf = LV_COLOR_FORMAT_NATIVE_WITH_ALPHA,
    .header.magic = LV_IMAGE_HEADER_MAGIC,
    .data = ui_img_jump_prince_tile_3_3_data
};

const LV_ATTRIBUTE_MEM_ALIGN uint8_t ui_img_jump_prince_tile_4_3_data[] = {
    0x25,0x08,0x25,0x08,0x25,0x08,0x25,0x08,0x25,0x08,0x25,0x08,0x25,0x08,0x25,0x08,
    0x25,0x08,0x25,0x08,0x25,0x08,0x25,0x08,0x25,0x08,0x25,0x08,0x25,0x08,0x25,0x08,
    0x25,0x08,0x25,0x08,0x25,0x08,0x25,0x08,0x25,0x08,0x25,0x08,0x25,0x08,0x25,0x08,
    0x25,0x08,0x25,0x08,0x25,0x08,0x25,0x08,0x25,0x08,0x25,0x08,0x25,0x08,0x25,0x08,
    0x25,0x08,0x25,0x08,0x25,0x08,0x25,0x08,0x25,0x08,0x25,0x08,0x25,0x08,0x25,0x08,
    0x25,0x08,0x25,0x08,0x25,0x08,0x25,0x08,0x25,0x08,0x25,0x08,0x25,0x08,0x25,0x08,
    0x25,0x08,0x25,0x08,0xAE,0x21,0xAE,0x21,0xAE,0x21,0xAE,0x21,0xAE,0x21,0xAE,0x21,
    0xAE,0x21,0xAE,0x21,0xAE,0x21,0xAE,0x21,0xAE,0x21,0x25,0x08,0x25,0x08,0xAE,0x21,
    0xAE,0x21,0xAE,0x21,0xAE,0x21,0xAE,0x21,0xAE,0x21,0xAE,0x21,0xAE,0x21,0xAE,0x21,
    0xAE,0x21,0x25,0x08,0x25,0x08,0xAE,0x21,0xAE,0x21,0xAE,0x21,0xAE,0x21,0xAE,0x21,
    0xAE,0x21,0xAE,0x21,0xAE,0x21,0xAE,0x21,0xAE,0x21,0xAE,0x21,0x25,0x08,0x25,0x08,
    0xAE,0x21,0xAE,0x21,0xAE,0x21,0xAE,0x21,0xAE,0x21,0xAE,0x21,0xAE,0x21,0xAE,0x21,
    0xAE,0x21,0xAE,0x21,0x25,0x08,0x25,0x08,0xAE,0x21,0xAE,0x21,0xAE,0x21,0xAE,0x21,
    0xAE,0x21,0xAE,0x21,0xAE,0x21,0xAE,0x21,0xAE,0x21,0xAE,0x21,0xAE,0x21,0x25,0x08,
    0x25,0x08,0xAE,0x21,0xAE,0x21,0xAE,0x21,0xAE,0x21,0xAE,0x21,0xAE,0x21,0xAE,0x21,
    0xAE,0x21,0xAE,0x21,0xAE,0x21,0x25,0x08,0x25,0x08,0xAE,0x21,0xAE,0x21,0xAE,0x21,
    0xAE,0x21,0xAE,0x21,0xAE,0x21,0xAE,0x21,0xAE,0x21,0xAE,0x21,0xAE,0x21,0xAE,0x21,
    0x25,0x08,0x25,0x08,0x25,0x08,0xAE,0x21,0xAE,0x21,0xAE,0x21,0xAE,0x21,0xAE,0x21,
    0xAE,0x21,0xAE,0x21,0xAE,0x21,0xAE,0x21,0x25,0x08,0x25,0x08,0x25,0x08,0x25,0x08,
    0x25,0x08,0x25,0x08,0x25,0x08,0x25,0x08,0x25,0x08,0x25,0x08,0x25,0x08,0x25,0x08,
    0x25,0x08,0x25,0x08,0x25,0x08,0x25,0x08,0x25,0x08,0x25,0x08,0x25,0x08,0x25,0x08,
    0x25,0x08,0x25,0x08,0x25,0x08,0x25,0x08,0x25,0x08,0x25,0x08,0x25,0x08,0x25,0x08,
    0x25,0x08,0x25,0x08,0x25,0x08,0x25,0x08,0x25,0x08,0x25,0x08,0x25,0x08,0x25,0x08,
    0x25,0x08,0x25,0x08,0x25,0x08,0x25,0x08,0x25,0x08,0x25,0x08,0x25,0x08,0x25,0x08,
    0x25,0x08,0x25,0x08,0x25,0x08,0x25,0x08,0x25,0x08,0x25,0x08,0x25,0x08,0x25,0x08,
    0xAE,0x21,0xAE,0x21,0xAE,0x21,0xAE,0x21,0xAE,0x21,0x25,0x08,0xAE,0x21,0xAE,0x21,
    0xAE,0x21,0xAE,0x21,0xAE,0x21,0xAE,0x21,0xAE,0x21,0xAE,0x21,0xAE,0x21,0xAE,0x21,
    0xAE,0x21,0x25,0x08,0x25,0x08,0x25,0x08,0xAE,0x21,0xAE,0x21,0xAE,0x21,0xAE,0x21,
    0xAE,0x21,0xAE,0x21,0xAE,0x21,0xAE,0x21,0xAE,0x21,0xAE,0x21,0x25,0x08,0xAE,0x21,
    0xAE,0x21,0xAE,0x21,0xAE,0x21,0xAE,0x21,0xAE,0x21,0xAE,0x21,0xAE,0x21,0xAE,0x21,
    0xAE,0x21,0xAE,0x21,0xAE,0x21,0xAE,0x21,0x25,0x08,0xAE,0x21,0xAE,0x21,0xAE,0x21,
    0xAE,0x21,0xAE,0x21,0xAE,0x21,0xAE,0x21,0xAE,0x21,0xAE,0x21,0xAE,0x21,0x25,0x08,
    0xAE,0x21,0xAE,0x21,0xAE,0x21,0xAE,0x21,0xAE,0x21,0xAE,0x21,0xAE,0x21,0xAE,0x21,
    0xAE,0x21,0xAE,0x21,0xAE,0x21,0xAE,0x21,0xAE,0x21,0x25,0x08,0xAE,0x21,0xAE,0x21,
    0xAE,0x21,0xAE,0x21,0xAE,0x21,0xAE,0x21,0xAE,0x21,0xAE,0x21,0xAE,0x21,0xAE,0x21,
    0x25,0x08,0xAE,0x21,0xAE,0x21,0xAE,0x21,0xAE,0x21,0xAE,0x21,0xAE,0x21,0xAE,0x21,
    0xAE,0x21,0xAE,0x21,0xAE,0x21,0xAE,0x21,0xAE,0x21,0xAE,0x21,0x25,0x08,0x25,0x08,
    0x25,0x08,0xAE,0x21,0xAE,0x21,0xAE,0x21,0xAE,0x21,0xAE,0x21,0xAE,0x21,0xAE,0x21,
    0xAE,0x21,0x25,0x08,0xAE,0x21,0xAE,0x21,0xAE,0x21,0xAE,0x21,0xAE,0x21,0xAE,0x21,
    0xAE,0x21,0xAE,0x21,0xAE,0x21,0xAE,0x21,0xAE,0x21,0xAE,0x21,0xAE,0x21,0x25,0x08,
    0x25,0x08,0x25,0x08,0xAE,0x21,0xAE,0x21,0xAE,0x21,0x25,0x08,0x25,0x08,0x25,0x08,
    0x25,0x08,0x25,0x08,0x25,0x08,0x25,0x08,0x25,0x08,0x25,0x08,0x25,0x08,0x25,0x08,
    0x25,0x08,0x25,0x08,0x25,0x08,0x25,0x08,0x25,0x08,0x25,0x08,0x25,0x08,0x25,0x08,
    0x25,0x08,0x25,0x08,0x25,0x08,0x25,0x08,0x25,0x08,0x25,0x08,0xAE,0x21,0xAE,0x21,
    0xAE,0x21,0xAE,0x21,0xAE,0x21,0xAE,0x21,0xAE,0x21,0xAE,0x21,0xAE,0x21,0x25,0x08,
    0x25,0x08,0xAE,0x21,0xAE,0x21,0xAE,0x21,0xAE,0x21,0xAE,0x21,0xAE,0x21,0xAE,0x21,
    0xAE,0x21,0xAE,0x21,0xAE,0x21,0xAE,0x21,0xAE,0x21,0x25,0x08,0x25,0x08,0xAE,0x21,
    0xAE,0x21,0xAE,0x21,0xAE,0x21,0xAE,0x21,0xAE,0x21,0xAE,0x21,0xAE,0x21,0xAE,0x21,
    0x25,0x08,0x25,0x08,0xAE,0x21,0xAE,0x21,0xAE,0x21,0xAE,0x21,0xAE,0x21,0xAE,0x21,
    0xAE,0x21,0xAE,0x21,0xAE,0x21,0xAE,0x21,0xAE,0x21,0xAE,0x21,0x25,0x08,0x25,0x08,
    0xAE,0x21,0xAE,0x21,0xAE,0x21,0xAE,0x21,0xAE,0x21,0xAE,0x21,0xAE,0x21,0xAE,0x21,
    0xAE,0x21,0x25,0x08,0x25,0x08,0xAE,0x21,0xAE,0x21,0xAE,0x21,0xAE,0x21,0xAE,0x21,
    0xAE,0x21,0xAE,0x21,0xAE,0x21,0xAE,0x21,0xAE,0x21,0xAE,0x21,0xAE,0x21,0x25,0x08,
    0x25,0x08,0xAE,0x21,0xAE,0x21,0xAE,0x21,0xAE,0x21,0xAE,0x21,0xAE,0x21,0xAE,0x21,
    0xAE,0x21,0x25,0x08,0x25,0x08,0x25,0x08,0xAE,0x21,0xAE,0x21,0xAE,0x21,0xAE,0x21,
    0xAE,0x21,0xAE,0x21,0xAE,0x21,0xAE,0x21,0xAE,0x21,0xAE,0x21,0xAE,0x21,0xAE,0x21,
    0x25,0x08,0x25,0x08,0xAE,0x21,0xAE,0x21,0xAE,0x21,0xAE,0x21,0xAE,0x21,0xAE,0x21,
    0xAE,0x21,0xAE,0x21,0x25,0x08,0x25,0x08,0x25,0x08,0xAE,0x21,0xAE,0x21,0xAE,0x21,
    0xAE,0x21,0xAE,0x21,0xAE,0x21,0xAE,0x21,0xAE,0x21,0xAE,0x21,0xAE,0x21,0xAE,0x21,
    0xAE,0x21,0x25,0x08,0x25,0x08,0x25,0x08,0x25,0x08,0x25,0x08,0x25,0x08,0x25,0x08,
    0x25,0x08,0x25,0x08,0x25,0x08,0x25,0x08,0x25,0x08,0x25,0x08,0x25,0x08,0x25,0x08,
    0x25,0x08,0x25,0x08,0x25,0x08,0x25,0x08,0x25,0x08,0x25,0x08,0x25,0x08,0x25,0x08,
    0x25,0x08,0x25,0x08,0x25,0x08,0x25,0x08,0xAE,0x21,0xAE,0x21,0xAE,0x21,0xAE,0x21,
    0xAE,0x21,0x25,0x08,0xAE,0x21,0xAE,0x21,0xAE,0x21,0xAE,0x21,0xAE,0x21,0xAE,0x21,
    0xAE,0x21,0xAE,0x21,0xAE,0x21,0xAE,0x21,0xAE,0x21,0x25,0x08,0x25,0x08,0xAE,0x21,
    0xAE,0x21,0xAE,0x21,0xAE,0x21,0xAE,0x21,0xAE,0x21,0xAE,0x21,0xAE,0x21,0xAE,0x21,
    0xAE,0x21,0xAE,0x21,0x25,0x08,0xAE,0x21,0xAE,0x21,0xAE,0x21,0xAE,0x21,0xAE,0x21,
    0xAE,0x21,0xAE,0x21,0xAE,0x21,0xAE,0x21,0xAE,0x21,0xAE,0x21,0x25,0x08,0x25,0x08,
    0xAE,0x21,0xAE,0x21,0xAE,0x21,0xAE,0x21,0xAE,0x21,0xAE,0x21,0xAE,0x21,0xAE,0x21,
    0xAE,0x21,0xAE,0x21,0xAE,0x21,0x25,0x08,0xAE,0x21,0xAE,0x21,0xAE,0x21,0xAE,0x21,
    0xAE,0x21,0xAE,0x21,0xAE,0x21,0xAE,0x21,0xAE,0x21,0xAE,0x21,0xAE,0x21,0x25,0x08,
    0x25,0x08,0xAE,0x21,0xAE,0x21,0xAE,0x21,0xAE,0x21,0xAE,0x21,0xAE,0x21,0xAE,0x21,
    0xAE,0x21,0xAE,0x21,0xAE,0x21,0xAE,0x21,0x25,0x08,0xAE,0x21,0xAE,0x21,0xAE,0x21,
    0xAE,0x21,0xAE,0x21,0xAE,0x21,0xAE,0x21,0xAE,0x21,0xAE,0x21,0xAE,0x21,0x25,0x08,
    0x25,0x08,0x25,0x08,0x25,0x08,0xAE,0x21,0xAE,0x21,0xAE,0x21,0xAE,0x21,0xAE,0x21,
    0xAE,0x21,0xAE,0x21,0xAE,0x21,0xAE,0x21,0xAE,0x21,0x25,0x08,0xAE,0x21,0xAE,0x21,
    0xAE,0x21,0xAE,0x21,0xAE,0x21,0xAE,0x21,0xAE,0x21,0xAE,0x21,0xAE,0x21,0xAE,0x21,
    0x25,0x08,0x25,0x08,0x25,0x08,0x25,0x08,0xAE,0x21,0xAE,0x21,0xAE,0x21,0xAE,0x21,
    0xAE,0x21,0xFF,0xFF,0xFF,0xFF,0xFF,0xFF,0xFF,0xFF,0xFF,0xFF,0xFF,0xFF,0xFF,0xFF,
    0xFF,0xFF,0xFF,0xFF,0xFF,0xFF,0xFF,0xFF,0xFF,0xFF,0xFF,0xFF,0xFF,0xFF,0xFF,0xFF,
    0xFF,0xFF,0xFF,0xFF,0xFF,0xFF,0xFF,0xFF,0xFF,0xFF,0xFF,0xFF,0xFF,0xFF,0xFF,0xFF,
    0xFF,0xFF,0xFF,0xFF,0xFF,0xFF,0xFF,0xFF,0xFF,0xFF,0xFF,0xFF,0xFF,0xFF,0xFF,0xFF,
    0xFF,0xFF,0xFF,0xFF,0xFF,0xFF,0xFF,0xFF,0xFF,0xFF,0xFF,0xFF,0xFF,0xFF,0xFF,0xFF,
    0xFF,0xFF,0xFF,0xFF,0xFF,0xFF,0xFF,0xFF,0xFF,0xFF,0xFF,0xFF,0xFF,0xFF,0xFF,0xFF,
    0xFF,0xFF,0xFF,0xFF,0xFF,0xFF,0xFF,0xFF,0xFF,0xFF,0xFF,0xFF,0xFF,0xFF,0xFF,0xFF,
    0xFF,0xFF,0xFF,0xFF,0xFF,0xFF,0xFF,0xFF,0xFF,0xFF,0xFF,0xFF,0xFF,0xFF,0xFF,0xFF,
    0xFF,0xFF,0xFF,0xFF,0xFF,0xFF,0xFF,0xFF,0xFF,0xFF,0xFF,0xFF,0xFF,0xFF,0xFF,0xFF,
    0xFF,0xFF,0xFF,0xFF,0xFF,0xFF,0xFF,0xFF,0xFF,0xFF,0xFF,0xFF,0xFF,0xFF,0xFF,0xFF,
    0xFF,0xFF,0xFF,0xFF,0xFF,0xFF,0xFF,0xFF,0xFF,0xFF,0xFF,0xFF,0xFF,0xFF,0xFF,0xFF,
    0xFF,0xFF,0xFF,0xFF,0xFF,0xFF,0xFF,0xFF,0xFF,0xFF,0xFF,0xFF,0xFF,0xFF,0xFF,0xFF,
    0xFF,0xFF,0xFF,0xFF,0xFF,0xFF,0xFF,0xFF,0xFF,0xFF,0xFF,0xFF,0xFF,0xFF,0xFF,0xFF,
    0xFF,0xFF,0xFF,0xFF,0xFF,0xFF,0xFF,0xFF,0xFF,0xFF,0xFF,0xFF,0xFF,0xFF,0xFF,0xFF,
    0xFF,0xFF,0xFF,0xFF,0xFF,0xFF,0xFF,0xFF,0xFF,0xFF,0xFF,0xFF,0xFF,0xFF,0xFF,0xFF,
    0xFF,0xFF,0xFF,0xFF,0xFF,0xFF,0xFF,0xFF,0xFF,0xFF,0xFF,0xFF,0xFF,0xFF,0xFF,0xFF,
    0xFF,0xFF,0xFF,0xFF,0xFF,0xFF,0xFF,0xFF,0xFF,0xFF,0xFF,0xFF,0xFF,0xFF,0xFF,0xFF,
    0xFF,0xFF,0xFF,0xFF,0xFF,0xFF,0xFF,0xFF,0xFF,0xFF,0xFF,0xFF,0xFF,0xFF,0xFF,0xFF,
    0xFF,0xFF,0xFF,0xFF,0xFF,0xFF,0xFF,0xFF,0xFF,0xFF,0xFF,0xFF,0xFF,0xFF,0xFF,0xFF,
    0xFF,0xFF,0xFF,0xFF,0xFF,0xFF,0xFF,0xFF,0xFF,0xFF,0xFF,0xFF,0xFF,0xFF,0xFF,0xFF,
    0xFF,0xFF,0xFF,0xFF,0xFF,0xFF,0xFF,0xFF,0xFF,0xFF,0xFF,0xFF,0xFF,0xFF,0xFF,0xFF,
    0xFF,0xFF,0xFF,0xFF,0xFF,0xFF,0xFF,0xFF,0xFF,0xFF,0xFF,0xFF,0xFF,0xFF,0xFF,0xFF,
    0xFF,0xFF,0xFF,0xFF,0xFF,0xFF,0xFF,0xFF,0xFF,0xFF,0xFF,0xFF,0xFF,0xFF,0xFF,0xFF,
    0xFF,0xFF,0xFF,0xFF,0xFF,0xFF,0xFF,0xFF,0xFF,0xFF,0xFF,0xFF,0xFF,0xFF,0xFF,0xFF,
    0xFF,0xFF,0xFF,0xFF,0xFF,0xFF,0xFF,0xFF,0xFF,0xFF,0xFF,0xFF,0xFF,0xFF,0xFF,0xFF,
    0xFF,0xFF,0xFF,0xFF,0xFF,0xFF,0xFF,0xFF,0xFF,0xFF,0xFF,0xFF,0xFF,0xFF,0xFF,0xFF,
    0xFF,0xFF,0xFF,0xFF,0xFF,0xFF,0xFF,0xFF,0xFF,0xFF,0xFF,0xFF,0xFF,0xFF,0xFF,0xFF,
    0xFF,0xFF,0xFF,0xFF,0xFF,0xFF,0xFF,0xFF,0xFF,0xFF,0xFF,0xFF,0xFF,0xFF,0xFF,0xFF,
    0xFF,0xFF,0xFF,0xFF,0xFF,0xFF,0xFF,0xFF,0xFF,0xFF,0xFF,0xFF,0xFF,0xFF,0xFF,0xFF,
    0xFF,0xFF,0xFF,0xFF,0xFF,0xFF,0xFF,0xFF,0xFF,0xFF,0xFF,0xFF,0xFF,0xFF,0xFF,0xFF,
    0xFF,0xFF,0xFF,0xFF,0xFF,0xFF,0xFF,0xFF,0xFF,0xFF,0xFF,0xFF,0xFF,0xFF,0xFF,0xFF,
    0xFF,0xFF,0xFF,0xFF,0xFF,0xFF,0xFF,0xFF,0xFF,0xFF,0xFF,0xFF,0xFF,0xFF,0xFF,0xFF,
    0xFF,0xFF,0xFF,0xFF,0xFF,0xFF,0xFF,0xFF,0xFF,0xFF,0xFF,0xFF,0xFF,0xFF,0xFF,0xFF,
    0xFF,0xFF,0xFF,0xFF,0xFF,0xFF,0xFF,0xFF,0xFF,0xFF,0xFF,0xFF,0xFF,0xFF,0xFF,0xFF,
    0xFF,0xFF,0xFF,0xFF,0xFF,0xFF,0xFF,0xFF,0xFF,0xFF,0xFF,0xFF,0xFF,0xFF,0xFF,0xFF,
    0xFF,0xFF,0xFF,0xFF,0xFF,0xFF,0xFF,0xFF,0xFF,0xFF,0xFF,0xFF,0xFF,0xFF,0xFF,0xFF,
    0xFF,0xFF,0xFF,0xFF,0xFF,0xFF,0xFF,0xFF,0xFF,0xFF,0xFF,0xFF,0xFF,0xFF,0xFF,0xFF,
    0xFF,0xFF,0xFF,0xFF,0xFF,0xFF,0xFF,0xFF,0xFF,0xFF,0xFF,0xFF,0xFF,0xFF,0xFF,0xFF,
    0xFF,0xFF,0xFF,0xFF,0xFF,0xFF,0xFF,0xFF,0xFF,0xFF,0xFF,0xFF,0xFF,0xFF,0xFF,0xFF,
    0xFF,0xFF,0xFF,
};
const lv_image_dsc_t ui_img_jump_prince_tile_4_3 = {
    .header.w = 25,
    .header.h = 25,
    .data_size = sizeof(ui_img_jump_prince_tile_4_3_data),
    .header.cf = LV_COLOR_FORMAT_NATIVE_WITH_ALPHA,
    .header.magic = LV_IMAGE_HEADER_MAGIC,
    .data = ui_img_jump_prince_tile_4_3_data
};

const LV_ATTRIBUTE_MEM_ALIGN uint8_t ui_img_jump_prince_tile_5_3_data[] = {
    0x25,0x08,0x25,0x08,0x25,0x08,0x25,0x08,0x25,0x08,0x25,0x08,0x25,0x08,0x25,0x08,
    0x25,0x08,0x25,0x08,0x25,0x08,0x25,0x08,0x25,0x08,0x25,0x08,0x25,0x08,0x25,0x08,
    0x25,0x08,0x25,0x08,0x25,0x08,0x25,0x08,0x25,0x08,0x25,0x08,0x25,0x08,0x25,0x08,
    0x25,0x08,0x25,0x08,0x25,0x08,0x25,0x08,0x25,0x08,0x25,0x08,0x25,0x08,0x25,0x08,
    0x25,0x08,0x25,0x08,0x25,0x08,0x25,0x08,0x25,0x08,0x25,0x08,0x25,0x08,0x25,0x08,
    0x25,0x08,0x25,0x08,0x25,0x08,0x25,0x08,0x25,0x08,0x25,0x08,0x25,0x08,0x25,0x08,
    0x25,0x08,0x25,0x08,0xAE,0x21,0xAE,0x21,0xAE,0x21,0xAE,0x21,0xAE,0x21,0xAE,0x21,
    0x25,0x08,0x25,0x08,0xAE,0x21,0xAE,0x21,0xAE,0x21,0xAE,0x21,0xAE,0x21,0xAE,0x21,
    0xAE,0x21,0xAE,0x21,0x25,0x08,0x25,0x08,0x25,0x08,0xAE,0x21,0xAE,0x21,0xAE,0x21,
    0xAE,0x21,0xAE,0x21,0xAE,0x21,0xAE,0x21,0xAE,0x21,0xAE,0x21,0xAE,0x21,0xAE,0x21,
    0xAE,0x21,0x25,0x08,0x25,0x08,0xAE,0x21,0xAE,0x21,0xAE,0x21,0xAE,0x21,0xAE,0x21,
    0xAE,0x21,0xAE,0x21,0xAE,0x21,0xAE,0x21,0x25,0x08,0x25,0x08,0xAE,0x21,0xAE,0x21,
    0xAE,0x21,0xAE,0x21,0xAE,0x21,0xAE,0x21,0xAE,0x21,0xAE,0x21,0xAE,0x21,0xAE,0x21,
    0xAE,0x21,0xAE,0x21,0x25,0x08,0x25,0x08,0xAE,0x21,0xAE,0x21,0xAE,0x21,0xAE,0x21,
    0xAE,0x21,0xAE,0x21,0xAE,0x21,0xAE,0x21,0xAE,0x21,0x25,0x08,0x25,0x08,0xAE,0x21,
    0xAE,0x21,0xAE,0x21,0xAE,0x21,0xAE,0x21,0xAE,0x21,0xAE,0x21,0xAE,0x21,0xAE,0x21,
    0xAE,0x21,0xAE,0x21,0xAE,0x21,0x25,0x08,0x25,0x08,0x25,0x08,0xAE,0x21,0xAE,0x21,
    0xAE,0x21,0xAE,0x21,0xAE,0x21,0xAE,0x21,0xAE,0x21,0xAE,0x21,0x25,0x08,0x25,0x08,
    0xAE,0x21,0xAE,0x21,0xAE,0x21,0xAE,0x21,0xAE,0x21,0xAE,0x21,0x25,0x08,0x25,0x08,
    0x25,0x08,0x25,0x08,0x25,0x08,0x25,0x08,0x25,0x08,0x25,0x08,0x25,0x08,0x25,0x08,
    0x25,0x08,0x25,0x08,0x25,0x08,0x25,0x08,0x25,0x08,0x25,0x08,0x25,0x08,0x25,0x08,
    0x25,0x08,0x25,0x08,0x25,0x08,0x25,0x08,0x25,0x08,0x25,0x08,0x25,0x08,0x25,0x08,
    0x25,0x08,0x25,0x08,0x25,0x08,0x25,0x08,0x25,0x08,0x25,0x08,0x25,0x08,0x25,0x08,
    0x25,0x08,0x25,0x08,0x25,0x08,0x25,0x08,0x25,0x08,0x25,0x08,0x25,0x08,0x25,0x08,
    0x25,0x08,0x25,0x08,0x25,0x08,0x25,0x08,0x25,0x08,0x25,0x08,0x25,0x08,0x25,0x08,
    0xAE,0x21,0xAE,0x21,0xAE,0x21,0xAE,0x21,0xAE,0x21,0xAE,0x21,0xAE,0x21,0xAE,0x21,
    0xAE,0x21,0xAE,0x21,0xAE,0x21,0x25,0x08,0x25,0x08,0xAE,0x21,0xAE,0x21,0xAE,0x21,
    0x25,0x08,0xAE,0x21,0xAE,0x21,0xAE,0x21,0xAE,0x21,0xAE,0x21,0xAE,0x21,0x25,0x08,
    0x25,0x08,0x25,0x08,0x25,0x08,0xAE,0x21,0xAE,0x21,0xAE,0x21,0xAE,0x21,0xAE,0x21,
    0xAE,0x21,0xAE,0x21,0x25,0x08,0x25,0x08,0x25,0x08,0x25,0x08,0xAE,0x21,0xAE,0x21,
    0xAE,0x21,0x25,0x08,0xAE,0x21,0xAE,0x21,0xAE,0x21,0xAE,0x21,0xAE,0x21,0xAE,0x21,
    0x25,0x08,0x25,0x08,0x25,0x08,0x25,0x08,0xAE,0x21,0xAE,0x21,0xAE,0x21,0xAE,0x21,
    0xAE,0x21,0xAE,0x21,0xAE,0x21,0x25,0x08,0x25,0x08,0x25,0x08,0x25,0x08,0xAE,0x21,
    0xAE,0x21,0xAE,0x21,0x25,0x08,0xAE,0x21,0xAE,0x21,0xAE,0x21,0xAE,0x21,0xAE,0x21,
    0xAE,0x21,0x25,0x08,0x25,0x08,0x25,0x08,0x25,0x08,0x25,0x08,0x25,0x08,0x25,0x08,
    0x25,0x08,0x25,0x08,0x25,0x08,0x25,0x08,0x25,0x08,0x25,0x08,0x25,0x08,0x25,0x08,
    0xAE,0x21,0xAE,0x21,0xAE,0x21,0x25,0x08,0x25,0x08,0x25,0x08,0x25,0x08,0x25,0x08,
    0x25,0x08,0x25,0x08,0x25,0x08,0x25,0x08,0x25,0x08,0x25,0x08,0x25,0x08,0x25,0x08,
    0x25,0x08,0x25,0x08,0x25,0x08,0x25,0x08,0x25,0x08,0x25,0x08,0x25,0x08,0x25,0x08,
    0x25,0x08,0xAE,0x21,0xAE,0x21,0xAE,0x21,0x25,0x08,0x25,0x08,0x25,0x08,0x25,0x08,
    0x25,0x08,0x25,0x08,0x25,0x08,0x25,0x08,0x25,0x08,0x25,0x08,0x25,0x08,0x25,0x08,
    0x25,0x08,0x25,0x08,0x25,0x08,0x25,0x08,0x25,0x08,0x25,0x08,0x25,0x08,0x25,0x08,
    0x25,0x08,0x25,0x08,0x25,0x08,0x25,0x08,0x25,0x08,0x25,0x08,0x25,0x08,0x25,0x08,
    0x25,0x08,0x25,0x08,0x25,0x08,0x25,0x08,0x25,0x08,0x25,0x08,0x25,0x08,0x25,0x08,
    0x25,0x08,0x25,0x08,0x25,0x08,0x25,0x08,0x25,0x08,0x25,0x08,0x25,0x08,0x25,0x08,
    0x25,0x08,0x25,0x08,0x25,0x08,0x25,0x08,0x25,0x08,0x25,0x08,0x25,0x08,0x25,0x08,
    0x25,0x08,0x25,0x08,0x25,0x08,0x25,0x08,0x25,0x08,0x25,0x08,0x25,0x08,0x25,0x08,
    0x25,0x08,0x25,0x08,0x25,0x08,0x25,0x08,0x25,0x08,0x25,0x08,0x25,0x08,0x25,0x08,
    0x25,0x08,0x25,0x08,0x25,0x08,0x25,0x08,0x25,0x08,0x25,0x08,0x25,0x08,0x25,0x08,
    0x25,0x08,0x25,0x08,0x25,0x08,0x25,0x08,0x25,0x08,0x25,0x08,0x25,0x08,0x25,0x08,
    0x25,0x08,0x25,0x08,0x25,0x08,0x25,0x08,0x25,0x08,0x25,0x08,0x25,0x08,0x25,0x08,
    0x25,0x08,0x25,0x08,0x25,0x08,0x25,0x08,0x25,0x08,0x25,0x08,0x25,0x08,0x25,0x08,
    0x25,0x08,0x25,0x08,0x25,0x08,0x25,0x08,0x25,0x08,0x25,0x08,0x25,0x08,0x25,0x08,
    0x25,0x08,0x25,0x08,0x25,0x08,0x25,0x08,0x25,0x08,0x25,0x08,0x25,0x08,0x25,0x08,
    0x25,0x08,0x25,0x08,0x25,0x08,0x25,0x08,0x25,0x08,0x25,0x08,0x25,0x08,0x25,0x08,
    0x25,0x08,0x25,0x08,0x25,0x08,0x25,0x08,0x25,0x08,0x25,0x08,0x25,0x08,0x25,0x08,
    0x25,0x08,0x25,0x08,0x25,0x08,0x25,0x08,0x25,0x08,0x25,0x08,0x25,0x08,0x25,0x08,
    0x25,0x08,0x25,0x08,0x25,0x08,0x25,0x08,0x25,0x08,0x25,0x08,0x25,0x08,0x25,0x08,
    0x25,0x08,0x25,0x08,0x25,0x08,0x25,0x08,0x25,0x08,0x25,0x08,0x25,0x08,0x25,0x08,
    0x25,0x08,0x25,0x08,0x25,0x08,0x25,0x08,0x25,0x08,0x25,0x08,0x25,0x08,0x25,0x08,
    0x25,0x08,0x25,0x08,0x25,0x08,0x25,0x08,0x25,0x08,0x25,0x08,0x25,0x08,0x25,0x08,
    0x25,0x08,0x25,0x08,0x25,0x08,0x25,0x08,0x25,0x08,0x25,0x08,0x25,0x08,0x25,0x08,
    0x25,0x08,0x25,0x08,0x25,0x08,0x25,0x08,0x25,0x08,0x25,0x08,0x25,0x08,0x25,0x08,
    0x25,0x08,0x25,0x08,0x25,0x08,0x25,0x08,0x25,0x08,0x25,0x08,0x25,0x08,0x25,0x08,
    0x25,0x08,0x25,0x08,0x25,0x08,0x25,0x08,0x25,0x08,0x25,0x08,0x25,0x08,0x25,0x08,
    0x25,0x08,0x25,0x08,0x25,0x08,0x25,0x08,0x25,0x08,0x25,0x08,0x25,0x08,0x25,0x08,
    0x25,0x08,0x25,0x08,0x25,0x08,0x25,0x08,0x25,0x08,0x25,0x08,0x25,0x08,0x25,0x08,
    0x25,0x08,0x25,0x08,0x25,0x08,0x25,0x08,0x25,0x08,0x25,0x08,0x25,0x08,0x25,0x08,
    0x25,0x08,0x25,0x08,0x25,0x08,0x25,0x08,0x25,0x08,0x25,0x08,0x25,0x08,0x25,0x08,
    0x25,0x08,0x25,0x08,0x25,0x08,0x25,0x08,0x25,0x08,0x25,0x08,0x25,0x08,0x25,0x08,
    0x25,0x08,0x25,0x08,0x25,0x08,0x25,0x08,0x25,0x08,0x25,0x08,0x25,0x08,0x25,0x08,
    0x25,0x08,0x25,0x08,0x25,0x08,0x25,0x08,0x25,0x08,0x25,0x08,0x25,0x08,0x25,0x08,
    0x25,0x08,0x25,0x08,0x25,0x08,0x25,0x08,0x25,0x08,0x25,0x08,0x25,0x08,0x25,0x08,
    0x25,0x08,0x25,0x08,0x25,0x08,0x25,0x08,0x25,0x08,0x25,0x08,0x25,0x08,0x25,0x08,
    0x25,0x08,0x25,0x08,0x25,0x08,0x25,0x08,0x25,0x08,0x25,0x08,0x25,0x08,0x25,0x08,
    0x25,0x08,0x25,0x08,0x25,0x08,0x25,0x08,0x25,0x08,0x25,0x08,0x25,0x08,0x25,0x08,
    0x25,0x08,0x25,0x08,0x25,0x08,0x25,0x08,0x25,0x08,0x25,0x08,0x25,0x08,0x25,0x08,
    0x25,0x08,0x25,0x08,0x25,0x08,0x25,0x08,0x25,0x08,0x25,0x08,0x25,0x08,0x25,0x08,
    0x25,0x08,0xFF,0xFF,0xFF,0xFF,0xFF,0xFF,0xFF,0xFF,0xFF,0xFF,0xFF,0xFF,0xFF,0xFF,
    0xFF,0xFF,0xFF,0xFF,0xFF,0xFF,0xFF,0xFF,0xFF,0xFF,0xFF,0xFF,0xFF,0xFF,0xFF,0xFF,
    0xFF,0xFF,0xFF,0xFF,0xFF,0xFF,0xFF,0xFF,0xFF,0xFF,0xFF,0xFF,0xFF,0xFF,0xFF,0xFF,
    0xFF,0xFF,0xFF,0xFF,0xFF,0xFF,0xFF,0xFF,0xFF,0xFF,0xFF,0xFF,0xFF,0xFF,0xFF,0xFF,
    0xFF,0xFF,0xFF,0xFF,0xFF,0xFF,0xFF,0xFF,0xFF,0xFF,0xFF,0xFF,0xFF,0xFF,0xFF,0xFF,
    0xFF,0xFF,0xFF,0xFF,0xFF,0xFF,0xFF,0xFF,0xFF,0xFF,0xFF,0xFF,0xFF,0xFF,0xFF,0xFF,
    0xFF,0xFF,0xFF,0xFF,0xFF,0xFF,0xFF,0xFF,0xFF,0xFF,0xFF,0xFF,0xFF,0xFF,0xFF,0xFF,
    0xFF,0xFF,0xFF,0xFF,0xFF,0xFF,0xFF,0xFF,0xFF,0xFF,0xFF,0xFF,0xFF,0xFF,0xFF,0xFF,
    0xFF,0xFF,0xFF,0xFF,0xFF,0xFF,0xFF,0xFF,0xFF,0xFF,0xFF,0xFF,0xFF,0xFF,0xFF,0xFF,
    0xFF,0xFF,0xFF,0xFF,0xFF,0xFF,0xFF,0xFF,0xFF,0xFF,0xFF,0xFF,0xFF,0xFF,0xFF,0xFF,
    0xFF,0xFF,0xFF,0xFF,0xFF,0xFF,0xFF,0xFF,0xFF,0xFF,0xFF,0xFF,0xFF,0xFF,0xFF,0xFF,
    0xFF,0xFF,0xFF,0xFF,0xFF,0xFF,0xFF,0xFF,0xFF,0xFF,0xFF,0xFF,0xFF,0xFF,0xFF,0xFF,
    0xFF,0xFF,0xFF,0xFF,0xFF,0xFF,0xFF,0xFF,0xFF,0xFF,0xFF,0xFF,0xFF,0xFF,0xFF,0xFF,
    0xFF,0xFF,0xFF,0xFF,0xFF,0xFF,0xFF,0xFF,0xFF,0xFF,0xFF,0xFF,0xFF,0xFF,0xFF,0xFF,
    0xFF,0xFF,0xFF,0xFF,0xFF,0xFF,0xFF,0xFF,0xFF,0xFF,0xFF,0xFF,0xFF,0xFF,0xFF,0xFF,
    0xFF,0xFF,0xFF,0xFF,0xFF,0xFF,0xFF,0xFF,0xFF,0xFF,0xFF,0xFF,0xFF,0xFF,0xFF,0xFF,
    0xFF,0xFF,0xFF,0xFF,0xFF,0xFF,0xFF,0xFF,0xFF,0xFF,0xFF,0xFF,0xFF,0xFF,0xFF,0xFF,
    0xFF,0xFF,0xFF,0xFF,0xFF,0xFF,0xFF,0xFF,0xFF,0xFF,0xFF,0xFF,0xFF,0xFF,0xFF,0xFF,
    0xFF,0xFF,0xFF,0xFF,0xFF,0xFF,0xFF,0xFF,0xFF,0xFF,0xFF,0xFF,0xFF,0xFF,0xFF,0xFF,
    0xFF,0xFF,0xFF,0xFF,0xFF,0xFF,0xFF,0xFF,0xFF,0xFF,0xFF,0xFF,0xFF,0xFF,0xFF,0xFF,
    0xFF,0xFF,0xFF,0xFF,0xFF,0xFF,0xFF,0xFF,0xFF,0xFF,0xFF,0xFF,0xFF,0xFF,0xFF,0xFF,
    0xFF,0xFF,0xFF,0xFF,0xFF,0xFF,0xFF,0xFF,0xFF,0xFF,0xFF,0xFF,0xFF,0xFF,0xFF,0xFF,
    0xFF,0xFF,0xFF,0xFF,0xFF,0xFF,0xFF,0xFF,0xFF,0xFF,0xFF,0xFF,0xFF,0xFF,0xFF,0xFF,
    0xFF,0xFF,0xFF,0xFF,0xFF,0xFF,0xFF,0xFF,0xFF,0xFF,0xFF,0xFF,0xFF,0xFF,0xFF,0xFF,
    0xFF,0xFF,0xFF,0xFF,0xFF,0xFF,0xFF,0xFF,0xFF,0xFF,0xFF,0xFF,0xFF,0xFF,0xFF,0xFF,
    0xFF,0xFF,0xFF,0xFF,0xFF,0xFF,0xFF,0xFF,0xFF,0xFF,0xFF,0xFF,0xFF,0xFF,0xFF,0xFF,
    0xFF,0xFF,0xFF,0xFF,0xFF,0xFF,0xFF,0xFF,0xFF,0xFF,0xFF,0xFF,0xFF,0xFF,0xFF,0xFF,
    0xFF,0xFF,0xFF,0xFF,0xFF,0xFF,0xFF,0xFF,0xFF,0xFF,0xFF,0xFF,0xFF,0xFF,0xFF,0xFF,
    0xFF,0xFF,0xFF,0xFF,0xFF,0xFF,0xFF,0xFF,0xFF,0xFF,0xFF,0xFF,0xFF,0xFF,0xFF,0xFF,
    0xFF,0xFF,0xFF,0xFF,0xFF,0xFF,0xFF,0xFF,0xFF,0xFF,0xFF,0xFF,0xFF,0xFF,0xFF,0xFF,
    0xFF,0xFF,0xFF,0xFF,0xFF,0xFF,0xFF,0xFF,0xFF,0xFF,0xFF,0xFF,0xFF,0xFF,0xFF,0xFF,
    0xFF,0xFF,0xFF,0xFF,0xFF,0xFF,0xFF,0xFF,0xFF,0xFF,0xFF,0xFF,0xFF,0xFF,0xFF,0xFF,
    0xFF,0xFF,0xFF,0xFF,0xFF,0xFF,0xFF,0xFF,0xFF,0xFF,0xFF,0xFF,0xFF,0xFF,0xFF,0xFF,
    0xFF,0xFF,0xFF,0xFF,0xFF,0xFF,0xFF,0xFF,0xFF,0xFF,0xFF,0xFF,0xFF,0xFF,0xFF,0xFF,
    0xFF,0xFF,0xFF,0xFF,0xFF,0xFF,0xFF,0xFF,0xFF,0xFF,0xFF,0xFF,0xFF,0xFF,0xFF,0xFF,
    0xFF,0xFF,0xFF,0xFF,0xFF,0xFF,0xFF,0xFF,0xFF,0xFF,0xFF,0xFF,0xFF,0xFF,0xFF,0xFF,
    0xFF,0xFF,0xFF,0xFF,0xFF,0xFF,0xFF,0xFF,0xFF,0xFF,0xFF,0xFF,0xFF,0xFF,0xFF,0xFF,
    0xFF,0xFF,0xFF,0xFF,0xFF,0xFF,0xFF,0xFF,0xFF,0xFF,0xFF,0xFF,0xFF,0xFF,0xFF,0xFF,
    0xFF,0xFF,0xFF,0xFF,0xFF,0xFF,0xFF,0xFF,0xFF,0xFF,0xFF,0xFF,0xFF,0xFF,0xFF,0xFF,
    0xFF,0xFF,0xFF,
};
const lv_image_dsc_t ui_img_jump_prince_tile_5_3 = {
    .header.w = 25,
    .header.h = 25,
    .data_size = sizeof(ui_img_jump_prince_tile_5_3_data),
    .header.cf = LV_COLOR_FORMAT_NATIVE_WITH_ALPHA,
    .header.magic = LV_IMAGE_HEADER_MAGIC,
    .data = ui_img_jump_prince_tile_5_3_data
};

const LV_ATTRIBUTE_MEM_ALIGN uint8_t ui_img_jump_prince_tile_6_3_data[] = {
    0x25,0x08,0x25,0x08,0x25,0x08,0x25,0x08,0x25,0x08,0x25,0x08,0x25,0x08,0x25,0x08,
    0x25,0x08,0x25,0x08,0x25,0x08,0x25,0x08,0x25,0x08,0x25,0x08,0x25,0x08,0x25,0x08,
    0x25,0x08,0x25,0x08,0x25,0x08,0x25,0x08,0x25,0x08,0x25,0x08,0x25,0x08,0x25,0x08,
    0x25,0x08,0x25,0x08,0x25,0x08,0x25,0x08,0x25,0x08,0x25,0x08,0x25,0x08,0x25,0x08,
    0x25,0x08,0x25,0x08,0x25,0x08,0x25,0x08,0x25,0x08,0x25,0x08,0x25,0x08,0x25,0x08,
    0x25,0x08,0x25,0x08,0x25,0x08,0x25,0x08,0x25,0x08,0x25,0x08,0x25,0x08,0x25,0x08,
    0x25,0x08,0x25,0x08,0xAE,0x21,0xAE,0x21,0xAE,0x21,0xAE,0x21,0xAE,0x21,0xAE,0x21,
    0xAE,0x21,0xAE,0x21,0x25,0x08,0x25,0x08,0x25,0x08,0x25,0x08,0x25,0x08,0x25,0x08,
    0xAE,0x21,0xAE,0x21,0xAE,0x21,0xAE,0x21,0xAE,0x21,0x25,0x08,0xAE,0x21,0xAE,0x21,
    0xAE,0x21,0xAE,0x21,0xAE,0x21,0xAE,0x21,0xAE,0x21,0xAE,0x21,0xAE,0x21,0xAE,0x21,
    0xAE,0x21,0x25,0x08,0x25,0x08,0x31,0x34,0x31,0x34,0x31,0x34,0x31,0x34,0x31,0x34,
    0x31,0x34,0x25,0x08,0x25,0x08,0xAE,0x21,0xAE,0x21,0xAE,0x21,0x25,0x08,0xAE,0x21,
    0xAE,0x21,0xAE,0x21,0xAE,0x21,0xAE,0x21,0xAE,0x21,0xAE,0x21,0xAE,0x21,0xAE,0x21,
    0xAE,0x21,0xAE,0x21,0x25,0x08,0x25,0x08,0x31,0x34,0x31,0x34,0x31,0x34,0x31,0x34,
    0x31,0x34,0x31,0x34,0x25,0x08,0x25,0x08,0xAE,0x21,0xAE,0x21,0xAE,0x21,0x25,0x08,
    0xAE,0x21,0xAE,0x21,0xAE,0x21,0xAE,0x21,0xAE,0x21,0xAE,0x21,0xAE,0x21,0xAE,0x21,
    0xAE,0x21,0xAE,0x21,0x25,0x08,0x31,0x34,0x31,0x34,0x25,0x08,0x31,0x34,0x31,0x34,
    0x25,0x08,0x25,0x08,0x31,0x34,0x25,0x08,0x25,0x08,0x25,0x08,0x25,0x08,0x25,0x08,
    0x25,0x08,0x25,0x08,0x25,0x08,0xAE,0x21,0xAE,0x21,0xAE,0x21,0x25,0x08,0x25,0x08,
    0x25,0x08,0x25,0x08,0x25,0x08,0x25,0x08,0x31,0x34,0x31,0x34,0x31,0x34,0x31,0x34,
    0x31,0x34,0x31,0x34,0x31,0x34,0x31,0x34,0x25,0x08,0x25,0x08,0x31,0x34,0x31,0x34,
    0x31,0x34,0x31,0x34,0x31,0x34,0x31,0x34,0x25,0x08,0x25,0x08,0x25,0x08,0x25,0x08,
    0x25,0x08,0x25,0x08,0x25,0x08,0x25,0x08,0x25,0x08,0x31,0x34,0x31,0x34,0x31,0x34,
    0x31,0x34,0x31,0x34,0x31,0x34,0x31,0x34,0x31,0x34,0x25,0x08,0x25,0x08,0x31,0x34,
    0x31,0x34,0x31,0x34,0x31,0x34,0x31,0x34,0x31,0x34,0x25,0x08,0x25,0x08,0x25,0x08,
    0x25,0x08,0x25,0x08,0x31,0x34,0x25,0x08,0x25,0x08,0x25,0x08,0x25,0x08,0x25,0x08,
    0x31,0x34,0x25,0x08,0x25,0x08,0x31,0x34,0x31,0x34,0x25,0x08,0x31,0x34,0x31,0x34,
    0x31,0x34,0x25,0x08,0x25,0x08,0x31,0x34,0x31,0x34,0x31,0x34,0x31,0x34,0x25,0x08,
    0x25,0x08,0x25,0x08,0x25,0x08,0x25,0x08,0x31,0x34,0x31,0x34,0xAE,0x21,0x25,0x08,
    0x25,0x08,0x25,0x08,0x25,0x08,0x25,0x08,0x25,0x08,0x25,0x08,0x25,0x08,0x31,0x34,
    0x31,0x34,0x31,0x34,0x31,0x34,0x31,0x34,0x31,0x34,0x25,0x08,0x25,0x08,0x31,0x34,
    0x25,0x08,0x25,0x08,0x25,0x08,0x25,0x08,0x25,0x08,0x31,0x34,0x31,0x34,0xAE,0x21,
    0x25,0x08,0x25,0x08,0x25,0x08,0x25,0x08,0x25,0x08,0x25,0x08,0x25,0x08,0x25,0x08,
    0x31,0x34,0x31,0x34,0x31,0x34,0x31,0x34,0x31,0x34,0x31,0x34,0x25,0x08,0x25,0x08,
    0x31,0x34,0x25,0x08,0x25,0x08,0x25,0x08,0x25,0x08,0xAE,0x21,0x25,0x08,0x25,0x08,
    0x25,0x08,0x25,0x08,0x25,0x08,0x31,0x34,0x31,0x34,0x31,0x34,0x31,0x34,0x31,0x34,
    0x25,0x08,0x25,0x08,0x25,0x08,0x31,0x34,0x31,0x34,0x31,0x34,0x31,0x34,0x31,0x34,
    0x31,0x34,0x25,0x08,0x25,0x08,0x25,0x08,0x25,0x08,0x25,0x08,0xAE,0x21,0x25,0x08,
    0x25,0x08,0x25,0x08,0x25,0x08,0x25,0x08,0x31,0x34,0x31,0x34,0x31,0x34,0x31,0x34,
    0x31,0x34,0x25,0x08,0x25,0x08,0x25,0x08,0x31,0x34,0x31,0x34,0x31,0x34,0x31,0x34,
    0x31,0x34,0x31,0x34,0x25,0x08,0x25,0x08,0x25,0x08,0x25,0x08,0x25,0x08,0x25,0x08,
    0x25,0x08,0x25,0x08,0x25,0x08,0x31,0x34,0x31,0x34,0x31,0x34,0x31,0x34,0x31,0x34,
    0x25,0x08,0x25,0x08,0x31,0x34,0x25,0x08,0x25,0x08,0x31,0x34,0x25,0x08,0x25,0x08,
    0x25,0x08,0x31,0x34,0x31,0x34,0x25,0x08,0x25,0x08,0x25,0x08,0x25,0x08,0x25,0x08,
    0x25,0x08,0x25,0x08,0x25,0x08,0x25,0x08,0x31,0x34,0x31,0x34,0x25,0x08,0x31,0x34,
    0x31,0x34,0x31,0x34,0x31,0x34,0x25,0x08,0x25,0x08,0x25,0x08,0x25,0x08,0x25,0x08,
    0x25,0x08,0x25,0x08,0x25,0x08,0x25,0x08,0x25,0x08,0x25,0x08,0x25,0x08,0x25,0x08,
    0x25,0x08,0x25,0x08,0x25,0x08,0x25,0x08,0x25,0x08,0x31,0x34,0x31,0x34,0x25,0x08,
    0x31,0x34,0x31,0x34,0x31,0x34,0x31,0x34,0x25,0x08,0x25,0x08,0x25,0x08,0x25,0x08,
    0x25,0x08,0x25,0x08,0x25,0x08,0x25,0x08,0x25,0x08,0x25,0x08,0x25,0x08,0x25,0x08,
    0x25,0x08,0x25,0x08,0x25,0x08,0x25,0x08,0x25,0x08,0x25,0x08,0x25,0x08,0x25,0x08,
    0x31,0x34,0x25,0x08,0x25,0x08,0x31,0x34,0x31,0x34,0x25,0x08,0xAE,0x21,0xAE,0x21,
    0x25,0x08,0x25,0x08,0x25,0x08,0x25,0x08,0x25,0x08,0x25,0x08,0x25,0x08,0x25,0x08,
    0x25,0x08,0x25,0x08,0x25,0x08,0x25,0x08,0x25,0x08,0x25,0x08,0x25,0x08,0x25,0x08,
    0x25,0x08,0x25,0x08,0x25,0x08,0x25,0x08,0x25,0x08,0x25,0x08,0x25,0x08,0x25,0x08,
    0x25,0x08,0x31,0x34,0x31,0x34,0x31,0x34,0x25,0x08,0x25,0x08,0x25,0x08,0x25,0x08,
    0x25,0x08,0x25,0x08,0x25,0x08,0x25,0x08,0x25,0x08,0x25,0x08,0x25,0x08,0x25,0x08,
    0x25,0x08,0x25,0x08,0x25,0x08,0x25,0x08,0x25,0x08,0x25,0x08,0x25,0x08,0x25,0x08,
    0x25,0x08,0x25,0x08,0x31,0x34,0x31,0x34,0x31,0x34,0x25,0x08,0x25,0x08,0x25,0x08,
    0x25,0x08,0x25,0x08,0x25,0x08,0x25,0x08,0x25,0x08,0x25,0x08,0x25,0x08,0x25,0x08,
    0x25,0x08,0x25,0x08,0x25,0x08,0x25,0x08,0x25,0x08,0x25,0x08,0x25,0x08,0x25,0x08,
    0x25,0x08,0x25,0x08,0x25,0x08,0xAE,0x21,0x25,0x08,0x25,0x08,0x25,0x08,0x25,0x08,
    0x25,0x08,0x25,0x08,0x25,0x08,0x25,0x08,0x25,0x08,0x25,0x08,0x25,0x08,0x25,0x08,
    0x25,0x08,0x25,0x08,0x25,0x08,0x25,0x08,0x25,0x08,0x25,0x08,0x25,0x08,0x25,0x08,
    0x25,0x08,0x25,0x08,0x25,0x08,0x25,0x08,0x25,0x08,0x25,0x08,0x25,0x08,0x25,0x08,
    0x25,0x08,0x25,0x08,0x25,0x08,0x25,0x08,0x25,0x08,0x25,0x08,0x25,0x08,0x25,0x08,
    0x25,0x08,0x25,0x08,0x25,0x08,0x25,0x08,0x25,0x08,0x25,0x08,0x25,0x08,0x25,0x08,
    0x25,0x08,0x25,0x08,0x25,0x08,0x25,0x08,0x25,0x08,0x25,0x08,0x25,0x08,0x25,0x08,
    0x25,0x08,0x25,0x08,0x25,0x08,0x25,0x08,0x25,0x08,0x25,0x08,0x25,0x08,0x25,0x08,
    0x25,0x08,0x25,0x08,0x25,0x08,0x25,0x08,0x25,0x08,0x25,0x08,0x25,0x08,0x25,0x08,
    0x25,0x08,0x25,0x08,0x25,0x08,0x25,0x08,0x25,0x08,0x25,0x08,0x25,0x08,0x25,0x08,
    0x25,0x08,0x25,0x08,0x25,0x08,0x25,0x08,0x25,0x08,0x25,0x08,0x25,0x08,0x25,0x08,
    0x25,0x08,0x25,0x08,0x25,0x08,0x25,0x08,0x25,0x08,0x25,0x08,0x25,0x08,0x25,0x08,
    0x25,0x08,0x25,0x08,0x25,0x08,0x25,0x08,0x25,0x08,0x25,0x08,0x25,0x08,0x25,0x08,
    0x25,0x08,0x25,0x08,0x25,0x08,0x25,0x08,0x25,0x08,0x25,0x08,0x25,0x08,0x25,0x08,
    0x25,0x08,0x25,0x08,0x25,0x08,0x25,0x08,0x25,0x08,0x25,0x08,0x25,0x08,0x25,0x08,
    0x25,0x08,0x25,0x08,0x25,0x08,0x25,0x08,0x25,0x08,0x25,0x08,0x25,0x08,0x25,0x08,
    0x25,0x08,0x25,0x08,0x25,0x08,0x25,0x08,0x25,0x08,0x25,0x08,0x25,0x08,0x25,0x08,
    0x25,0x08,0xFF,0xFF,0xFF,0xFF,0xFF,0xFF,0xFF,0xFF,0xFF,0xFF,0xFF,0xFF,0xFF,0xFF,
    0xFF,0xFF,0xFF,0xFF,0xFF,0xFF,0xFF,0xFF,0xFF,0xFF,0xFF,0xFF,0xFF,0xFF,0xFF,0xFF,
    0xFF,0xFF,0xFF,0xFF,0xFF,0xFF,0xFF,0xFF,0xFF,0xFF,0xFF,0xFF,0xFF,0xFF,0xFF,0xFF,
    0xFF,0xFF,0xFF,0xFF,0xFF,0xFF,0xFF,0xFF,0xFF,0xFF,0xFF,0xFF,0xFF,0xFF,0xFF,0xFF,
    0xFF,0xFF,0xFF,0xFF,0xFF,0xFF,0xFF,0xFF,0xFF,0xFF,0xFF,0xFF,0xFF,0xFF,0xFF,0xFF,
    0xFF,0xFF,0xFF,0xFF,0xFF,0xFF,0xFF,0xFF,0xFF,0xFF,0xFF,0xFF,0xFF,0xFF,0xFF,0xFF,
    0xFF,0xFF,0xFF,0xFF,0xFF,0xFF,0xFF,0xFF,0xFF,0xFF,0xFF,0xFF,0xFF,0xFF,0xFF,0xFF,
    0xFF,0xFF,0xFF,0xFF,0xFF,0xFF,0xFF,0xFF,0xFF,0xFF,0xFF,0xFF,0xFF,0xFF,0xFF,0xFF,
    0xFF,0xFF,0xFF,0xFF,0xFF,0xFF,0xFF,0xFF,0xFF,0xFF,0xFF,0xFF,0xFF,0xFF,0xFF,0xFF,
    0xFF,0xFF,0xFF,0xFF,0xFF,0xFF,0xFF,0xFF,0xFF,0xFF,0xFF,0xFF,0xFF,0xFF,0xFF,0xFF,
    0xFF,0xFF,0xFF,0xFF,0xFF,0xFF,0xFF,0xFF,0xFF,0xFF,0xFF,0xFF,0xFF,0xFF,0xFF,0xFF,
    0xFF,0xFF,0xFF,0xFF,0xFF,0xFF,0xFF,0xFF,0xFF,0xFF,0xFF,0xFF,0xFF,0xFF,0xFF,0xFF,
    0xFF,0xFF,0xFF,0xFF,0xFF,0xFF,0xFF,0xFF,0xFF,0xFF,0xFF,0xFF,0xFF,0xFF,0xFF,0xFF,
    0xFF,0xFF,0xFF,0xFF,0xFF,0xFF,0xFF,0xFF,0xFF,0xFF,0xFF,0xFF,0xFF,0xFF,0xFF,0xFF,
    0xFF,0xFF,0xFF,0xFF,0xFF,0xFF,0xFF,0xFF,0xFF,0xFF,0xFF,0xFF,0xFF,0xFF,0xFF,0xFF,
    0xFF,0xFF,0xFF,0xFF,0xFF,0xFF,0xFF,0xFF,0xFF,0xFF,0xFF,0xFF,0xFF,0xFF,0xFF,0xFF,
    0xFF,0xFF,0xFF,0xFF,0xFF,0xFF,0xFF,0xFF,0xFF,0xFF,0xFF,0xFF,0xFF,0xFF,0xFF,0xFF,
    0xFF,0xFF,0xFF,0xFF,0xFF,0xFF,0xFF,0xFF,0xFF,0xFF,0xFF,0xFF,0xFF,0xFF,0xFF,0xFF,
    0xFF,0xFF,0xFF,0xFF,0xFF,0xFF,0xFF,0xFF,0xFF,0xFF,0xFF,0xFF,0xFF,0xFF,0xFF,0xFF,
    0xFF,0xFF,0xFF,0xFF,0xFF,0xFF,0xFF,0xFF,0xFF,0xFF,0xFF,0xFF,0xFF,0xFF,0xFF,0xFF,
    0xFF,0xFF,0xFF,0xFF,0xFF,0xFF,0xFF,0xFF,0xFF,0xFF,0xFF,0xFF,0xFF,0xFF,0xFF,0xFF,
    0xFF,0xFF,0xFF,0xFF,0xFF,0xFF,0xFF,0xFF,0xFF,0xFF,0xFF,0xFF,0xFF,0xFF,0xFF,0xFF,
    0xFF,0xFF,0xFF,0xFF,0xFF,0xFF,0xFF,0xFF,0xFF,0xFF,0xFF,0xFF,0xFF,0xFF,0xFF,0xFF,
    0xFF,0xFF,0xFF,0xFF,0xFF,0xFF,0xFF,0xFF,0xFF,0xFF,0xFF,0xFF,0xFF,0xFF,0xFF,0xFF,
    0xFF,0xFF,0xFF,0xFF,0xFF,0xFF,0xFF,0xFF,0xFF,0xFF,0xFF,0xFF,0xFF,0xFF,0xFF,0xFF,
    0xFF,0xFF,0xFF,0xFF,0xFF,0xFF,0xFF,0xFF,0xFF,0xFF,0xFF,0xFF,0xFF,0xFF,0xFF,0xFF,
    0xFF,0xFF,0xFF,0xFF,0xFF,0xFF,0xFF,0xFF,0xFF,0xFF,0xFF,0xFF,0xFF,0xFF,0xFF,0xFF,
    0xFF,0xFF,0xFF,0xFF,0xFF,0xFF,0xFF,0xFF,0xFF,0xFF,0xFF,0xFF,0xFF,0xFF,0xFF,0xFF,
    0xFF,0xFF,0xFF,0xFF,0xFF,0xFF,0xFF,0xFF,0xFF,0xFF,0xFF,0xFF,0xFF,0xFF,0xFF,0xFF,
    0xFF,0xFF,0xFF,0xFF,0xFF,0xFF,0xFF,0xFF,0xFF,0xFF,0xFF,0xFF,0xFF,0xFF,0xFF,0xFF,
    0xFF,0xFF,0xFF,0xFF,0xFF,0xFF,0xFF,0xFF,0xFF,0xFF,0xFF,0xFF,0xFF,0xFF,0xFF,0xFF,
    0xFF,0xFF,0xFF,0xFF,0xFF,0xFF,0xFF,0xFF,0xFF,0xFF,0xFF,0xFF,0xFF,0xFF,0xFF,0xFF,
    0xFF,0xFF,0xFF,0xFF,0xFF,0xFF,0xFF,0xFF,0xFF,0xFF,0xFF,0xFF,0xFF,0xFF,0xFF,0xFF,
    0xFF,0xFF,0xFF,0xFF,0xFF,0xFF,0xFF,0xFF,0xFF,0xFF,0xFF,0xFF,0xFF,0xFF,0xFF,0xFF,
    0xFF,0xFF,0xFF,0xFF,0xFF,0xFF,0xFF,0xFF,0xFF,0xFF,0xFF,0xFF,0xFF,0xFF,0xFF,0xFF,
    0xFF,0xFF,0xFF,0xFF,0xFF,0xFF,0xFF,0xFF,0xFF,0xFF,0xFF,0xFF,0xFF,0xFF,0xFF,0xFF,
    0xFF,0xFF,0xFF,0xFF,0xFF,0xFF,0xFF,0xFF,0xFF,0xFF,0xFF,0xFF,0xFF,0xFF,0xFF,0xFF,
    0xFF,0xFF,0xFF,0xFF,0xFF,0xFF,0xFF,0xFF,0xFF,0xFF,0xFF,0xFF,0xFF,0xFF,0xFF,0xFF,
    0xFF,0xFF,0xFF,0xFF,0xFF,0xFF,0xFF,0xFF,0xFF,0xFF,0xFF,0xFF,0xFF,0xFF,0xFF,0xFF,
    0xFF,0xFF,0xFF,
};
const lv_image_dsc_t ui_img_jump_prince_tile_6_3 = {
    .header.w = 25,
    .header.h = 25,
    .data_size = sizeof(ui_img_jump_prince_tile_6_3_data),
    .header.cf = LV_COLOR_FORMAT_NATIVE_WITH_ALPHA,
    .header.magic = LV_IMAGE_HEADER_MAGIC,
    .data = ui_img_jump_prince_tile_6_3_data
};

const LV_ATTRIBUTE_MEM_ALIGN uint8_t ui_img_jump_prince_tile_0_4_data[] = {
    0x25,0x08,0x25,0x08,0x25,0x08,0x25,0x08,0x25,0x08,0x25,0x08,0x25,0x08,0x25,0x08,
    0x25,0x08,0x25,0x08,0x25,0x08,0x25,0x08,0x25,0x08,0x25,0x08,0x25,0x08,0x25,0x08,
    0x25,0x08,0x25,0x08,0x25,0x08,0x25,0x08,0x25,0x08,0x25,0x08,0x25,0x08,0x25,0x08,
    0x25,0x08,0x25,0x08,0x25,0x08,0x25,0x08,0x25,0x08,0x25,0x08,0x25,0x08,0x25,0x08,
    0x25,0x08,0x25,0x08,0x25,0x08,0x25,0x08,0x25,0x08,0x25,0x08,0x25,0x08,0x25,0x08,
    0x25,0x08,0x25,0x08,0x25,0x08,0x25,0x08,0x25,0x08,0x25,0x08,0x25,0x08,0x25,0x08,
    0x25,0x08,0x25,0x08,0x25,0x08,0x25,0x08,0x25,0x08,0x25,0x08,0x25,0x08,0x25,0x08,
    0x25,0x08,0x25,0x08,0x25,0x08,0x25,0x08,0x25,0x08,0x25,0x08,0x25,0x08,0x25,0x08,
    0x25,0x08,0x25,0x08,0x25,0x08,0x25,0x08,0x25,0x08,0x25,0x08,0x25,0x08,0x25,0x08,
    0x25,0x08,0x25,0x08,0x25,0x08,0x25,0x08,0x25,0x08,0x25,0x08,0x25,0x08,0x25,0x08,
    0x25,0x08,0x25,0x08,0x25,0x08,0x25,0x08,0x25,0x08,0x25,0x08,0x25,0x08,0x25,0x08,
    0x25,0x08,0x25,0x08,0x25,0x08,0x25,0x08,0x25,0x08,0x25,0x08,0x25,0x08,0x25,0x08,
    0x25,0x08,0x25,0x08,0x25,0x08,0x25,0x08,0x25,0x08,0x25,0x08,0x25,0x08,0x25,0x08,
    0x25,0x08,0x25,0x08,0x25,0x08,0x25,0x08,0x25,0x08,0x25,0x08,0x25,0x08,0x25,0x08,
    0x25,0x08,0x25,0x08,0x25,0x08,0x25,0x08,0x25,0x08,0x25,0x08,0x25,0x08,0x25,0x08,
    0x25,0x08,0x25,0x08,0x25,0x08,0x25,0x08,0x25,0x08,0x25,0x08,0x25,0x08,0x25,0x08,
    0x25,0x08,0x25,0x08,0x25,0x08,0x25,0x08,0x25,0x08,0x25,0x08,0x25,0x08,0x25,0x08,
    0x25,0x08,0x25,0x08,0x25,0x08,0x25,0x08,0x25,0x08,0x25,0x08,0x25,0x08,0x25,0x08,
    0x25,0x08,0x25,0x08,0x25,0x08,0x25,0x08,0x25,0x08,0x25,0x08,0x25,0x08,0x25,0x08,
    0x25,0x08,0x25,0x08,0x25,0x08,0x25,0x08,0x25,0x08,0x25,0x08,0x25,0x08,0x25,0x08,
    0x25,0x08,0x25,0x08,0x25,0x08,0x25,0x08,0x25,0x08,0x25,0x08,0x25,0x08,0x25,0x08,
    0x25,0x08,0x25,0x08,0x25,0x08,0x25,0x08,0x25,0x08,0x25,0x08,0x25,0x08,0x25,0x08,
    0x25,0x08,0x25,0x08,0x25,0x08,0x25,0x08,0x25,0x08,0x25,0x08,0x25,0x08,0x25,0x08,
    0x25,0x08,0x25,0x08,0x25,0x08,0x25,0x08,0x25,0x08,0x25,0x08,0x25,0x08,0x25,0x08,
    0x25,0x08,0x25,0x08,0x25,0x08,0x25,0x08,0x25,0x08,0x25,0x08,0x25,0x08,0x25,0x08,
    0x25,0x08,0x25,0x08,0x25,0x08,0x25,0x08,0x25,0x08,0x25,0x08,0x25,0x08,0x25,0x08,
    0x25,0x08,0x25,0x08,0x25,0x08,0x25,0x08,0x25,0x08,0x25,0x08,0x25,0x08,0x25,0x08,
    0x25,0x08,0x25,0x08,0x25,0x08,0x25,0x08,0x25,0x08,0x25,0x08,0x25,0x08,0x25,0x08,
    0x25,0x08,0x25,0x08,0x25,0x08,0x25,0x08,0x25,0x08,0x25,0x08,0x25,0x08,0x25,0x08,
    0x25,0x08,0x25,0x08,0x25,0x08,0x25,0x08,0x25,0x08,0x25,0x08,0x25,0x08,0x25,0x08,
    0x25,0x08,0x25,0x08,0x25,0x08,0x25,0x08,0x25,0x08,0x25,0x08,0x25,0x08,0x25,0x08,
    0x25,0x08,0x25,0x08,0x25,0x08,0x25,0x08,0x25,0x08,0x25,0x08,0x25,0x08,0x25,0x08,
    0x25,0x08,0x25,0x08,0x25,0x08,0x25,0x08,0x25,0x08,0x25,0x08,0x25,0x08,0x25,0x08,
    0x25,0x08,0x25,0x08,0x25,0x08,0x25,0x08,0x25,0x08,0x25,0x08,0x25,0x08,0x25,0x08,
    0x25,0x08,0x25,0x08,0x25,0x08,0x25,0x08,0x25,0x08,0x25,0x08,0x25,0x08,0x25,0x08,
    0x25,0x08,0x25,0x08,0x25,0x08,0x25,0x08,0x25,0x08,0x25,0x08,0x25,0x08,0x25,0x08,
    0x25,0x08,0x25,0x08,0x25,0x08,0x25,0x08,0x25,0x08,0x25,0x08,0x25,0x08,0x25,0x08,
    0x25,0x08,0x25,0x08,0x25,0x08,0x25,0x08,0x25,0x08,0x25,0x08,0x25,0x08,0x25,0x08,
    0x25,0x08,0x25,0x08,0x25,0x08,0x25,0x08,0x25,0x08,0x25,0x08,0x25,0x08,0x25,0x08,
    0x25,0x08,0x25,0x08,0x25,0x08,0x25,0x08,0x25,0x08,0x25,0x08,0x25,0x08,0x25,0x08,
    0x25,0x08,0x25,0x08,0x25,0x08,0x25,0x08,0x25,0x08,0x25,0x08,0x25,0x08,0x25,0x08,
    0x25,0x08,0x25,0x08,0x25,0x08,0x25,0x08,0x25,0x08,0x25,0x08,0x25,0x08,0x25,0x08,
    0x25,0x08,0x25,0x08,0x25,0x08,0x25,0x08,0x25,0x08,0x25,0x08,0x25,0x08,0x25,0x08,
    0x25,0x08,0x25,0x08,0x25,0x08,0x25,0x08,0x25,0x08,0x25,0x08,0x25,0x08,0x25,0x08,
    0x25,0x08,0x25,0x08,0x25,0x08,0x25,0x08,0x25,0x08,0x25,0x08,0x25,0x08,0x25,0x08,
    0x25,0x08,0x25,0x08,0x25,0x08,0x31,0x34,0x31,0x34,0x31,0x34,0x31,0x34,0x31,0x34,
    0x31,0x34,0x25,0x08,0x25,0x08,0x25,0x08,0x25,0x08,0x31,0x34,0x31,0x34,0x25,0x08,
    0x25,0x08,0x25,0x08,0x25,0x08,0x25,0x08,0x25,0x08,0x25,0x08,0x25,0x08,0x25,0x08,
    0x25,0x08,0x25,0x08,0x25,0x08,0x25,0x08,0x31,0x34,0x31,0x34,0x31,0x34,0x31,0x34,
    0x31,0x34,0x31,0x34,0x25,0x08,0x25,0x08,0x25,0x08,0x25,0x08,0x31,0x34,0x31,0x34,
    0x25,0x08,0x25,0x08,0x25,0x08,0x25,0x08,0x25,0x08,0x25,0x08,0x25,0x08,0x25,0x08,
    0x25,0x08,0x25,0x08,0x25,0x08,0x31,0x34,0x31,0x34,0x31,0x34,0x25,0x08,0x25,0x08,
    0x31,0x34,0x31,0x34,0x31,0x34,0x31,0x34,0x25,0x08,0x25,0x08,0x25,0x08,0x31,0x34,
    0x31,0x34,0x25,0x08,0x25,0x08,0x25,0x08,0x25,0x08,0x25,0x08,0x25,0x08,0x25,0x08,
    0x25,0x08,0x25,0x08,0x25,0x08,0x25,0x08,0x31,0x34,0x31,0x34,0x31,0x34,0x31,0x34,
    0x31,0x34,0x31,0x34,0x25,0x08,0x25,0x08,0x31,0x34,0x25,0x08,0x25,0x08,0x31,0x34,
    0x25,0x08,0x25,0x08,0x25,0x08,0x25,0x08,0x25,0x08,0x25,0x08,0x25,0x08,0x25,0x08,
    0x25,0x08,0x25,0x08,0x25,0x08,0x25,0x08,0x25,0x08,0x31,0x34,0x31,0x34,0x31,0x34,
    0x31,0x34,0x31,0x34,0x31,0x34,0x25,0x08,0x25,0x08,0x31,0x34,0x25,0x08,0x25,0x08,
    0x31,0x34,0x25,0x08,0x25,0x08,0x25,0x08,0x25,0x08,0x25,0x08,0x25,0x08,0x25,0x08,
    0x31,0x34,0x31,0x34,0x31,0x34,0x31,0x34,0x25,0x08,0x25,0x08,0x25,0x08,0x25,0x08,
    0x31,0x34,0x31,0x34,0x31,0x34,0x31,0x34,0x31,0x34,0x31,0x34,0x25,0x08,0x25,0x08,
    0x25,0x08,0x25,0x08,0x25,0x08,0x25,0x08,0x25,0x08,0x25,0x08,0x25,0x08,0x31,0x34,
    0x31,0x34,0x31,0x34,0x31,0x34,0x31,0x34,0x25,0x08,0x31,0x34,0x31,0x34,0x25,0x08,
    0x25,0x08,0x31,0x34,0x25,0x08,0x25,0x08,0x25,0x08,0x31,0x34,0x31,0x34,0x25,0x08,
    0x31,0x34,0x31,0x34,0x31,0x34,0x31,0x34,0x31,0x34,0x25,0x08,0x25,0x08,0x25,0x08,
    0x31,0x34,0x31,0x34,0x31,0x34,0x31,0x34,0x31,0x34,0x25,0x08,0x31,0x34,0x31,0x34,
    0x25,0x08,0x25,0x08,0x31,0x34,0x25,0x08,0x25,0x08,0x25,0x08,0x31,0x34,0x31,0x34,
    0x25,0x08,0x31,0x34,0x31,0x34,0x31,0x34,0x31,0x34,0x31,0x34,0x25,0x08,0x25,0x08,
    0x25,0x08,0x31,0x34,0x31,0x34,0x25,0x08,0x31,0x34,0x31,0x34,0x31,0x34,0x25,0x08,
    0x25,0x08,0x31,0x34,0x31,0x34,0x25,0x08,0x31,0x34,0x31,0x34,0x31,0x34,0x25,0x08,
    0x25,0x08,0x31,0x34,0x25,0x08,0x25,0x08,0x31,0x34,0x25,0x08,0x25,0x08,0x25,0x08,
    0x25,0x08,0x25,0x08,0x25,0x08,0x25,0x08,0x31,0x34,0x25,0x08,0x25,0x08,0x31,0x34,
    0x25,0x08,0x25,0x08,0x31,0x34,0x31,0x34,0x31,0x34,0x31,0x34,0x31,0x34,0x25,0x08,
    0x31,0x34,0x31,0x34,0x31,0x34,0x31,0x34,0x31,0x34,0x31,0x34,0x31,0x34,0x31,0x34,
    0x25,0x08,0x25,0x08,0x25,0x08,0x25,0x08,0x25,0x08,0x31,0x34,0x25,0x08,0x25,0x08,
    0x31,0x34,0x25,0x08,0x25,0x08,0x31,0x34,0x31,0x34,0x31,0x34,0x31,0x34,0x31,0x34,
    0x25,0x08,0x31,0x34,0x31,0x34,0x31,0x34,0x31,0x34,0x31,0x34,0x31,0x34,0x31,0x34,
    0x31,0x34,0xFF,0xFF,0xFF,0xFF,0xFF,0xFF,0xFF,0xFF,0xFF,0xFF,0xFF,0xFF,0xFF,0xFF,
    0xFF,0xFF,0xFF,0xFF,0xFF,0xFF,0xFF,0xFF,0xFF,0xFF,0xFF,0xFF,0xFF,0xFF,0xFF,0xFF,
    0xFF,0xFF,0xFF,0xFF,0xFF,0xFF,0xFF,0xFF,0xFF,0xFF,0xFF,0xFF,0xFF,0xFF,0xFF,0xFF,
    0xFF,0xFF,0xFF,0xFF,0xFF,0xFF,0xFF,0xFF,0xFF,0xFF,0xFF,0xFF,0xFF,0xFF,0xFF,0xFF,
    0xFF,0xFF,0xFF,0xFF,0xFF,0xFF,0xFF,0xFF,0xFF,0xFF,0xFF,0xFF,0xFF,0xFF,0xFF,0xFF,
    0xFF,0xFF,0xFF,0xFF,0xFF,0xFF,0xFF,0xFF,0xFF,0xFF,0xFF,0xFF,0xFF,0xFF,0xFF,0xFF,
    0xFF,0xFF,0xFF,0xFF,0xFF,0xFF,0xFF,0xFF,0xFF,0xFF,0xFF,0xFF,0xFF,0xFF,0xFF,0xFF,
    0xFF,0xFF,0xFF,0xFF,0xFF,0xFF,0xFF,0xFF,0xFF,0xFF,0xFF,0xFF,0xFF,0xFF,0xFF,0xFF,
    0xFF,0xFF,0xFF,0xFF,0xFF,0xFF,0xFF,0xFF,0xFF,0xFF,0xFF,0xFF,0xFF,0xFF,0xFF,0xFF,
    0xFF,0xFF,0xFF,0xFF,0xFF,0xFF,0xFF,0xFF,0xFF,0xFF,0xFF,0xFF,0xFF,0xFF,0xFF,0xFF,
    0xFF,0xFF,0xFF,0xFF,0xFF,0xFF,0xFF,0xFF,0xFF,0xFF,0xFF,0xFF,0xFF,0xFF,0xFF,0xFF,
    0xFF,0xFF,0xFF,0xFF,0xFF,0xFF,0xFF,0xFF,0xFF,0xFF,0xFF,0xFF,0xFF,0xFF,0xFF,0xFF,
    0xFF,0xFF,0xFF,0xFF,0xFF,0xFF,0xFF,0xFF,0xFF,0xFF,0xFF,0xFF,0xFF,0xFF,0xFF,0xFF,
    0xFF,0xFF,0xFF,0xFF,0xFF,0xFF,0xFF,0xFF,0xFF,0xFF,0xFF,0xFF,0xFF,0xFF,0xFF,0xFF,
    0xFF,0xFF,0xFF,0xFF,0xFF,0xFF,0xFF,0xFF,0xFF,0xFF,0xFF,0xFF,0xFF,0xFF,0xFF,0xFF,
    0xFF,0xFF,0xFF,0xFF,0xFF,0xFF,0xFF,0xFF,0xFF,0xFF,0xFF,0xFF,0xFF,0xFF,0xFF,0xFF,
    0xFF,0xFF,0xFF,0xFF,0xFF,0xFF,0xFF,0xFF,0xFF,0xFF,0xFF,0xFF,0xFF,0xFF,0xFF,0xFF,
    0xFF,0xFF,0xFF,0xFF,0xFF,0xFF,0xFF,0xFF,0xFF,0xFF,0xFF,0xFF,0xFF,0xFF,0xFF,0xFF,
    0xFF,0xFF,0xFF,0xFF,0xFF,0xFF,0xFF,0xFF,0xFF,0xFF,0xFF,0xFF,0xFF,0xFF,0xFF,0xFF,
    0xFF,0xFF,0xFF,0xFF,0xFF,0xFF,0xFF,0xFF,0xFF,0xFF,0xFF,0xFF,0xFF,0xFF,0xFF,0xFF,
    0xFF,0xFF,0xFF,0xFF,0xFF,0xFF,0xFF,0xFF,0xFF,0xFF,0xFF,0xFF,0xFF,0xFF,0xFF,0xFF,
    0xFF,0xFF,0xFF,0xFF,0xFF,0xFF,0xFF,0xFF,0xFF,0xFF,0xFF,0xFF,0xFF,0xFF,0xFF,0xFF,
    0xFF,0xFF,0xFF,0xFF,0xFF,0xFF,0xFF,0xFF,0xFF,0xFF,0xFF,0xFF,0xFF,0xFF,0xFF,0xFF,
    0xFF,0xFF,0xFF,0xFF,0xFF,0xFF,0xFF,0xFF,0xFF,0xFF,0xFF,0xFF,0xFF,0xFF,0xFF,0xFF,
    0xFF,0xFF,0xFF,0xFF,0xFF,0xFF,0xFF,0xFF,0xFF,0xFF,0xFF,0xFF,0xFF,0xFF,0xFF,0xFF,
    0xFF,0xFF,0xFF,0xFF,0xFF,0xFF,0xFF,0xFF,0xFF,0xFF,0xFF,0xFF,0xFF,0xFF,0xFF,0xFF,
    0xFF,0xFF,0xFF,0xFF,0xFF,0xFF,0xFF,0xFF,0xFF,0xFF,0xFF,0xFF,0xFF,0xFF,0xFF,0xFF,
    0xFF,0xFF,0xFF,0xFF,0xFF,0xFF,0xFF,0xFF,0xFF,0xFF,0xFF,0xFF,0xFF,0xFF,0xFF,0xFF,
    0xFF,0xFF,0xFF,0xFF,0xFF,0xFF,0xFF,0xFF,0xFF,0xFF,0xFF,0xFF,0xFF,0xFF,0xFF,0xFF,
    0xFF,0xFF,0xFF,0xFF,0xFF,0xFF,0xFF,0xFF,0xFF,0xFF,0xFF,0xFF,0xFF,0xFF,0xFF,0xFF,
    0xFF,0xFF,0xFF,0xFF,0xFF,0xFF,0xFF,0xFF,0xFF,0xFF,0xFF,0xFF,0xFF,0xFF,0xFF,0xFF,
    0xFF,0xFF,0xFF,0xFF,0xFF,0xFF,0xFF,0xFF,0xFF,0xFF,0xFF,0xFF,0xFF,0xFF,0xFF,0xFF,
    0xFF,0xFF,0xFF,0xFF,0xFF,0xFF,0xFF,0xFF,0xFF,0xFF,0xFF,0xFF,0xFF,0xFF,0xFF,0xFF,
    0xFF,0xFF,0xFF,0xFF,0xFF,0xFF,0xFF,0xFF,0xFF,0xFF,0xFF,0xFF,0xFF,0xFF,0xFF,0xFF,
    0xFF,0xFF,0xFF,0xFF,0xFF,0xFF,0xFF,0xFF,0xFF,0xFF,0xFF,0xFF,0xFF,0xFF,0xFF,0xFF,
    0xFF,0xFF,0xFF,0xFF,0xFF,0xFF,0xFF,0xFF,0xFF,0xFF,0xFF,0xFF,0xFF,0xFF,0xFF,0xFF,
    0xFF,0xFF,0xFF,0xFF,0xFF,0xFF,0xFF,0xFF,0xFF,0xFF,0xFF,0xFF,0xFF,0xFF,0xFF,0xFF,
    0xFF,0xFF,0xFF,0xFF,0xFF,0xFF,0xFF,0xFF,0xFF,0xFF,0xFF,0xFF,0xFF,0xFF,0xFF,0xFF,
    0xFF,0xFF,0xFF,0xFF,0xFF,0xFF,0xFF,0xFF,0xFF,0xFF,0xFF,0xFF,0xFF,0xFF,0xFF,0xFF,
    0xFF,0xFF,0xFF,
};
const lv_image_dsc_t ui_img_jump_prince_tile_0_4 = {
    .header.w = 25,
    .header.h = 25,
    .data_size = sizeof(ui_img_jump_prince_tile_0_4_data),
    .header.cf = LV_COLOR_FORMAT_NATIVE_WITH_ALPHA,
    .header.magic = LV_IMAGE_HEADER_MAGIC,
    .data = ui_img_jump_prince_tile_0_4_data
};

const LV_ATTRIBUTE_MEM_ALIGN uint8_t ui_img_jump_prince_tile_1_4_data[] = {
    0x25,0x08,0x25,0x08,0x25,0x08,0x25,0x08,0x25,0x08,0x25,0x08,0x25,0x08,0x25,0x08,
    0x25,0x08,0x25,0x08,0x25,0x08,0x25,0x08,0x25,0x08,0x25,0x08,0x25,0x08,0x25,0x08,
    0x25,0x08,0x25,0x08,0x25,0x08,0x25,0x08,0x25,0x08,0x25,0x08,0x25,0x08,0x25,0x08,
    0x25,0x08,0x25,0x08,0x25,0x08,0x25,0x08,0x25,0x08,0x25,0x08,0x25,0x08,0x25,0x08,
    0x25,0x08,0x25,0x08,0x25,0x08,0x25,0x08,0x25,0x08,0x25,0x08,0x25,0x08,0x25,0x08,
    0x25,0x08,0x25,0x08,0x25,0x08,0x25,0x08,0x25,0x08,0x25,0x08,0x25,0x08,0x25,0x08,
    0x25,0x08,0x25,0x08,0x25,0x08,0x25,0x08,0x25,0x08,0x25,0x08,0x25,0x08,0x25,0x08,
    0x25,0x08,0x25,0x08,0x25,0x08,0x25,0x08,0x25,0x08,0x25,0x08,0x25,0x08,0x25,0x08,
    0x25,0x08,0x25,0x08,0x25,0x08,0x25,0x08,0x25,0x08,0x25,0x08,0x25,0x08,0x25,0x08,
    0x25,0x08,0x25,0x08,0x25,0x08,0x25,0x08,0x25,0x08,0x25,0x08,0x25,0x08,0x25,0x08,
    0x25,0x08,0x25,0x08,0x25,0x08,0x25,0x08,0x25,0x08,0x25,0x08,0x25,0x08,0x25,0x08,
    0x25,0x08,0x25,0x08,0x25,0x08,0x25,0x08,0x25,0x08,0x25,0x08,0x25,0x08,0x25,0x08,
    0x25,0x08,0x25,0x08,0x25,0x08,0x25,0x08,0x25,0x08,0x25,0x08,0x25,0x08,0x25,0x08,
    0x25,0x08,0x25,0x08,0x25,0x08,0x25,0x08,0x25,0x08,0x25,0x08,0x25,0x08,0x25,0x08,
    0x25,0x08,0x25,0x08,0x25,0x08,0x25,0x08,0x25,0x08,0x25,0x08,0x25,0x08,0x25,0x08,
    0x25,0x08,0x25,0x08,0x25,0x08,0x25,0x08,0x25,0x08,0x25,0x08,0x25,0x08,0x25,0x08,
    0x25,0x08,0x25,0x08,0x25,0x08,0x25,0x08,0x25,0x08,0x25,0x08,0x25,0x08,0x25,0x08,
    0x25,0x08,0x25,0x08,0x25,0x08,0x25,0x08,0x25,0x08,0x25,0x08,0x25,0x08,0x25,0x08,
    0x25,0x08,0x25,0x08,0x25,0x08,0x25,0x08,0x25,0x08,0x25,0x08,0x25,0x08,0x25,0x08,
    0x25,0x08,0x25,0x08,0x25,0x08,0x25,0x08,0x25,0x08,0x25,0x08,0x25,0x08,0x25,0x08,
    0x25,0x08,0x25,0x08,0x25,0x08,0x25,0x08,0x25,0x08,0x25,0x08,0x25,0x08,0x25,0x08,
    0x25,0x08,0x25,0x08,0x25,0x08,0x25,0x08,0x25,0x08,0x25,0x08,0x25,0x08,0x25,0x08,
    0x25,0x08,0x25,0x08,0x25,0x08,0x25,0x08,0x25,0x08,0x25,0x08,0x25,0x08,0x25,0x08,
    0x25,0x08,0x25,0x08,0x25,0x08,0x25,0x08,0x25,0x08,0x25,0x08,0x25,0x08,0x25,0x08,
    0x25,0x08,0x25,0x08,0x25,0x08,0x25,0x08,0x25,0x08,0x25,0x08,0x25,0x08,0x25,0x08,
    0x25,0x08,0x25,0x08,0x25,0x08,0x25,0x08,0x25,0x08,0x25,0x08,0x25,0x08,0x25,0x08,
    0x25,0x08,0x25,0x08,0x25,0x08,0x25,0x08,0x25,0x08,0x25,0x08,0x25,0x08,0x25,0x08,
    0x25,0x08,0x25,0x08,0x25,0x08,0x25,0x08,0x25,0x08,0x25,0x08,0x25,0x08,0x25,0x08,
    0x25,0x08,0x25,0x08,0x25,0x08,0x25,0x08,0x25,0x08,0x25,0x08,0x25,0x08,0x25,0x08,
    0x25,0x08,0x25,0x08,0x25,0x08,0x25,0x08,0x25,0x08,0x25,0x08,0x25,0x08,0x25,0x08,
    0x25,0x08,0x25,0x08,0x25,0x08,0x25,0x08,0x25,0x08,0x25,0x08,0x25,0x08,0x25,0x08,
    0x25,0x08,0x25,0x08,0x25,0x08,0x25,0x08,0x25,0x08,0x25,0x08,0x25,0x08,0x25,0x08,
    0x25,0x08,0x25,0x08,0x25,0x08,0x25,0x08,0x25,0x08,0x25,0x08,0x25,0x08,0x25,0x08,
    0x25,0x08,0x25,0x08,0x25,0x08,0x25,0x08,0x25,0x08,0x25,0x08,0x25,0x08,0x25,0x08,
    0x25,0x08,0x25,0x08,0x25,0x08,0x25,0x08,0x25,0x08,0x25,0x08,0x25,0x08,0x25,0x08,
    0x25,0x08,0x25,0x08,0x25,0x08,0x25,0x08,0x25,0x08,0x25,0x08,0x25,0x08,0x25,0x08,
    0x25,0x08,0x25,0x08,0x25,0x08,0x25,0x08,0x25,0x08,0x25,0x08,0x25,0x08,0x25,0x08,
    0x25,0x08,0x25,0x08,0x25,0x08,0x25,0x08,0x25,0x08,0x25,0x08,0x25,0x08,0x25,0x08,
    0x25,0x08,0x25,0x08,0x25,0x08,0x25,0x08,0x25,0x08,0x25,0x08,0x25,0x08,0x25,0x08,
    0x25,0x08,0x25,0x08,0x25,0x08,0x25,0x08,0x25,0x08,0x25,0x08,0x25,0x08,0x25,0x08,
    0x25,0x08,0x25,0x08,0x25,0x08,0x25,0x08,0x25,0x08,0x25,0x08,0x25,0x08,0x25,0x08,
    0x25,0x08,0x25,0x08,0x25,0x08,0x25,0x08,0x25,0x08,0x25,0x08,0x25,0x08,0x25,0x08,
    0x25,0x08,0x25,0x08,0x25,0x08,0x25,0x08,0x25,0x08,0x25,0x08,0x25,0x08,0x25,0x08,
    0x25,0x08,0x25,0x08,0x25,0x08,0x25,0x08,0x25,0x08,0x25,0x08,0x25,0x08,0x25,0x08,
    0x25,0x08,0x25,0x08,0x25,0x08,0x25,0x08,0x25,0x08,0x25,0x08,0x25,0x08,0x25,0x08,
    0x25,0x08,0x25,0x08,0x25,0x08,0x25,0x08,0x25,0x08,0x25,0x08,0x25,0x08,0x25,0x08,
    0x25,0x08,0x25,0x08,0x25,0x08,0x25,0x08,0x25,0x08,0x25,0x08,0x25,0x08,0x25,0x08,
    0x25,0x08,0x25,0x08,0x25,0x08,0x25,0x08,0x25,0x08,0x25,0x08,0x25,0x08,0x25,0x08,
    0x25,0x08,0x25,0x08,0x25,0x08,0x25,0x08,0x25,0x08,0x25,0x08,0x25,0x08,0x25,0x08,
    0x25,0x08,0x25,0x08,0x25,0x08,0x25,0x08,0x25,0x08,0x25,0x08,0x25,0x08,0x25,0x08,
    0x31,0x34,0x31,0x34,0x25,0x08,0x25,0x08,0x25,0x08,0x25,0x08,0x25,0x08,0x25,0x08,
    0x25,0x08,0x25,0x08,0x25,0x08,0x25,0x08,0x25,0x08,0x25,0x08,0x25,0x08,0x25,0x08,
    0x25,0x08,0x25,0x08,0x25,0x08,0x25,0x08,0x25,0x08,0x25,0x08,0x25,0x08,0x25,0x08,
    0x25,0x08,0x25,0x08,0x25,0x08,0x25,0x08,0x31,0x34,0x31,0x34,0x31,0x34,0x31,0x34,
    0x31,0x34,0x31,0x34,0x25,0x08,0x25,0x08,0x25,0x08,0x25,0x08,0x25,0x08,0x25,0x08,
    0x25,0x08,0x25,0x08,0x25,0x08,0x25,0x08,0x25,0x08,0x25,0x08,0x25,0x08,0x25,0x08,
    0x25,0x08,0x25,0x08,0x25,0x08,0x25,0x08,0x25,0x08,0x31,0x34,0x31,0x34,0x31,0x34,
    0x31,0x34,0x31,0x34,0x31,0x34,0x25,0x08,0x25,0x08,0x25,0x08,0x25,0x08,0x25,0x08,
    0x25,0x08,0x25,0x08,0x25,0x08,0x25,0x08,0x25,0x08,0x25,0x08,0x25,0x08,0x25,0x08,
    0x25,0x08,0x25,0x08,0x25,0x08,0x25,0x08,0x25,0x08,0x31,0x34,0x25,0x08,0x25,0x08,
    0x31,0x34,0x25,0x08,0x25,0x08,0x31,0x34,0x25,0x08,0x25,0x08,0x25,0x08,0x25,0x08,
    0x25,0x08,0x25,0x08,0x25,0x08,0x25,0x08,0x31,0x34,0x31,0x34,0x31,0x34,0x31,0x34,
    0x31,0x34,0x25,0x08,0x25,0x08,0x25,0x08,0x25,0x08,0x25,0x08,0x31,0x34,0x31,0x34,
    0x31,0x34,0x31,0x34,0x31,0x34,0x31,0x34,0x31,0x34,0x25,0x08,0x25,0x08,0x25,0x08,
    0x25,0x08,0x31,0x34,0x25,0x08,0x25,0x08,0x31,0x34,0x25,0x08,0x25,0x08,0x31,0x34,
    0x31,0x34,0x31,0x34,0x31,0x34,0x25,0x08,0x25,0x08,0x25,0x08,0x25,0x08,0x31,0x34,
    0x31,0x34,0x31,0x34,0x31,0x34,0x31,0x34,0x31,0x34,0x31,0x34,0x25,0x08,0x25,0x08,
    0x25,0x08,0x25,0x08,0x31,0x34,0x25,0x08,0x25,0x08,0x31,0x34,0x25,0x08,0x25,0x08,
    0x31,0x34,0x31,0x34,0x31,0x34,0x31,0x34,0x25,0x08,0x25,0x08,0x31,0x34,0x31,0x34,
    0x25,0x08,0x31,0x34,0x31,0x34,0x25,0x08,0x31,0x34,0x31,0x34,0x25,0x08,0x31,0x34,
    0x31,0x34,0x31,0x34,0x31,0x34,0x25,0x08,0x25,0x08,0x25,0x08,0x25,0x08,0x31,0x34,
    0x31,0x34,0x31,0x34,0x25,0x08,0x25,0x08,0x31,0x34,0x25,0x08,0x25,0x08,0x31,0x34,
    0x31,0x34,0x25,0x08,0x25,0x08,0x25,0x08,0x25,0x08,0x25,0x08,0x25,0x08,0x25,0x08,
    0x25,0x08,0x25,0x08,0x25,0x08,0x25,0x08,0x31,0x34,0x25,0x08,0x25,0x08,0x25,0x08,
    0x31,0x34,0x31,0x34,0x25,0x08,0x31,0x34,0x31,0x34,0x25,0x08,0x25,0x08,0x25,0x08,
    0x31,0x34,0x31,0x34,0x25,0x08,0x25,0x08,0x25,0x08,0x25,0x08,0x25,0x08,0x25,0x08,
    0x25,0x08,0x25,0x08,0x25,0x08,0x25,0x08,0x25,0x08,0x31,0x34,0x25,0x08,0x25,0x08,
    0x25,0x08,0x31,0x34,0x31,0x34,0x25,0x08,0x31,0x34,0x31,0x34,0x25,0x08,0x25,0x08,
    0x25,0x08,0xFF,0xFF,0xFF,0xFF,0xFF,0xFF,0xFF,0xFF,0xFF,0xFF,0xFF,0xFF,0xFF,0xFF,
    0xFF,0xFF,0xFF,0xFF,0xFF,0xFF,0xFF,0xFF,0xFF,0xFF,0xFF,0xFF,0xFF,0xFF,0xFF,0xFF,
    0xFF,0xFF,0xFF,0xFF,0xFF,0xFF,0xFF,0xFF,0xFF,0xFF,0xFF,0xFF,0xFF,0xFF,0xFF,0xFF,
    0xFF,0xFF,0xFF,0xFF,0xFF,0xFF,0xFF,0xFF,0xFF,0xFF,0xFF,0xFF,0xFF,0xFF,0xFF,0xFF,
    0xFF,0xFF,0xFF,0xFF,0xFF,0xFF,0xFF,0xFF,0xFF,0xFF,0xFF,0xFF,0xFF,0xFF,0xFF,0xFF,
    0xFF,0xFF,0xFF,0xFF,0xFF,0xFF,0xFF,0xFF,0xFF,0xFF,0xFF,0xFF,0xFF,0xFF,0xFF,0xFF,
    0xFF,0xFF,0xFF,0xFF,0xFF,0xFF,0xFF,0xFF,0xFF,0xFF,0xFF,0xFF,0xFF,0xFF,0xFF,0xFF,
    0xFF,0xFF,0xFF,0xFF,0xFF,0xFF,0xFF,0xFF,0xFF,0xFF,0xFF,0xFF,0xFF,0xFF,0xFF,0xFF,
    0xFF,0xFF,0xFF,0xFF,0xFF,0xFF,0xFF,0xFF,0xFF,0xFF,0xFF,0xFF,0xFF,0xFF,0xFF,0xFF,
    0xFF,0xFF,0xFF,0xFF,0xFF,0xFF,0xFF,0xFF,0xFF,0xFF,0xFF,0xFF,0xFF,0xFF,0xFF,0xFF,
    0xFF,0xFF,0xFF,0xFF,0xFF,0xFF,0xFF,0xFF,0xFF,0xFF,0xFF,0xFF,0xFF,0xFF,0xFF,0xFF,
    0xFF,0xFF,0xFF,0xFF,0xFF,0xFF,0xFF,0xFF,0xFF,0xFF,0xFF,0xFF,0xFF,0xFF,0xFF,0xFF,
    0xFF,0xFF,0xFF,0xFF,0xFF,0xFF,0xFF,0xFF,0xFF,0xFF,0xFF,0xFF,0xFF,0xFF,0xFF,0xFF,
    0xFF,0xFF,0xFF,0xFF,0xFF,0xFF,0xFF,0xFF,0xFF,0xFF,0xFF,0xFF,0xFF,0xFF,0xFF,0xFF,
    0xFF,0xFF,0xFF,0xFF,0xFF,0xFF,0xFF,0xFF,0xFF,0xFF,0xFF,0xFF,0xFF,0xFF,0xFF,0xFF,
    0xFF,0xFF,0xFF,0xFF,0xFF,0xFF,0xFF,0xFF,0xFF,0xFF,0xFF,0xFF,0xFF,0xFF,0xFF,0xFF,
    0xFF,0xFF,0xFF,0xFF,0xFF,0xFF,0xFF,0xFF,0xFF,0xFF,0xFF,0xFF,0xFF,0xFF,0xFF,0xFF,
    0xFF,0xFF,0xFF,0xFF,0xFF,0xFF,0xFF,0xFF,0xFF,0xFF,0xFF,0xFF,0xFF,0xFF,0xFF,0xFF,
    0xFF,0xFF,0xFF,0xFF,0xFF,0xFF,0xFF,0xFF,0xFF,0xFF,0xFF,0xFF,0xFF,0xFF,0xFF,0xFF,
    0xFF,0xFF,0xFF,0xFF,0xFF,0xFF,0xFF,0xFF,0xFF,0xFF,0xFF,0xFF,0xFF,0xFF,0xFF,0xFF,
    0xFF,0xFF,0xFF,0xFF,0xFF,0xFF,0xFF,0xFF,0xFF,0xFF,0xFF,0xFF,0xFF,0xFF,0xFF,0xFF,
    0xFF,0xFF,0xFF,0xFF,0xFF,0xFF,0xFF,0xFF,0xFF,0xFF,0xFF,0xFF,0xFF,0xFF,0xFF,0xFF,
    0xFF,0xFF,0xFF,0xFF,0xFF,0xFF,0xFF,0xFF,0xFF,0xFF,0xFF,0xFF,0xFF,0xFF,0xFF,0xFF,
    0xFF,0xFF,0xFF,0xFF,0xFF,0xFF,0xFF,0xFF,0xFF,0xFF,0xFF,0xFF,0xFF,0xFF,0xFF,0xFF,
    0xFF,0xFF,0xFF,0xFF,0xFF,0xFF,0xFF,0xFF,0xFF,0xFF,0xFF,0xFF,0xFF,0xFF,0xFF,0xFF,
    0xFF,0xFF,0xFF,0xFF,0xFF,0xFF,0xFF,0xFF,0xFF,0xFF,0xFF,0xFF,0xFF,0xFF,0xFF,0xFF,
    0xFF,0xFF,0xFF,0xFF,0xFF,0xFF,0xFF,0xFF,0xFF,0xFF,0xFF,0xFF,0xFF,0xFF,0xFF,0xFF,
    0xFF,0xFF,0xFF,0xFF,0xFF,0xFF,0xFF,0xFF,0xFF,0xFF,0xFF,0xFF,0xFF,0xFF,0xFF,0xFF,
    0xFF,0xFF,0xFF,0xFF,0xFF,0xFF,0xFF,0xFF,0xFF,0xFF,0xFF,0xFF,0xFF,0xFF,0xFF,0xFF,
    0xFF,0xFF,0xFF,0xFF,0xFF,0xFF,0xFF,0xFF,0xFF,0xFF,0xFF,0xFF,0xFF,0xFF,0xFF,0xFF,
    0xFF,0xFF,0xFF,0xFF,0xFF,0xFF,0xFF,0xFF,0xFF,0xFF,0xFF,0xFF,0xFF,0xFF,0xFF,0xFF,
    0xFF,0xFF,0xFF,0xFF,0xFF,0xFF,0xFF,0xFF,0xFF,0xFF,0xFF,0xFF,0xFF,0xFF,0xFF,0xFF,
    0xFF,0xFF,0xFF,0xFF,0xFF,0xFF,0xFF,0xFF,0xFF,0xFF,0xFF,0xFF,0xFF,0xFF,0xFF,0xFF,
    0xFF,0xFF,0xFF,0xFF,0xFF,0xFF,0xFF,0xFF,0xFF,0xFF,0xFF,0xFF,0xFF,0xFF,0xFF,0xFF,
    0xFF,0xFF,0xFF,0xFF,0xFF,0xFF,0xFF,0xFF,0xFF,0xFF,0xFF,0xFF,0xFF,0xFF,0xFF,0xFF,
    0xFF,0xFF,0xFF,0xFF,0xFF,0xFF,0xFF,0xFF,0xFF,0xFF,0xFF,0xFF,0xFF,0xFF,0xFF,0xFF,
    0xFF,0xFF,0xFF,0xFF,0xFF,0xFF,0xFF,0xFF,0xFF,0xFF,0xFF,0xFF,0xFF,0xFF,0xFF,0xFF,
    0xFF,0xFF,0xFF,0xFF,0xFF,0xFF,0xFF,0xFF,0xFF,0xFF,0xFF,0xFF,0xFF,0xFF,0xFF,0xFF,
    0xFF,0xFF,0xFF,0xFF,0xFF,0xFF,0xFF,0xFF,0xFF,0xFF,0xFF,0xFF,0xFF,0xFF,0xFF,0xFF,
    0xFF,0xFF,0xFF,
};
const lv_image_dsc_t ui_img_jump_prince_tile_1_4 = {
    .header.w = 25,
    .header.h = 25,
    .data_size = sizeof(ui_img_jump_prince_tile_1_4_data),
    .header.cf = LV_COLOR_FORMAT_NATIVE_WITH_ALPHA,
    .header.magic = LV_IMAGE_HEADER_MAGIC,
    .data = ui_img_jump_prince_tile_1_4_data
};

const LV_ATTRIBUTE_MEM_ALIGN uint8_t ui_img_jump_prince_tile_2_4_data[] = {
    0x25,0x08,0x25,0x08,0x25,0x08,0x25,0x08,0x25,0x08,0x25,0x08,0x25,0x08,0x25,0x08,
    0x25,0x08,0x25,0x08,0x25,0x08,0x25,0x08,0x25,0x08,0x25,0x08,0x25,0x08,0x25,0x08,
    0x25,0x08,0x25,0x08,0x25,0x08,0x25,0x08,0x25,0x08,0x25,0x08,0x25,0x08,0x25,0x08,
    0x25,0x08,0x25,0x08,0x25,0x08,0x25,0x08,0x25,0x08,0x25,0x08,0x25,0x08,0x25,0x08,
    0x25,0x08,0x25,0x08,0x25,0x08,0x25,0x08,0x25,0x08,0x25,0x08,0x25,0x08,0x25,0x08,
    0x25,0x08,0x25,0x08,0x25,0x08,0x25,0x08,0x25,0x08,0x25,0x08,0x25,0x08,0x25,0x08,
    0x25,0x08,0x25,0x08,0x25,0x08,0x25,0x08,0x25,0x08,0x25,0x08,0x25,0x08,0x25,0x08,
    0x25,0x08,0x25,0x08,0x25,0x08,0x25,0x08,0x25,0x08,0x25,0x08,0x25,0x08,0x25,0x08,
    0x25,0x08,0x25,0x08,0x25,0x08,0x25,0x08,0x25,0x08,0x25,0x08,0x25,0x08,0x25,0x08,
    0x25,0x08,0x25,0x08,0x25,0x08,0x25,0x08,0x25,0x08,0x25,0x08,0x25,0x08,0x25,0x08,
    0x31,0x34,0x31,0x34,0x31,0x34,0x31,0x34,0x31,0x34,0x31,0x34,0x31,0x34,0x31,0x34,
    0xAE,0x21,0x31,0x34,0x31,0x34,0x31,0x34,0x31,0x34,0x31,0x34,0x31,0x34,0x31,0x34,
    0x31,0x34,0x31,0x34,0x31,0x34,0x31,0x34,0x25,0x08,0x25,0x08,0x25,0x08,0x25,0x08,
    0x25,0x08,0x31,0x34,0x31,0x34,0x31,0x34,0x31,0x34,0x31,0x34,0x31,0x34,0x31,0x34,
    0x31,0x34,0xAE,0x21,0x31,0x34,0x31,0x34,0x31,0x34,0x31,0x34,0x31,0x34,0x31,0x34,
    0x31,0x34,0x31,0x34,0x31,0x34,0x31,0x34,0x31,0x34,0x25,0x08,0x25,0x08,0x25,0x08,
    0xAE,0x21,0xAE,0x21,0x31,0x34,0x31,0x34,0x31,0x34,0x31,0x34,0x31,0x34,0x31,0x34,
    0xAE,0x21,0xAE,0x21,0xAE,0x21,0xAE,0x21,0xAE,0x21,0xAE,0x21,0xAE,0x21,0xAE,0x21,
    0xAE,0x21,0xAE,0x21,0xAE,0x21,0xAE,0x21,0xAE,0x21,0xAE,0x21,0x25,0x08,0x25,0x08,
    0xAE,0x21,0xAE,0x21,0xAE,0x21,0xAE,0x21,0xAE,0x21,0xAE,0x21,0x25,0x08,0x25,0x08,
    0x25,0x08,0x25,0x08,0x25,0x08,0x25,0x08,0x25,0x08,0x25,0x08,0x25,0x08,0x25,0x08,
    0x25,0x08,0x25,0x08,0x25,0x08,0x25,0x08,0x25,0x08,0x25,0x08,0x25,0x08,0x25,0x08,
    0x25,0x08,0xAE,0x21,0xAE,0x21,0xAE,0x21,0xAE,0x21,0xAE,0x21,0xAE,0x21,0x25,0x08,
    0x25,0x08,0x25,0x08,0x25,0x08,0x25,0x08,0x25,0x08,0x25,0x08,0x25,0x08,0x25,0x08,
    0x25,0x08,0x25,0x08,0x25,0x08,0x25,0x08,0x25,0x08,0x25,0x08,0x25,0x08,0x25,0x08,
    0x25,0x08,0x25,0x08,0xAE,0x21,0xAE,0x21,0xAE,0x21,0xAE,0x21,0x25,0x08,0x25,0x08,
    0x25,0x08,0x25,0x08,0x25,0x08,0x25,0x08,0x25,0x08,0x25,0x08,0x25,0x08,0x25,0x08,
    0x25,0x08,0x25,0x08,0x25,0x08,0x25,0x08,0x25,0x08,0x25,0x08,0x25,0x08,0x25,0x08,
    0x25,0x08,0x25,0x08,0x25,0x08,0x25,0x08,0x25,0x08,0x25,0x08,0x25,0x08,0x25,0x08,
    0x25,0x08,0x25,0x08,0x25,0x08,0x25,0x08,0x25,0x08,0x25,0x08,0x25,0x08,0x25,0x08,
    0x25,0x08,0x25,0x08,0x25,0x08,0x25,0x08,0x25,0x08,0x25,0x08,0x25,0x08,0x25,0x08,
    0x25,0x08,0x25,0x08,0x25,0x08,0x25,0x08,0x25,0x08,0x25,0x08,0x25,0x08,0x25,0x08,
    0x25,0x08,0x25,0x08,0x25,0x08,0x25,0x08,0x25,0x08,0x25,0x08,0x25,0x08,0x25,0x08,
    0x25,0x08,0x25,0x08,0x25,0x08,0x25,0x08,0x25,0x08,0x25,0x08,0x25,0x08,0x25,0x08,
    0x25,0x08,0x25,0x08,0x25,0x08,0x25,0x08,0x25,0x08,0x25,0x08,0xAE,0x21,0xAE,0x21,
    0xAE,0x21,0x25,0x08,0x25,0x08,0x25,0x08,0x25,0x08,0x25,0x08,0x25,0x08,0x25,0x08,
    0x25,0x08,0x25,0x08,0x25,0x08,0x25,0x08,0x25,0x08,0x25,0x08,0x25,0x08,0x25,0x08,
    0x25,0x08,0x25,0x08,0x25,0x08,0x25,0x08,0x25,0x08,0x25,0x08,0x25,0x08,0xAE,0x21,
    0xAE,0x21,0xAE,0x21,0x25,0x08,0x25,0x08,0x25,0x08,0x25,0x08,0x25,0x08,0x25,0x08,
    0x25,0x08,0x25,0x08,0x25,0x08,0x25,0x08,0x25,0x08,0x25,0x08,0x25,0x08,0x25,0x08,
    0x25,0x08,0x25,0x08,0x25,0x08,0x25,0x08,0x25,0x08,0x25,0x08,0x25,0x08,0x25,0x08,
    0xAE,0x21,0xAE,0x21,0xAE,0x21,0x25,0x08,0x25,0x08,0x25,0x08,0x25,0x08,0x25,0x08,
    0x25,0x08,0x25,0x08,0x25,0x08,0x25,0x08,0x25,0x08,0x25,0x08,0x25,0x08,0x25,0x08,
    0x25,0x08,0x25,0x08,0x25,0x08,0x25,0x08,0x25,0x08,0x25,0x08,0x25,0x08,0x25,0x08,
    0x25,0x08,0xAE,0x21,0xAE,0x21,0xAE,0x21,0x25,0x08,0x25,0x08,0x25,0x08,0x25,0x08,
    0x25,0x08,0x25,0x08,0x25,0x08,0x25,0x08,0x25,0x08,0x25,0x08,0x25,0x08,0x25,0x08,
    0x25,0x08,0x25,0x08,0x25,0x08,0x25,0x08,0x25,0x08,0x25,0x08,0x25,0x08,0x25,0x08,
    0x25,0x08,0x25,0x08,0xAE,0x21,0xAE,0x21,0xAE,0x21,0x25,0x08,0x25,0x08,0x25,0x08,
    0x25,0x08,0x25,0x08,0x25,0x08,0x25,0x08,0x25,0x08,0x25,0x08,0x25,0x08,0x25,0x08,
    0x25,0x08,0x25,0x08,0x25,0x08,0x25,0x08,0x25,0x08,0x25,0x08,0x25,0x08,0x25,0x08,
    0x25,0x08,0x25,0x08,0x25,0x08,0xAE,0x21,0xAE,0x21,0xAE,0x21,0x25,0x08,0x25,0x08,
    0x25,0x08,0x25,0x08,0x25,0x08,0x25,0x08,0x25,0x08,0x25,0x08,0x25,0x08,0x25,0x08,
    0x25,0x08,0x25,0x08,0x25,0x08,0x25,0x08,0x25,0x08,0x25,0x08,0x25,0x08,0x25,0x08,
    0x25,0x08,0x25,0x08,0x25,0x08,0x25,0x08,0xAE,0x21,0xAE,0x21,0xAE,0x21,0x25,0x08,
    0x25,0x08,0x25,0x08,0x25,0x08,0x25,0x08,0x25,0x08,0x25,0x08,0x25,0x08,0x25,0x08,
    0x25,0x08,0x25,0x08,0x25,0x08,0x25,0x08,0x25,0x08,0x25,0x08,0x25,0x08,0x25,0x08,
    0x25,0x08,0x25,0x08,0x25,0x08,0x25,0x08,0x25,0x08,0xAE,0x21,0xAE,0x21,0xAE,0x21,
    0x25,0x08,0x25,0x08,0x25,0x08,0x25,0x08,0x25,0x08,0x25,0x08,0x25,0x08,0x25,0x08,
    0x25,0x08,0x25,0x08,0x25,0x08,0x25,0x08,0x25,0x08,0x25,0x08,0x25,0x08,0x25,0x08,
    0x25,0x08,0x25,0x08,0x25,0x08,0x25,0x08,0x25,0x08,0x25,0x08,0xAE,0x21,0xAE,0x21,
    0xAE,0x21,0x25,0x08,0x25,0x08,0x25,0x08,0x25,0x08,0x25,0x08,0x25,0x08,0x25,0x08,
    0x25,0x08,0x25,0x08,0x25,0x08,0x25,0x08,0x25,0x08,0x25,0x08,0x25,0x08,0x25,0x08,
    0x25,0x08,0x25,0x08,0x25,0x08,0x25,0x08,0x25,0x08,0x25,0x08,0x25,0x08,0xAE,0x21,
    0xAE,0x21,0xAE,0x21,0x25,0x08,0x25,0x08,0x25,0x08,0x25,0x08,0x25,0x08,0x25,0x08,
    0x25,0x08,0x25,0x08,0x25,0x08,0x25,0x08,0x25,0x08,0x25,0x08,0x25,0x08,0x25,0x08,
    0x25,0x08,0x25,0x08,0x25,0x08,0x25,0x08,0x25,0x08,0x25,0x08,0x25,0x08,0x25,0x08,
    0xAE,0x21,0xAE,0x21,0xAE,0x21,0x25,0x08,0x25,0x08,0x25,0x08,0x25,0x08,0x25,0x08,
    0x25,0x08,0x25,0x08,0x25,0x08,0x25,0x08,0x25,0x08,0x25,0x08,0x25,0x08,0x25,0x08,
    0x25,0x08,0x25,0x08,0x25,0x08,0x25,0x08,0x25,0x08,0x25,0x08,0x25,0x08,0x25,0x08,
    0x25,0x08,0xAE,0x21,0xAE,0x21,0xAE,0x21,0x25,0x08,0x25,0x08,0x25,0x08,0x25,0x08,
    0x25,0x08,0x25,0x08,0x25,0x08,0x25,0x08,0x25,0x08,0x25,0x08,0x25,0x08,0x25,0x08,
    0x25,0x08,0x25,0x08,0x25,0x08,0x25,0x08,0x25,0x08,0x25,0x08,0x25,0x08,0x25,0x08,
    0x25,0x08,0x25,0x08,0xAE,0x21,0xAE,0x21,0xAE,0x21,0x25,0x08,0x25,0x08,0x25,0x08,
    0x25,0x08,0x25,0x08,0x25,0x08,0x25,0x08,0x25,0x08,0x25,0x08,0x25,0x08,0x25,0x08,
    0x25,0x08,0x25,0x08,0x25,0x08,0x25,0x08,0x25,0x08,0x25,0x08,0x25,0x08,0x25,0x08,
    0x25,0x08,0x25,0x08,0x25,0x08,0xAE,0x21,0xAE,0x21,0xAE,0x21,0x25,0x08,0x25,0x08,
    0x25,0x08,0x25,0x08,0x25,0x08,0x25,0x08,0x25,0x08,0x25,0x08,0x25,0x08,0x25,0x08,
    0x25,0x08,0x25,0x08,0x25,0x08,0x25,0x08,0x25,0x08,0x25,0x08,0x25,0x08,0x25,0x08,
    0x25,0x08,0xFF,0xFF,0xFF,0xFF,0xFF,0xFF,0xFF,0xFF,0xFF,0xFF,0xFF,0xFF,0xFF,0xFF,
    0xFF,0xFF,0xFF,0xFF,0xFF,0xFF,0xFF,0xFF,0xFF,0xFF,0xFF,0xFF,0xFF,0xFF,0xFF,0xFF,
    0xFF,0xFF,0xFF,0xFF,0xFF,0xFF,0xFF,0xFF,0xFF,0xFF,0xFF,0xFF,0xFF,0xFF,0xFF,0xFF,
    0xFF,0xFF,0xFF,0xFF,0xFF,0xFF,0xFF,0xFF,0xFF,0xFF,0xFF,0xFF,0xFF,0xFF,0xFF,0xFF,
    0xFF,0xFF,0xFF,0xFF,0xFF,0xFF,0xFF,0xFF,0xFF,0xFF,0xFF,0xFF,0xFF,0xFF,0xFF,0xFF,
    0xFF,0xFF,0xFF,0xFF,0xFF,0xFF,0xFF,0xFF,0xFF,0xFF,0xFF,0xFF,0xFF,0xFF,0xFF,0xFF,
    0xFF,0xFF,0xFF,0xFF,0xFF,0xFF,0xFF,0xFF,0xFF,0xFF,0xFF,0xFF,0xFF,0xFF,0xFF,0xFF,
    0xFF,0xFF,0xFF,0xFF,0xFF,0xFF,0xFF,0xFF,0xFF,0xFF,0xFF,0xFF,0xFF,0xFF,0xFF,0xFF,
    0xFF,0xFF,0xFF,0xFF,0xFF,0xFF,0xFF,0xFF,0xFF,0xFF,0xFF,0xFF,0xFF,0xFF,0xFF,0xFF,
    0xFF,0xFF,0xFF,0xFF,0xFF,0xFF,0xFF,0xFF,0xFF,0xFF,0xFF,0xFF,0xFF,0xFF,0xFF,0xFF,
    0xFF,0xFF,0xFF,0xFF,0xFF,0xFF,0xFF,0xFF,0xFF,0xFF,0xFF,0xFF,0xFF,0xFF,0xFF,0xFF,
    0xFF,0xFF,0xFF,0xFF,0xFF,0xFF,0xFF,0xFF,0xFF,0xFF,0xFF,0xFF,0xFF,0xFF,0xFF,0xFF,
    0xFF,0xFF,0xFF,0xFF,0xFF,0xFF,0xFF,0xFF,0xFF,0xFF,0xFF,0xFF,0xFF,0xFF,0xFF,0xFF,
    0xFF,0xFF,0xFF,0xFF,0xFF,0xFF,0xFF,0xFF,0xFF,0xFF,0xFF,0xFF,0xFF,0xFF,0xFF,0xFF,
    0xFF,0xFF,0xFF,0xFF,0xFF,0xFF,0xFF,0xFF,0xFF,0xFF,0xFF,0xFF,0xFF,0xFF,0xFF,0xFF,
    0xFF,0xFF,0xFF,0xFF,0xFF,0xFF,0xFF,0xFF,0xFF,0xFF,0xFF,0xFF,0xFF,0xFF,0xFF,0xFF,
    0xFF,0xFF,0xFF,0xFF,0xFF,0xFF,0xFF,0xFF,0xFF,0xFF,0xFF,0xFF,0xFF,0xFF,0xFF,0xFF,
    0xFF,0xFF,0xFF,0xFF,0xFF,0xFF,0xFF,0xFF,0xFF,0xFF,0xFF,0xFF,0xFF,0xFF,0xFF,0xFF,
    0xFF,0xFF,0xFF,0xFF,0xFF,0xFF,0xFF,0xFF,0xFF,0xFF,0xFF,0xFF,0xFF,0xFF,0xFF,0xFF,
    0xFF,0xFF,0xFF,0xFF,0xFF,0xFF,0xFF,0xFF,0xFF,0xFF,0xFF,0xFF,0xFF,0xFF,0xFF,0xFF,
    0xFF,0xFF,0xFF,0xFF,0xFF,0xFF,0xFF,0xFF,0xFF,0xFF,0xFF,0xFF,0xFF,0xFF,0xFF,0xFF,
    0xFF,0xFF,0xFF,0xFF,0xFF,0xFF,0xFF,0xFF,0xFF,0xFF,0xFF,0xFF,0xFF,0xFF,0xFF,0xFF,
    0xFF,0xFF,0xFF,0xFF,0xFF,0xFF,0xFF,0xFF,0xFF,0xFF,0xFF,0xFF,0xFF,0xFF,0xFF,0xFF,
    0xFF,0xFF,0xFF,0xFF,0xFF,0xFF,0xFF,0xFF,0xFF,0xFF,0xFF,0xFF,0xFF,0xFF,0xFF,0xFF,
    0xFF,0xFF,0xFF,0xFF,0xFF,0xFF,0xFF,0xFF,0xFF,0xFF,0xFF,0xFF,0xFF,0xFF,0xFF,0xFF,
    0xFF,0xFF,0xFF,0xFF,0xFF,0xFF,0xFF,0xFF,0xFF,0xFF,0xFF,0xFF,0xFF,0xFF,0xFF,0xFF,
    0xFF,0xFF,0xFF,0xFF,0xFF,0xFF,0xFF,0xFF,0xFF,0xFF,0xFF,0xFF,0xFF,0xFF,0xFF,0xFF,
    0xFF,0xFF,0xFF,0xFF,0xFF,0xFF,0xFF,0xFF,0xFF,0xFF,0xFF,0xFF,0xFF,0xFF,0xFF,0xFF,
    0xFF,0xFF,0xFF,0xFF,0xFF,0xFF,0xFF,0xFF,0xFF,0xFF,0xFF,0xFF,0xFF,0xFF,0xFF,0xFF,
    0xFF,0xFF,0xFF,0xFF,0xFF,0xFF,0xFF,0xFF,0xFF,0xFF,0xFF,0xFF,0xFF,0xFF,0xFF,0xFF,
    0xFF,0xFF,0xFF,0xFF,0xFF,0xFF,0xFF,0xFF,0xFF,0xFF,0xFF,0xFF,0xFF,0xFF,0xFF,0xFF,
    0xFF,0xFF,0xFF,0xFF,0xFF,0xFF,0xFF,0xFF,0xFF,0xFF,0xFF,0xFF,0xFF,0xFF,0xFF,0xFF,
    0xFF,0xFF,0xFF,0xFF,0xFF,0xFF,0xFF,0xFF,0xFF,0xFF,0xFF,0xFF,0xFF,0xFF,0xFF,0xFF,
    0xFF,0xFF,0xFF,0xFF,0xFF,0xFF,0xFF,0xFF,0xFF,0xFF,0xFF,0xFF,0xFF,0xFF,0xFF,0xFF,
    0xFF,0xFF,0xFF,0xFF,0xFF,0xFF,0xFF,0xFF,0xFF,0xFF,0xFF,0xFF,0xFF,0xFF,0xFF,0xFF,
    0xFF,0xFF,0xFF,0xFF,0xFF,0xFF,0xFF,0xFF,0xFF,0xFF,0xFF,0xFF,0xFF,0xFF,0xFF,0xFF,
    0xFF,0xFF,0xFF,0xFF,0xFF,0xFF,0xFF,0xFF,0xFF,0xFF,0xFF,0xFF,0xFF,0xFF,0xFF,0xFF,
    0xFF,0xFF,0xFF,0xFF,0xFF,0xFF,0xFF,0xFF,0xFF,0xFF,0xFF,0xFF,0xFF,0xFF,0xFF,0xFF,
    0xFF,0xFF,0xFF,0xFF,0xFF,0xFF,0xFF,0xFF,0xFF,0xFF,0xFF,0xFF,0xFF,0xFF,0xFF,0xFF,
    0xFF,0xFF,0xFF,
};
const lv_image_dsc_t ui_img_jump_prince_tile_2_4 = {
    .header.w = 25,
    .header.h = 25,
    .data_size = sizeof(ui_img_jump_prince_tile_2_4_data),
    .header.cf = LV_COLOR_FORMAT_NATIVE_WITH_ALPHA,
    .header.magic = LV_IMAGE_HEADER_MAGIC,
    .data = ui_img_jump_prince_tile_2_4_data
};

const LV_ATTRIBUTE_MEM_ALIGN uint8_t ui_img_jump_prince_tile_3_4_data[] = {
    0x25,0x08,0x25,0x08,0x25,0x08,0x25,0x08,0x25,0x08,0x25,0x08,0x25,0x08,0x25,0x08,
    0x25,0x08,0x25,0x08,0x25,0x08,0x25,0x08,0x25,0x08,0x25,0x08,0x25,0x08,0x25,0x08,
    0x25,0x08,0x25,0x08,0x25,0x08,0x25,0x08,0x25,0x08,0x25,0x08,0x25,0x08,0x25,0x08,
    0x25,0x08,0x25,0x08,0x25,0x08,0x25,0x08,0x25,0x08,0x25,0x08,0x25,0x08,0x25,0x08,
    0x25,0x08,0x25,0x08,0x25,0x08,0x25,0x08,0x25,0x08,0x25,0x08,0x25,0x08,0x25,0x08,
    0x25,0x08,0x25,0x08,0x25,0x08,0x25,0x08,0x25,0x08,0x25,0x08,0x25,0x08,0x25,0x08,
    0x25,0x08,0x25,0x08,0x25,0x08,0x25,0x08,0x25,0x08,0x25,0x08,0x25,0x08,0x25,0x08,
    0x25,0x08,0x25,0x08,0x25,0x08,0x25,0x08,0x25,0x08,0x25,0x08,0x25,0x08,0x25,0x08,
    0x25,0x08,0x25,0x08,0x25,0x08,0x25,0x08,0x25,0x08,0x25,0x08,0x25,0x08,0x25,0x08,
    0x25,0x08,0x25,0x08,0x25,0x08,0x31,0x34,0x31,0x34,0x31,0x34,0x31,0x34,0x31,0x34,
    0x31,0x34,0x31,0x34,0x31,0x34,0x31,0x34,0x31,0x34,0x31,0x34,0xAE,0x21,0xAE,0x21,
    0x31,0x34,0x31,0x34,0x31,0x34,0x31,0x34,0x31,0x34,0x31,0x34,0x31,0x34,0x25,0x08,
    0x25,0x08,0x25,0x08,0x25,0x08,0x25,0x08,0x31,0x34,0x31,0x34,0x31,0x34,0x31,0x34,
    0x31,0x34,0x31,0x34,0x31,0x34,0x31,0x34,0x31,0x34,0x31,0x34,0x31,0x34,0xAE,0x21,
    0xAE,0x21,0x31,0x34,0x31,0x34,0x31,0x34,0x31,0x34,0x31,0x34,0x31,0x34,0x31,0x34,
    0x25,0x08,0x25,0x08,0x25,0x08,0x25,0x08,0x25,0x08,0xAE,0x21,0xAE,0x21,0xAE,0x21,
    0xAE,0x21,0xAE,0x21,0xAE,0x21,0xAE,0x21,0xAE,0x21,0xAE,0x21,0xAE,0x21,0xAE,0x21,
    0xAE,0x21,0xAE,0x21,0xAE,0x21,0x31,0x34,0x31,0x34,0x31,0x34,0x31,0x34,0x31,0x34,
    0x31,0x34,0xAE,0x21,0xAE,0x21,0x25,0x08,0x25,0x08,0x25,0x08,0x25,0x08,0x25,0x08,
    0x25,0x08,0x25,0x08,0x25,0x08,0x25,0x08,0x25,0x08,0x25,0x08,0x25,0x08,0x25,0x08,
    0x25,0x08,0x25,0x08,0x25,0x08,0x25,0x08,0x25,0x08,0x25,0x08,0x25,0x08,0xAE,0x21,
    0xAE,0x21,0xAE,0x21,0xAE,0x21,0xAE,0x21,0xAE,0x21,0x25,0x08,0x25,0x08,0x25,0x08,
    0x25,0x08,0x25,0x08,0x25,0x08,0x25,0x08,0x25,0x08,0x25,0x08,0x25,0x08,0x25,0x08,
    0x25,0x08,0x25,0x08,0x25,0x08,0x25,0x08,0x25,0x08,0x25,0x08,0x25,0x08,0x25,0x08,
    0xAE,0x21,0xAE,0x21,0xAE,0x21,0xAE,0x21,0xAE,0x21,0xAE,0x21,0x25,0x08,0x25,0x08,
    0x25,0x08,0x25,0x08,0x25,0x08,0x25,0x08,0x25,0x08,0x25,0x08,0x25,0x08,0x25,0x08,
    0x25,0x08,0x25,0x08,0x25,0x08,0x25,0x08,0x25,0x08,0x25,0x08,0x25,0x08,0x25,0x08,
    0x25,0x08,0x25,0x08,0x25,0x08,0xAE,0x21,0xAE,0x21,0xAE,0x21,0xAE,0x21,0x25,0x08,
    0x25,0x08,0x25,0x08,0x25,0x08,0x25,0x08,0x25,0x08,0x25,0x08,0x25,0x08,0x25,0x08,
    0x25,0x08,0x25,0x08,0x25,0x08,0x25,0x08,0x25,0x08,0x25,0x08,0x25,0x08,0x25,0x08,
    0x25,0x08,0x25,0x08,0x25,0x08,0x25,0x08,0x25,0x08,0x25,0x08,0x25,0x08,0x25,0x08,
    0x25,0x08,0x25,0x08,0x25,0x08,0x25,0x08,0x25,0x08,0x25,0x08,0x25,0x08,0x25,0x08,
    0x25,0x08,0x25,0x08,0x25,0x08,0x25,0x08,0x25,0x08,0x25,0x08,0x25,0x08,0x25,0x08,
    0x25,0x08,0x25,0x08,0x25,0x08,0x25,0x08,0x25,0x08,0x25,0x08,0x25,0x08,0x25,0x08,
    0x25,0x08,0x25,0x08,0x25,0x08,0x25,0x08,0x25,0x08,0x25,0x08,0x25,0x08,0x25,0x08,
    0x25,0x08,0x25,0x08,0x25,0x08,0x25,0x08,0x25,0x08,0x25,0x08,0x25,0x08,0x25,0x08,
    0x25,0x08,0x25,0x08,0x25,0x08,0x25,0x08,0x25,0x08,0x25,0x08,0xAE,0x21,0xAE,0x21,
    0xAE,0x21,0x25,0x08,0x25,0x08,0x25,0x08,0x25,0x08,0x25,0x08,0x25,0x08,0x25,0x08,
    0x25,0x08,0x25,0x08,0x25,0x08,0x25,0x08,0x25,0x08,0x25,0x08,0x25,0x08,0x25,0x08,
    0x25,0x08,0x25,0x08,0x25,0x08,0x25,0x08,0x25,0x08,0x25,0x08,0x25,0x08,0xAE,0x21,
    0xAE,0x21,0xAE,0x21,0x25,0x08,0x25,0x08,0x25,0x08,0x25,0x08,0x25,0x08,0x25,0x08,
    0x25,0x08,0x25,0x08,0x25,0x08,0x25,0x08,0x25,0x08,0x25,0x08,0x25,0x08,0x25,0x08,
    0x25,0x08,0x25,0x08,0x25,0x08,0x25,0x08,0x25,0x08,0x25,0x08,0x25,0x08,0x25,0x08,
    0xAE,0x21,0xAE,0x21,0xAE,0x21,0x25,0x08,0x25,0x08,0x25,0x08,0x25,0x08,0x25,0x08,
    0x25,0x08,0x25,0x08,0x25,0x08,0x25,0x08,0x25,0x08,0x25,0x08,0x25,0x08,0x25,0x08,
    0x25,0x08,0x25,0x08,0x25,0x08,0x25,0x08,0x25,0x08,0x25,0x08,0x25,0x08,0x25,0x08,
    0x25,0x08,0xAE,0x21,0xAE,0x21,0xAE,0x21,0x25,0x08,0x25,0x08,0x25,0x08,0x25,0x08,
    0x25,0x08,0x25,0x08,0x25,0x08,0x25,0x08,0x25,0x08,0x25,0x08,0x25,0x08,0x25,0x08,
    0x25,0x08,0x25,0x08,0x25,0x08,0x25,0x08,0x25,0x08,0x25,0x08,0x25,0x08,0x25,0x08,
    0x25,0x08,0x25,0x08,0xAE,0x21,0xAE,0x21,0xAE,0x21,0x25,0x08,0x25,0x08,0x25,0x08,
    0x25,0x08,0x25,0x08,0x25,0x08,0x25,0x08,0x25,0x08,0x25,0x08,0x25,0x08,0x25,0x08,
    0x25,0x08,0x25,0x08,0x25,0x08,0x25,0x08,0x25,0x08,0x25,0x08,0x25,0x08,0x25,0x08,
    0x25,0x08,0x25,0x08,0x25,0x08,0xAE,0x21,0xAE,0x21,0xAE,0x21,0x25,0x08,0x25,0x08,
    0x25,0x08,0x25,0x08,0x25,0x08,0x25,0x08,0x25,0x08,0x25,0x08,0x25,0x08,0x25,0x08,
    0x25,0x08,0x25,0x08,0x25,0x08,0x25,0x08,0x25,0x08,0x25,0x08,0x25,0x08,0x25,0x08,
    0x25,0x08,0x25,0x08,0x25,0x08,0x25,0x08,0xAE,0x21,0xAE,0x21,0xAE,0x21,0x25,0x08,
    0x25,0x08,0x25,0x08,0x25,0x08,0x25,0x08,0x25,0x08,0x25,0x08,0x25,0x08,0x25,0x08,
    0x25,0x08,0x25,0x08,0x25,0x08,0x25,0x08,0x25,0x08,0x25,0x08,0x25,0x08,0x25,0x08,
    0x25,0x08,0x25,0x08,0x25,0x08,0x25,0x08,0x25,0x08,0xAE,0x21,0xAE,0x21,0xAE,0x21,
    0x25,0x08,0x25,0x08,0x25,0x08,0x25,0x08,0x25,0x08,0x25,0x08,0x25,0x08,0x25,0x08,
    0x25,0x08,0x25,0x08,0x25,0x08,0x25,0x08,0x25,0x08,0x25,0x08,0x25,0x08,0x25,0x08,
    0x25,0x08,0x25,0x08,0x25,0x08,0x25,0x08,0x25,0x08,0x25,0x08,0xAE,0x21,0xAE,0x21,
    0xAE,0x21,0x25,0x08,0x25,0x08,0x25,0x08,0x25,0x08,0x25,0x08,0x25,0x08,0x25,0x08,
    0x25,0x08,0x25,0x08,0x25,0x08,0x25,0x08,0x25,0x08,0x25,0x08,0x25,0x08,0x25,0x08,
    0x25,0x08,0x25,0x08,0x25,0x08,0x25,0x08,0x25,0x08,0x25,0x08,0x25,0x08,0xAE,0x21,
    0xAE,0x21,0xAE,0x21,0x25,0x08,0x25,0x08,0x25,0x08,0x25,0x08,0x25,0x08,0x25,0x08,
    0x25,0x08,0x25,0x08,0x25,0x08,0x25,0x08,0x25,0x08,0x25,0x08,0x25,0x08,0x25,0x08,
    0x25,0x08,0x25,0x08,0x25,0x08,0x25,0x08,0x25,0x08,0x25,0x08,0x25,0x08,0x25,0x08,
    0xAE,0x21,0xAE,0x21,0xAE,0x21,0x25,0x08,0x25,0x08,0x25,0x08,0x25,0x08,0x25,0x08,
    0x25,0x08,0x25,0x08,0x25,0x08,0x25,0x08,0x25,0x08,0x25,0x08,0x25,0x08,0x25,0x08,
    0x25,0x08,0x25,0x08,0x25,0x08,0x25,0x08,0x25,0x08,0x25,0x08,0x25,0x08,0x25,0x08,
    0x25,0x08,0xAE,0x21,0xAE,0x21,0xAE,0x21,0x25,0x08,0x25,0x08,0x25,0x08,0x25,0x08,
    0x25,0x08,0x25,0x08,0x25,0x08,0x25,0x08,0x25,0x08,0x25,0x08,0x25,0x08,0x25,0x08,
    0x25,0x08,0x25,0x08,0x25,0x08,0x25,0x08,0x25,0x08,0x25,0x08,0x25,0x08,0x25,0x08,
    0x25,0x08,0x25,0x08,0xAE,0x21,0xAE,0x21,0xAE,0x21,0x25,0x08,0x25,0x08,0x25,0x08,
    0x25,0x08,0x25,0x08,0x25,0x08,0x25,0x08,0x25,0x08,0x25,0x08,0x25,0x08,0x25,0x08,
    0x25,0x08,0x25,0x08,0x25,0x08,0x25,0x08,0x25,0x08,0x25,0x08,0x25,0x08,0x25,0x08,
    0x25,0x08,0x25,0x08,0x25,0x08,0xAE,0x21,0xAE,0x21,0xAE,0x21,0x25,0x08,0x25,0x08,
    0x25,0x08,0xFF,0xFF,0xFF,0xFF,0xFF,0xFF,0xFF,0xFF,0xFF,0xFF,0xFF,0xFF,0xFF,0xFF,
    0xFF,0xFF,0xFF,0xFF,0xFF,0xFF,0xFF,0xFF,0xFF,0xFF,0xFF,0xFF,0xFF,0xFF,0xFF,0xFF,
    0xFF,0xFF,0xFF,0xFF,0xFF,0xFF,0xFF,0xFF,0xFF,0xFF,0xFF,0xFF,0xFF,0xFF,0xFF,0xFF,
    0xFF,0xFF,0xFF,0xFF,0xFF,0xFF,0xFF,0xFF,0xFF,0xFF,0xFF,0xFF,0xFF,0xFF,0xFF,0xFF,
    0xFF,0xFF,0xFF,0xFF,0xFF,0xFF,0xFF,0xFF,0xFF,0xFF,0xFF,0xFF,0xFF,0xFF,0xFF,0xFF,
    0xFF,0xFF,0xFF,0xFF,0xFF,0xFF,0xFF,0xFF,0xFF,0xFF,0xFF,0xFF,0xFF,0xFF,0xFF,0xFF,
    0xFF,0xFF,0xFF,0xFF,0xFF,0xFF,0xFF,0xFF,0xFF,0xFF,0xFF,0xFF,0xFF,0xFF,0xFF,0xFF,
    0xFF,0xFF,0xFF,0xFF,0xFF,0xFF,0xFF,0xFF,0xFF,0xFF,0xFF,0xFF,0xFF,0xFF,0xFF,0xFF,
    0xFF,0xFF,0xFF,0xFF,0xFF,0xFF,0xFF,0xFF,0xFF,0xFF,0xFF,0xFF,0xFF,0xFF,0xFF,0xFF,
    0xFF,0xFF,0xFF,0xFF,0xFF,0xFF,0xFF,0xFF,0xFF,0xFF,0xFF,0xFF,0xFF,0xFF,0xFF,0xFF,
    0xFF,0xFF,0xFF,0xFF,0xFF,0xFF,0xFF,0xFF,0xFF,0xFF,0xFF,0xFF,0xFF,0xFF,0xFF,0xFF,
    0xFF,0xFF,0xFF,0xFF,0xFF,0xFF,0xFF,0xFF,0xFF,0xFF,0xFF,0xFF,0xFF,0xFF,0xFF,0xFF,
    0xFF,0xFF,0xFF,0xFF,0xFF,0xFF,0xFF,0xFF,0xFF,0xFF,0xFF,0xFF,0xFF,0xFF,0xFF,0xFF,
    0xFF,0xFF,0xFF,0xFF,0xFF,0xFF,0xFF,0xFF,0xFF,0xFF,0xFF,0xFF,0xFF,0xFF,0xFF,0xFF,
    0xFF,0xFF,0xFF,0xFF,0xFF,0xFF,0xFF,0xFF,0xFF,0xFF,0xFF,0xFF,0xFF,0xFF,0xFF,0xFF,
    0xFF,0xFF,0xFF,0xFF,0xFF,0xFF,0xFF,0xFF,0xFF,0xFF,0xFF,0xFF,0xFF,0xFF,0xFF,0xFF,
    0xFF,0xFF,0xFF,0xFF,0xFF,0xFF,0xFF,0xFF,0xFF,0xFF,0xFF,0xFF,0xFF,0xFF,0xFF,0xFF,
    0xFF,0xFF,0xFF,0xFF,0xFF,0xFF,0xFF,0xFF,0xFF,0xFF,0xFF,0xFF,0xFF,0xFF,0xFF,0xFF,
    0xFF,0xFF,0xFF,0xFF,0xFF,0xFF,0xFF,0xFF,0xFF,0xFF,0xFF,0xFF,0xFF,0xFF,0xFF,0xFF,
    0xFF,0xFF,0xFF,0xFF,0xFF,0xFF,0xFF,0xFF,0xFF,0xFF,0xFF,0xFF,0xFF,0xFF,0xFF,0xFF,
    0xFF,0xFF,0xFF,0xFF,0xFF,0xFF,0xFF,0xFF,0xFF,0xFF,0xFF,0xFF,0xFF,0xFF,0xFF,0xFF,
    0xFF,0xFF,0xFF,0xFF,0xFF,0xFF,0xFF,0xFF,0xFF,0xFF,0xFF,0xFF,0xFF,0xFF,0xFF,0xFF,
    0xFF,0xFF,0xFF,0xFF,0xFF,0xFF,0xFF,0xFF,0xFF,0xFF,0xFF,0xFF,0xFF,0xFF,0xFF,0xFF,
    0xFF,0xFF,0xFF,0xFF,0xFF,0xFF,0xFF,0xFF,0xFF,0xFF,0xFF,0xFF,0xFF,0xFF,0xFF,0xFF,
    0xFF,0xFF,0xFF,0xFF,0xFF,0xFF,0xFF,0xFF,0xFF,0xFF,0xFF,0xFF,0xFF,0xFF,0xFF,0xFF,
    0xFF,0xFF,0xFF,0xFF,0xFF,0xFF,0xFF,0xFF,0xFF,0xFF,0xFF,0xFF,0xFF,0xFF,0xFF,0xFF,
    0xFF,0xFF,0xFF,0xFF,0xFF,0xFF,0xFF,0xFF,0xFF,0xFF,0xFF,0xFF,0xFF,0xFF,0xFF,0xFF,
    0xFF,0xFF,0xFF,0xFF,0xFF,0xFF,0xFF,0xFF,0xFF,0xFF,0xFF,0xFF,0xFF,0xFF,0xFF,0xFF,
    0xFF,0xFF,0xFF,0xFF,0xFF,0xFF,0xFF,0xFF,0xFF,0xFF,0xFF,0xFF,0xFF,0xFF,0xFF,0xFF,
    0xFF,0xFF,0xFF,0xFF,0xFF,0xFF,0xFF,0xFF,0xFF,0xFF,0xFF,0xFF,0xFF,0xFF,0xFF,0xFF,
    0xFF,0xFF,0xFF,0xFF,0xFF,0xFF,0xFF,0xFF,0xFF,0xFF,0xFF,0xFF,0xFF,0xFF,0xFF,0xFF,
    0xFF,0xFF,0xFF,0xFF,0xFF,0xFF,0xFF,0xFF,0xFF,0xFF,0xFF,0xFF,0xFF,0xFF,0xFF,0xFF,
    0xFF,0xFF,0xFF,0xFF,0xFF,0xFF,0xFF,0xFF,0xFF,0xFF,0xFF,0xFF,0xFF,0xFF,0xFF,0xFF,
    0xFF,0xFF,0xFF,0xFF,0xFF,0xFF,0xFF,0xFF,0xFF,0xFF,0xFF,0xFF,0xFF,0xFF,0xFF,0xFF,
    0xFF,0xFF,0xFF,0xFF,0xFF,0xFF,0xFF,0xFF,0xFF,0xFF,0xFF,0xFF,0xFF,0xFF,0xFF,0xFF,
    0xFF,0xFF,0xFF,0xFF,0xFF,0xFF,0xFF,0xFF,0xFF,0xFF,0xFF,0xFF,0xFF,0xFF,0xFF,0xFF,
    0xFF,0xFF,0xFF,0xFF,0xFF,0xFF,0xFF,0xFF,0xFF,0xFF,0xFF,0xFF,0xFF,0xFF,0xFF,0xFF,
    0xFF,0xFF,0xFF,0xFF,0xFF,0xFF,0xFF,0xFF,0xFF,0xFF,0xFF,0xFF,0xFF,0xFF,0xFF,0xFF,
    0xFF,0xFF,0xFF,0xFF,0xFF,0xFF,0xFF,0xFF,0xFF,0xFF,0xFF,0xFF,0xFF,0xFF,0xFF,0xFF,
    0xFF,0xFF,0xFF,
};
const lv_image_dsc_t ui_img_jump_prince_tile_3_4 = {
    .header.w = 25,
    .header.h = 25,
    .data_size = sizeof(ui_img_jump_prince_tile_3_4_data),
    .header.cf = LV_COLOR_FORMAT_NATIVE_WITH_ALPHA,
    .header.magic = LV_IMAGE_HEADER_MAGIC,
    .data = ui_img_jump_prince_tile_3_4_data
};

const LV_ATTRIBUTE_MEM_ALIGN uint8_t ui_img_jump_prince_tile_4_4_data[] = {
    0x25,0x08,0x25,0x08,0x25,0x08,0x25,0x08,0x25,0x08,0x25,0x08,0x25,0x08,0x25,0x08,
    0x25,0x08,0x25,0x08,0x25,0x08,0x25,0x08,0x25,0x08,0x25,0x08,0x25,0x08,0x25,0x08,
    0x25,0x08,0x25,0x08,0x25,0x08,0x25,0x08,0x25,0x08,0x25,0x08,0x25,0x08,0x25,0x08,
    0x25,0x08,0x25,0x08,0x25,0x08,0x25,0x08,0x25,0x08,0x25,0x08,0x25,0x08,0x25,0x08,
    0x25,0x08,0x25,0x08,0x25,0x08,0x25,0x08,0x25,0x08,0x25,0x08,0x25,0x08,0x25,0x08,
    0x25,0x08,0x25,0x08,0x25,0x08,0x25,0x08,0x25,0x08,0x25,0x08,0x25,0x08,0x25,0x08,
    0x25,0x08,0x25,0x08,0x25,0x08,0x25,0x08,0xAE,0x21,0xAE,0x21,0xAE,0x21,0xAE,0x21,
    0xAE,0x21,0xAE,0x21,0xAE,0x21,0xAE,0x21,0xAE,0x21,0xAE,0x21,0xAE,0x21,0x25,0x08,
    0xAE,0x21,0xAE,0x21,0xAE,0x21,0xAE,0x21,0xAE,0x21,0xAE,0x21,0xAE,0x21,0xAE,0x21,
    0xAE,0x21,0xAE,0x21,0xAE,0x21,0x25,0x08,0x25,0x08,0xAE,0x21,0xAE,0x21,0xAE,0x21,
    0xAE,0x21,0xAE,0x21,0xAE,0x21,0xAE,0x21,0xAE,0x21,0xAE,0x21,0xAE,0x21,0xAE,0x21,
    0x25,0x08,0xAE,0x21,0xAE,0x21,0xAE,0x21,0xAE,0x21,0xAE,0x21,0xAE,0x21,0xAE,0x21,
    0xAE,0x21,0xAE,0x21,0xAE,0x21,0xAE,0x21,0x25,0x08,0x25,0x08,0xAE,0x21,0xAE,0x21,
    0xAE,0x21,0xAE,0x21,0xAE,0x21,0xAE,0x21,0xAE,0x21,0xAE,0x21,0xAE,0x21,0xAE,0x21,
    0xAE,0x21,0x25,0x08,0xAE,0x21,0xAE,0x21,0xAE,0x21,0xAE,0x21,0xAE,0x21,0xAE,0x21,
    0xAE,0x21,0xAE,0x21,0xAE,0x21,0xAE,0x21,0xAE,0x21,0x25,0x08,0x25,0x08,0xAE,0x21,
    0xAE,0x21,0xAE,0x21,0xAE,0x21,0xAE,0x21,0xAE,0x21,0xAE,0x21,0xAE,0x21,0xAE,0x21,
    0x25,0x08,0x25,0x08,0x25,0x08,0xAE,0x21,0xAE,0x21,0xAE,0x21,0xAE,0x21,0xAE,0x21,
    0xAE,0x21,0xAE,0x21,0xAE,0x21,0xAE,0x21,0xAE,0x21,0xAE,0x21,0x25,0x08,0x25,0x08,
    0x25,0x08,0x25,0x08,0x25,0x08,0x25,0x08,0x25,0x08,0x25,0x08,0x25,0x08,0x25,0x08,
    0x25,0x08,0x25,0x08,0x25,0x08,0x25,0x08,0x25,0x08,0x25,0x08,0x25,0x08,0x25,0x08,
    0x25,0x08,0x25,0x08,0x25,0x08,0x25,0x08,0x25,0x08,0x25,0x08,0x25,0x08,0x25,0x08,
    0x25,0x08,0x25,0x08,0x25,0x08,0x25,0x08,0x25,0x08,0x25,0x08,0x25,0x08,0x25,0x08,
    0x25,0x08,0x25,0x08,0x25,0x08,0x25,0x08,0x25,0x08,0x25,0x08,0x25,0x08,0x25,0x08,
    0x25,0x08,0x25,0x08,0x25,0x08,0x25,0x08,0x25,0x08,0x25,0x08,0x25,0x08,0x25,0x08,
    0xAE,0x21,0xAE,0x21,0xAE,0x21,0xAE,0x21,0xAE,0x21,0x25,0x08,0x25,0x08,0x25,0x08,
    0xAE,0x21,0xAE,0x21,0xAE,0x21,0xAE,0x21,0xAE,0x21,0xAE,0x21,0xAE,0x21,0xAE,0x21,
    0xAE,0x21,0xAE,0x21,0xAE,0x21,0x25,0x08,0xAE,0x21,0xAE,0x21,0xAE,0x21,0xAE,0x21,
    0xAE,0x21,0xAE,0x21,0xAE,0x21,0xAE,0x21,0xAE,0x21,0xAE,0x21,0x25,0x08,0xAE,0x21,
    0xAE,0x21,0xAE,0x21,0xAE,0x21,0xAE,0x21,0xAE,0x21,0xAE,0x21,0xAE,0x21,0xAE,0x21,
    0xAE,0x21,0xAE,0x21,0xAE,0x21,0xAE,0x21,0x25,0x08,0xAE,0x21,0xAE,0x21,0xAE,0x21,
    0xAE,0x21,0xAE,0x21,0xAE,0x21,0xAE,0x21,0xAE,0x21,0xAE,0x21,0xAE,0x21,0x25,0x08,
    0xAE,0x21,0xAE,0x21,0xAE,0x21,0xAE,0x21,0xAE,0x21,0xAE,0x21,0xAE,0x21,0xAE,0x21,
    0xAE,0x21,0xAE,0x21,0xAE,0x21,0xAE,0x21,0xAE,0x21,0x25,0x08,0xAE,0x21,0xAE,0x21,
    0xAE,0x21,0xAE,0x21,0xAE,0x21,0xAE,0x21,0xAE,0x21,0xAE,0x21,0x25,0x08,0x25,0x08,
    0x25,0x08,0xAE,0x21,0xAE,0x21,0xAE,0x21,0xAE,0x21,0xAE,0x21,0xAE,0x21,0xAE,0x21,
    0xAE,0x21,0xAE,0x21,0xAE,0x21,0xAE,0x21,0xAE,0x21,0xAE,0x21,0x25,0x08,0xAE,0x21,
    0xAE,0x21,0xAE,0x21,0xAE,0x21,0xAE,0x21,0xAE,0x21,0xAE,0x21,0xAE,0x21,0x25,0x08,
    0x25,0x08,0x25,0x08,0xAE,0x21,0xAE,0x21,0xAE,0x21,0xAE,0x21,0xAE,0x21,0xAE,0x21,
    0xAE,0x21,0xAE,0x21,0xAE,0x21,0xAE,0x21,0xAE,0x21,0xAE,0x21,0xAE,0x21,0x25,0x08,
    0xAE,0x21,0xAE,0x21,0xAE,0x21,0xAE,0x21,0xAE,0x21,0x25,0x08,0x25,0x08,0x25,0x08,
    0x25,0x08,0x25,0x08,0x25,0x08,0x25,0x08,0x25,0x08,0x25,0x08,0x25,0x08,0x25,0x08,
    0x25,0x08,0x25,0x08,0x25,0x08,0x25,0x08,0x25,0x08,0x25,0x08,0x25,0x08,0x25,0x08,
    0x25,0x08,0x25,0x08,0x25,0x08,0x25,0x08,0x25,0x08,0x25,0x08,0x25,0x08,0x25,0x08,
    0xAE,0x21,0xAE,0x21,0xAE,0x21,0xAE,0x21,0xAE,0x21,0xAE,0x21,0xAE,0x21,0xAE,0x21,
    0xAE,0x21,0xAE,0x21,0xAE,0x21,0xAE,0x21,0x25,0x08,0x25,0x08,0xAE,0x21,0xAE,0x21,
    0xAE,0x21,0xAE,0x21,0xAE,0x21,0xAE,0x21,0xAE,0x21,0xAE,0x21,0xAE,0x21,0x25,0x08,
    0x25,0x08,0xAE,0x21,0xAE,0x21,0xAE,0x21,0xAE,0x21,0xAE,0x21,0xAE,0x21,0xAE,0x21,
    0xAE,0x21,0xAE,0x21,0xAE,0x21,0xAE,0x21,0xAE,0x21,0x25,0x08,0x25,0x08,0xAE,0x21,
    0xAE,0x21,0xAE,0x21,0xAE,0x21,0xAE,0x21,0xAE,0x21,0xAE,0x21,0xAE,0x21,0xAE,0x21,
    0x25,0x08,0x25,0x08,0xAE,0x21,0xAE,0x21,0xAE,0x21,0xAE,0x21,0xAE,0x21,0xAE,0x21,
    0xAE,0x21,0xAE,0x21,0xAE,0x21,0xAE,0x21,0xAE,0x21,0xAE,0x21,0x25,0x08,0x25,0x08,
    0xAE,0x21,0xAE,0x21,0xAE,0x21,0xAE,0x21,0xAE,0x21,0xAE,0x21,0xAE,0x21,0xAE,0x21,
    0xAE,0x21,0x25,0x08,0x25,0x08,0xAE,0x21,0xAE,0x21,0xAE,0x21,0xAE,0x21,0xAE,0x21,
    0xAE,0x21,0xAE,0x21,0xAE,0x21,0xAE,0x21,0xAE,0x21,0xAE,0x21,0xAE,0x21,0x25,0x08,
    0x25,0x08,0x25,0x08,0xAE,0x21,0xAE,0x21,0xAE,0x21,0xAE,0x21,0xAE,0x21,0xAE,0x21,
    0xAE,0x21,0xAE,0x21,0x25,0x08,0x25,0x08,0xAE,0x21,0xAE,0x21,0xAE,0x21,0xAE,0x21,
    0xAE,0x21,0xAE,0x21,0xAE,0x21,0xAE,0x21,0xAE,0x21,0xAE,0x21,0xAE,0x21,0xAE,0x21,
    0x25,0x08,0x25,0x08,0x25,0x08,0xAE,0x21,0xAE,0x21,0xAE,0x21,0xAE,0x21,0xAE,0x21,
    0xAE,0x21,0xAE,0x21,0xAE,0x21,0x25,0x08,0x25,0x08,0x25,0x08,0x25,0x08,0x25,0x08,
    0x25,0x08,0x25,0x08,0x25,0x08,0x25,0x08,0x25,0x08,0x25,0x08,0x25,0x08,0x25,0x08,
    0x25,0x08,0x25,0x08,0x25,0x08,0x25,0x08,0x25,0x08,0x25,0x08,0x25,0x08,0x25,0x08,
    0x25,0x08,0x25,0x08,0x25,0x08,0x25,0x08,0xAE,0x21,0xAE,0x21,0xAE,0x21,0xAE,0x21,
    0xAE,0x21,0xAE,0x21,0x25,0x08,0x25,0x08,0xAE,0x21,0xAE,0x21,0xAE,0x21,0xAE,0x21,
    0xAE,0x21,0xAE,0x21,0xAE,0x21,0xAE,0x21,0xAE,0x21,0xAE,0x21,0xAE,0x21,0x25,0x08,
    0xAE,0x21,0xAE,0x21,0xAE,0x21,0xAE,0x21,0xAE,0x21,0xAE,0x21,0xAE,0x21,0xAE,0x21,
    0xAE,0x21,0xAE,0x21,0xAE,0x21,0x25,0x08,0x25,0x08,0xAE,0x21,0xAE,0x21,0xAE,0x21,
    0xAE,0x21,0xAE,0x21,0xAE,0x21,0xAE,0x21,0xAE,0x21,0xAE,0x21,0xAE,0x21,0xAE,0x21,
    0x25,0x08,0xAE,0x21,0xAE,0x21,0xAE,0x21,0xAE,0x21,0xAE,0x21,0xAE,0x21,0xAE,0x21,
    0xAE,0x21,0xAE,0x21,0xAE,0x21,0xAE,0x21,0x25,0x08,0x25,0x08,0xAE,0x21,0xAE,0x21,
    0xAE,0x21,0xAE,0x21,0xAE,0x21,0xAE,0x21,0xAE,0x21,0xAE,0x21,0xAE,0x21,0xAE,0x21,
    0xAE,0x21,0x25,0x08,0xAE,0x21,0xAE,0x21,0xAE,0x21,0xAE,0x21,0xAE,0x21,0xAE,0x21,
    0xAE,0x21,0xAE,0x21,0xAE,0x21,0xAE,0x21,0x25,0x08,0x25,0x08,0x25,0x08,0x25,0x08,
    0xAE,0x21,0xAE,0x21,0xAE,0x21,0xAE,0x21,0xAE,0x21,0xAE,0x21,0xAE,0x21,0xAE,0x21,
    0xAE,0x21,0xAE,0x21,0x25,0x08,0xAE,0x21,0xAE,0x21,0xAE,0x21,0xAE,0x21,0xAE,0x21,
    0xAE,0x21,0xAE,0x21,0xAE,0x21,0xAE,0x21,0xAE,0x21,0x25,0x08,0x25,0x08,0x25,0x08,
    0x25,0x08,0xAE,0x21,0xAE,0x21,0xAE,0x21,0xAE,0x21,0xAE,0x21,0xAE,0x21,0xAE,0x21,
    0xAE,0x21,0xAE,0x21,0xAE,0x21,0x25,0x08,0xAE,0x21,0xAE,0x21,0xAE,0x21,0xAE,0x21,
    0xAE,0x21,0xFF,0xFF,0xFF,0xFF,0xFF,0xFF,0xFF,0xFF,0xFF,0xFF,0xFF,0xFF,0xFF,0xFF,
    0xFF,0xFF,0xFF,0xFF,0xFF,0xFF,0xFF,0xFF,0xFF,0xFF,0xFF,0xFF,0xFF,0xFF,0xFF,0xFF,
    0xFF,0xFF,0xFF,0xFF,0xFF,0xFF,0xFF,0xFF,0xFF,0xFF,0xFF,0xFF,0xFF,0xFF,0xFF,0xFF,
    0xFF,0xFF,0xFF,0xFF,0xFF,0xFF,0xFF,0xFF,0xFF,0xFF,0xFF,0xFF,0xFF,0xFF,0xFF,0xFF,
    0xFF,0xFF,0xFF,0xFF,0xFF,0xFF,0xFF,0xFF,0xFF,0xFF,0xFF,0xFF,0xFF,0xFF,0xFF,0xFF,
    0xFF,0xFF,0xFF,0xFF,0xFF,0xFF,0xFF,0xFF,0xFF,0xFF,0xFF,0xFF,0xFF,0xFF,0xFF,0xFF,
    0xFF,0xFF,0xFF,0xFF,0xFF,0xFF,0xFF,0xFF,0xFF,0xFF,0xFF,0xFF,0xFF,0xFF,0xFF,0xFF,
    0xFF,0xFF,0xFF,0xFF,0xFF,0xFF,0xFF,0xFF,0xFF,0xFF,0xFF,0xFF,0xFF,0xFF,0xFF,0xFF,
    0xFF,0xFF,0xFF,0xFF,0xFF,0xFF,0xFF,0xFF,0xFF,0xFF,0xFF,0xFF,0xFF,0xFF,0xFF,0xFF,
    0xFF,0xFF,0xFF,0xFF,0xFF,0xFF,0xFF,0xFF,0xFF,0xFF,0xFF,0xFF,0xFF,0xFF,0xFF,0xFF,
    0xFF,0xFF,0xFF,0xFF,0xFF,0xFF,0xFF,0xFF,0xFF,0xFF,0xFF,0xFF,0xFF,0xFF,0xFF,0xFF,
    0xFF,0xFF,0xFF,0xFF,0xFF,0xFF,0xFF,0xFF,0xFF,0xFF,0xFF,0xFF,0xFF,0xFF,0xFF,0xFF,
    0xFF,0xFF,0xFF,0xFF,0xFF,0xFF,0xFF,0xFF,0xFF,0xFF,0xFF,0xFF,0xFF,0xFF,0xFF,0xFF,
    0xFF,0xFF,0xFF,0xFF,0xFF,0xFF,0xFF,0xFF,0xFF,0xFF,0xFF,0xFF,0xFF,0xFF,0xFF,0xFF,
    0xFF,0xFF,0xFF,0xFF,0xFF,0xFF,0xFF,0xFF,0xFF,0xFF,0xFF,0xFF,0xFF,0xFF,0xFF,0xFF,
    0xFF,0xFF,0xFF,0xFF,0xFF,0xFF,0xFF,0xFF,0xFF,0xFF,0xFF,0xFF,0xFF,0xFF,0xFF,0xFF,
    0xFF,0xFF,0xFF,0xFF,0xFF,0xFF,0xFF,0xFF,0xFF,0xFF,0xFF,0xFF,0xFF,0xFF,0xFF,0xFF,
    0xFF,0xFF,0xFF,0xFF,0xFF,0xFF,0xFF,0xFF,0xFF,0xFF,0xFF,0xFF,0xFF,0xFF,0xFF,0xFF,
    0xFF,0xFF,0xFF,0xFF,0xFF,0xFF,0xFF,0xFF,0xFF,0xFF,0xFF,0xFF,0xFF,0xFF,0xFF,0xFF,
    0xFF,0xFF,0xFF,0xFF,0xFF,0xFF,0xFF,0xFF,0xFF,0xFF,0xFF,0xFF,0xFF,0xFF,0xFF,0xFF,
    0xFF,0xFF,0xFF,0xFF,0xFF,0xFF,0xFF,0xFF,0xFF,0xFF,0xFF,0xFF,0xFF,0xFF,0xFF,0xFF,
    0xFF,0xFF,0xFF,0xFF,0xFF,0xFF,0xFF,0xFF,0xFF,0xFF,0xFF,0xFF,0xFF,0xFF,0xFF,0xFF,
    0xFF,0xFF,0xFF,0xFF,0xFF,0xFF,0xFF,0xFF,0xFF,0xFF,0xFF,0xFF,0xFF,0xFF,0xFF,0xFF,
    0xFF,0xFF,0xFF,0xFF,0xFF,0xFF,0xFF,0xFF,0xFF,0xFF,0xFF,0xFF,0xFF,0xFF,0xFF,0xFF,
    0xFF,0xFF,0xFF,0xFF,0xFF,0xFF,0xFF,0xFF,0xFF,0xFF,0xFF,0xFF,0xFF,0xFF,0xFF,0xFF,
    0xFF,0xFF,0xFF,0xFF,0xFF,0xFF,0xFF,0xFF,0xFF,0xFF,0xFF,0xFF,0xFF,0xFF,0xFF,0xFF,
    0xFF,0xFF,0xFF,0xFF,0xFF,0xFF,0xFF,0xFF,0xFF,0xFF,0xFF,0xFF,0xFF,0xFF,0xFF,0xFF,
    0xFF,0xFF,0xFF,0xFF,0xFF,0xFF,0xFF,0xFF,0xFF,0xFF,0xFF,0xFF,0xFF,0xFF,0xFF,0xFF,
    0xFF,0xFF,0xFF,0xFF,0xFF,0xFF,0xFF,0xFF,0xFF,0xFF,0xFF,0xFF,0xFF,0xFF,0xFF,0xFF,
    0xFF,0xFF,0xFF,0xFF,0xFF,0xFF,0xFF,0xFF,0xFF,0xFF,0xFF,0xFF,0xFF,0xFF,0xFF,0xFF,
    0xFF,0xFF,0xFF,0xFF,0xFF,0xFF,0xFF,0xFF,0xFF,0xFF,0xFF,0xFF,0xFF,0xFF,0xFF,0xFF,
    0xFF,0xFF,0xFF,0xFF,0xFF,0xFF,0xFF,0xFF,0xFF,0xFF,0xFF,0xFF,0xFF,0xFF,0xFF,0xFF,
    0xFF,0xFF,0xFF,0xFF,0xFF,0xFF,0xFF,0xFF,0xFF,0xFF,0xFF,0xFF,0xFF,0xFF,0xFF,0xFF,
    0xFF,0xFF,0xFF,0xFF,0xFF,0xFF,0xFF,0xFF,0xFF,0xFF,0xFF,0xFF,0xFF,0xFF,0xFF,0xFF,
    0xFF,0xFF,0xFF,0xFF,0xFF,0xFF,0xFF,0xFF,0xFF,0xFF,0xFF,0xFF,0xFF,0xFF,0xFF,0xFF,
    0xFF,0xFF,0xFF,0xFF,0xFF,0xFF,0xFF,0xFF,0xFF,0xFF,0xFF,0xFF,0xFF,0xFF,0xFF,0xFF,
    0xFF,0xFF,0xFF,0xFF,0xFF,0xFF,0xFF,0xFF,0xFF,0xFF,0xFF,0xFF,0xFF,0xFF,0xFF,0xFF,
    0xFF,0xFF,0xFF,0xFF,0xFF,0xFF,0xFF,0xFF,0xFF,0xFF,0xFF,0xFF,0xFF,0xFF,0xFF,0xFF,
    0xFF,0xFF,0xFF,0xFF,0xFF,0xFF,0xFF,0xFF,0xFF,0xFF,0xFF,0xFF,0xFF,0xFF,0xFF,0xFF,
    0xFF,0xFF,0xFF,
};
const lv_image_dsc_t ui_img_jump_prince_tile_4_4 = {
    .header.w = 25,
    .header.h = 25,
    .data_size = sizeof(ui_img_jump_prince_tile_4_4_data),
    .header.cf = LV_COLOR_FORMAT_NATIVE_WITH_ALPHA,
    .header.magic = LV_IMAGE_HEADER_MAGIC,
    .data = ui_img_jump_prince_tile_4_4_data
};

const LV_ATTRIBUTE_MEM_ALIGN uint8_t ui_img_jump_prince_tile_5_4_data[] = {
    0x25,0x08,0x25,0x08,0x25,0x08,0x25,0x08,0x25,0x08,0x25,0x08,0x25,0x08,0x25,0x08,
    0x25,0x08,0x25,0x08,0x25,0x08,0x25,0x08,0x25,0x08,0x25,0x08,0x25,0x08,0x25,0x08,
    0x25,0x08,0x25,0x08,0x25,0x08,0x25,0x08,0x25,0x08,0x25,0x08,0x25,0x08,0x25,0x08,
    0x25,0x08,0x25,0x08,0x25,0x08,0x25,0x08,0x25,0x08,0x25,0x08,0x25,0x08,0x25,0x08,
    0x25,0x08,0x25,0x08,0x25,0x08,0x25,0x08,0x25,0x08,0x25,0x08,0x25,0x08,0x25,0x08,
    0x25,0x08,0x25,0x08,0x25,0x08,0x25,0x08,0x25,0x08,0x25,0x08,0x25,0x08,0x25,0x08,
    0x25,0x08,0x25,0x08,0x25,0x08,0x25,0x08,0x25,0x08,0x25,0x08,0x25,0x08,0x25,0x08,
    0x25,0x08,0x25,0x08,0x25,0x08,0x25,0x08,0x25,0x08,0x25,0x08,0x25,0x08,0x25,0x08,
    0x25,0x08,0x25,0x08,0x25,0x08,0x25,0x08,0x25,0x08,0x25,0x08,0x25,0x08,0x25,0x08,
    0x25,0x08,0x25,0x08,0x25,0x08,0x25,0x08,0x25,0x08,0x25,0x08,0x25,0x08,0x25,0x08,
    0x25,0x08,0x25,0x08,0x25,0x08,0x25,0x08,0x25,0x08,0x25,0x08,0x25,0x08,0x25,0x08,
    0x25,0x08,0x25,0x08,0x25,0x08,0x25,0x08,0x25,0x08,0x25,0x08,0x25,0x08,0xAE,0x21,
    0xAE,0x21,0xAE,0x21,0xAE,0x21,0xAE,0x21,0x25,0x08,0x25,0x08,0x25,0x08,0x25,0x08,
    0x25,0x08,0x25,0x08,0x25,0x08,0x25,0x08,0x25,0x08,0x25,0x08,0x25,0x08,0x25,0x08,
    0x25,0x08,0x25,0x08,0x25,0x08,0x25,0x08,0x25,0x08,0x25,0x08,0x25,0x08,0x25,0x08,
    0xAE,0x21,0xAE,0x21,0xAE,0x21,0xAE,0x21,0xAE,0x21,0x25,0x08,0x25,0x08,0x25,0x08,
    0x25,0x08,0x25,0x08,0x25,0x08,0x25,0x08,0x25,0x08,0x25,0x08,0x25,0x08,0x25,0x08,
    0x25,0x08,0x25,0x08,0x25,0x08,0x25,0x08,0x25,0x08,0x25,0x08,0x25,0x08,0x25,0x08,
    0x25,0x08,0xAE,0x21,0xAE,0x21,0xAE,0x21,0x25,0x08,0x25,0x08,0x25,0x08,0x25,0x08,
    0x25,0x08,0x25,0x08,0x25,0x08,0x25,0x08,0x25,0x08,0x25,0x08,0x25,0x08,0x25,0x08,
    0x25,0x08,0x25,0x08,0x25,0x08,0x25,0x08,0x25,0x08,0x25,0x08,0x25,0x08,0x25,0x08,
    0x25,0x08,0x25,0x08,0x25,0x08,0x25,0x08,0x25,0x08,0x25,0x08,0x25,0x08,0x25,0x08,
    0x25,0x08,0x25,0x08,0x25,0x08,0x25,0x08,0x25,0x08,0x25,0x08,0x25,0x08,0x25,0x08,
    0x25,0x08,0x25,0x08,0x25,0x08,0x25,0x08,0x25,0x08,0x25,0x08,0x25,0x08,0x25,0x08,
    0x25,0x08,0x25,0x08,0x25,0x08,0x25,0x08,0x25,0x08,0x25,0x08,0x25,0x08,0x25,0x08,
    0x25,0x08,0x25,0x08,0x25,0x08,0x25,0x08,0x25,0x08,0x25,0x08,0x25,0x08,0x25,0x08,
    0x25,0x08,0x25,0x08,0x25,0x08,0x25,0x08,0x25,0x08,0x25,0x08,0x25,0x08,0x25,0x08,
    0xAE,0x21,0xAE,0x21,0xAE,0x21,0xAE,0x21,0xAE,0x21,0xAE,0x21,0xAE,0x21,0xAE,0x21,
    0xAE,0x21,0x25,0x08,0x25,0x08,0x25,0x08,0x25,0x08,0x25,0x08,0x25,0x08,0x25,0x08,
    0x25,0x08,0x25,0x08,0x25,0x08,0x25,0x08,0x25,0x08,0x25,0x08,0x25,0x08,0xAE,0x21,
    0xAE,0x21,0xAE,0x21,0xAE,0x21,0xAE,0x21,0xAE,0x21,0xAE,0x21,0xAE,0x21,0xAE,0x21,
    0xAE,0x21,0xAE,0x21,0x25,0x08,0x25,0x08,0x25,0x08,0x25,0x08,0x25,0x08,0x25,0x08,
    0x25,0x08,0x25,0x08,0x25,0x08,0x25,0x08,0x25,0x08,0x25,0x08,0x25,0x08,0x25,0x08,
    0xAE,0x21,0xAE,0x21,0xAE,0x21,0xAE,0x21,0xAE,0x21,0xAE,0x21,0xAE,0x21,0xAE,0x21,
    0xAE,0x21,0xAE,0x21,0xAE,0x21,0x25,0x08,0x25,0x08,0x25,0x08,0x25,0x08,0x25,0x08,
    0x25,0x08,0x25,0x08,0x25,0x08,0x25,0x08,0x25,0x08,0x25,0x08,0x25,0x08,0x25,0x08,
    0x25,0x08,0xAE,0x21,0xAE,0x21,0xAE,0x21,0xAE,0x21,0xAE,0x21,0xAE,0x21,0xAE,0x21,
    0xAE,0x21,0xAE,0x21,0xAE,0x21,0xAE,0x21,0x25,0x08,0x25,0x08,0x25,0x08,0x25,0x08,
    0x25,0x08,0x25,0x08,0x25,0x08,0x25,0x08,0x25,0x08,0x25,0x08,0x25,0x08,0x25,0x08,
    0x25,0x08,0x25,0x08,0xAE,0x21,0xAE,0x21,0xAE,0x21,0xAE,0x21,0xAE,0x21,0xAE,0x21,
    0xAE,0x21,0xAE,0x21,0xAE,0x21,0xAE,0x21,0xAE,0x21,0x25,0x08,0x25,0x08,0x25,0x08,
    0x25,0x08,0x25,0x08,0x25,0x08,0x25,0x08,0x25,0x08,0x25,0x08,0x25,0x08,0x25,0x08,
    0x25,0x08,0x25,0x08,0x25,0x08,0x25,0x08,0x25,0x08,0x25,0x08,0x25,0x08,0x25,0x08,
    0x25,0x08,0x25,0x08,0x25,0x08,0x25,0x08,0x25,0x08,0x25,0x08,0x25,0x08,0x25,0x08,
    0x25,0x08,0x25,0x08,0x25,0x08,0x25,0x08,0x25,0x08,0x25,0x08,0x25,0x08,0xAE,0x21,
    0xAE,0x21,0xAE,0x21,0xAE,0x21,0xAE,0x21,0x25,0x08,0x25,0x08,0xAE,0x21,0xAE,0x21,
    0xAE,0x21,0xAE,0x21,0xAE,0x21,0xAE,0x21,0xAE,0x21,0xAE,0x21,0xAE,0x21,0x25,0x08,
    0x25,0x08,0x25,0x08,0x25,0x08,0x25,0x08,0x25,0x08,0x25,0x08,0x25,0x08,0x25,0x08,
    0xAE,0x21,0xAE,0x21,0xAE,0x21,0xAE,0x21,0xAE,0x21,0x25,0x08,0x25,0x08,0xAE,0x21,
    0xAE,0x21,0xAE,0x21,0xAE,0x21,0xAE,0x21,0xAE,0x21,0xAE,0x21,0xAE,0x21,0xAE,0x21,
    0x25,0x08,0x25,0x08,0x25,0x08,0x25,0x08,0x25,0x08,0x25,0x08,0x25,0x08,0x25,0x08,
    0x25,0x08,0xAE,0x21,0xAE,0x21,0xAE,0x21,0xAE,0x21,0xAE,0x21,0x25,0x08,0x25,0x08,
    0xAE,0x21,0xAE,0x21,0xAE,0x21,0xAE,0x21,0xAE,0x21,0xAE,0x21,0xAE,0x21,0xAE,0x21,
    0xAE,0x21,0x25,0x08,0x25,0x08,0x25,0x08,0x25,0x08,0x25,0x08,0x25,0x08,0x25,0x08,
    0x25,0x08,0x25,0x08,0xAE,0x21,0xAE,0x21,0xAE,0x21,0xAE,0x21,0xAE,0x21,0x25,0x08,
    0x25,0x08,0x25,0x08,0xAE,0x21,0xAE,0x21,0xAE,0x21,0xAE,0x21,0xAE,0x21,0xAE,0x21,
    0xAE,0x21,0xAE,0x21,0x25,0x08,0x25,0x08,0x25,0x08,0x25,0x08,0x25,0x08,0x25,0x08,
    0x25,0x08,0x25,0x08,0x25,0x08,0xAE,0x21,0xAE,0x21,0xAE,0x21,0xAE,0x21,0xAE,0x21,
    0x25,0x08,0x25,0x08,0x25,0x08,0xAE,0x21,0xAE,0x21,0xAE,0x21,0xAE,0x21,0xAE,0x21,
    0xAE,0x21,0xAE,0x21,0xAE,0x21,0x25,0x08,0x25,0x08,0x25,0x08,0x25,0x08,0x25,0x08,
    0x25,0x08,0x25,0x08,0x25,0x08,0x25,0x08,0x25,0x08,0x25,0x08,0x25,0x08,0x25,0x08,
    0x25,0x08,0x25,0x08,0x25,0x08,0x25,0x08,0x25,0x08,0x25,0x08,0x25,0x08,0x25,0x08,
    0x25,0x08,0x25,0x08,0x25,0x08,0x25,0x08,0x25,0x08,0x25,0x08,0x25,0x08,0xAE,0x21,
    0xAE,0x21,0xAE,0x21,0x25,0x08,0x25,0x08,0xAE,0x21,0xAE,0x21,0xAE,0x21,0xAE,0x21,
    0xAE,0x21,0xAE,0x21,0xAE,0x21,0xAE,0x21,0xAE,0x21,0xAE,0x21,0xAE,0x21,0x25,0x08,
    0xAE,0x21,0xAE,0x21,0xAE,0x21,0xAE,0x21,0xAE,0x21,0x25,0x08,0x25,0x08,0x25,0x08,
    0xAE,0x21,0xAE,0x21,0xAE,0x21,0x25,0x08,0x25,0x08,0xAE,0x21,0xAE,0x21,0xAE,0x21,
    0xAE,0x21,0xAE,0x21,0xAE,0x21,0xAE,0x21,0xAE,0x21,0xAE,0x21,0xAE,0x21,0xAE,0x21,
    0x25,0x08,0xAE,0x21,0xAE,0x21,0xAE,0x21,0xAE,0x21,0xAE,0x21,0x25,0x08,0x25,0x08,
    0xAE,0x21,0xAE,0x21,0xAE,0x21,0xAE,0x21,0x25,0x08,0x25,0x08,0xAE,0x21,0xAE,0x21,
    0xAE,0x21,0xAE,0x21,0xAE,0x21,0xAE,0x21,0xAE,0x21,0xAE,0x21,0xAE,0x21,0xAE,0x21,
    0xAE,0x21,0x25,0x08,0xAE,0x21,0xAE,0x21,0xAE,0x21,0xAE,0x21,0xAE,0x21,0x25,0x08,
    0x25,0x08,0xAE,0x21,0xAE,0x21,0xAE,0x21,0xAE,0x21,0x25,0x08,0x25,0x08,0x25,0x08,
    0xAE,0x21,0xAE,0x21,0xAE,0x21,0xAE,0x21,0xAE,0x21,0xAE,0x21,0xAE,0x21,0xAE,0x21,
    0xAE,0x21,0xAE,0x21,0x25,0x08,0xAE,0x21,0xAE,0x21,0xAE,0x21,0xAE,0x21,0xAE,0x21,
    0x25,0x08,0x25,0x08,0xAE,0x21,0xAE,0x21,0xAE,0x21,0xAE,0x21,0x25,0x08,0x25,0x08,
    0x25,0x08,0xAE,0x21,0xAE,0x21,0xAE,0x21,0xAE,0x21,0xAE,0x21,0xAE,0x21,0xAE,0x21,
    0xAE,0x21,0xAE,0x21,0xAE,0x21,0x25,0x08,0xAE,0x21,0xAE,0x21,0xAE,0x21,0xAE,0x21,
    0xAE,0x21,0xFF,0xFF,0xFF,0xFF,0xFF,0xFF,0xFF,0xFF,0xFF,0xFF,0xFF,0xFF,0xFF,0xFF,
    0xFF,0xFF,0xFF,0xFF,0xFF,0xFF,0xFF,0xFF,0xFF,0xFF,0xFF,0xFF,0xFF,0xFF,0xFF,0xFF,
    0xFF,0xFF,0xFF,0xFF,0xFF,0xFF,0xFF,0xFF,0xFF,0xFF,0xFF,0xFF,0xFF,0xFF,0xFF,0xFF,
    0xFF,0xFF,0xFF,0xFF,0xFF,0xFF,0xFF,0xFF,0xFF,0xFF,0xFF,0xFF,0xFF,0xFF,0xFF,0xFF,
    0xFF,0xFF,0xFF,0xFF,0xFF,0xFF,0xFF,0xFF,0xFF,0xFF,0xFF,0xFF,0xFF,0xFF,0xFF,0xFF,
    0xFF,0xFF,0xFF,0xFF,0xFF,0xFF,0xFF,0xFF,0xFF,0xFF,0xFF,0xFF,0xFF,0xFF,0xFF,0xFF,
    0xFF,0xFF,0xFF,0xFF,0xFF,0xFF,0xFF,0xFF,0xFF,0xFF,0xFF,0xFF,0xFF,0xFF,0xFF,0xFF,
    0xFF,0xFF,0xFF,0xFF,0xFF,0xFF,0xFF,0xFF,0xFF,0xFF,0xFF,0xFF,0xFF,0xFF,0xFF,0xFF,
    0xFF,0xFF,0xFF,0xFF,0xFF,0xFF,0xFF,0xFF,0xFF,0xFF,0xFF,0xFF,0xFF,0xFF,0xFF,0xFF,
    0xFF,0xFF,0xFF,0xFF,0xFF,0xFF,0xFF,0xFF,0xFF,0xFF,0xFF,0xFF,0xFF,0xFF,0xFF,0xFF,
    0xFF,0xFF,0xFF,0xFF,0xFF,0xFF,0xFF,0xFF,0xFF,0xFF,0xFF,0xFF,0xFF,0xFF,0xFF,0xFF,
    0xFF,0xFF,0xFF,0xFF,0xFF,0xFF,0xFF,0xFF,0xFF,0xFF,0xFF,0xFF,0xFF,0xFF,0xFF,0xFF,
    0xFF,0xFF,0xFF,0xFF,0xFF,0xFF,0xFF,0xFF,0xFF,0xFF,0xFF,0xFF,0xFF,0xFF,0xFF,0xFF,
    0xFF,0xFF,0xFF,0xFF,0xFF,0xFF,0xFF,0xFF,0xFF,0xFF,0xFF,0xFF,0xFF,0xFF,0xFF,0xFF,
    0xFF,0xFF,0xFF,0xFF,0xFF,0xFF,0xFF,0xFF,0xFF,0xFF,0xFF,0xFF,0xFF,0xFF,0xFF,0xFF,
    0xFF,0xFF,0xFF,0xFF,0xFF,0xFF,0xFF,0xFF,0xFF,0xFF,0xFF,0xFF,0xFF,0xFF,0xFF,0xFF,
    0xFF,0xFF,0xFF,0xFF,0xFF,0xFF,0xFF,0xFF,0xFF,0xFF,0xFF,0xFF,0xFF,0xFF,0xFF,0xFF,
    0xFF,0xFF,0xFF,0xFF,0xFF,0xFF,0xFF,0xFF,0xFF,0xFF,0xFF,0xFF,0xFF,0xFF,0xFF,0xFF,
    0xFF,0xFF,0xFF,0xFF,0xFF,0xFF,0xFF,0xFF,0xFF,0xFF,0xFF,0xFF,0xFF,0xFF,0xFF,0xFF,
    0xFF,0xFF,0xFF,0xFF,0xFF,0xFF,0xFF,0xFF,0xFF,0xFF,0xFF,0xFF,0xFF,0xFF,0xFF,0xFF,
    0xFF,0xFF,0xFF,0xFF,0xFF,0xFF,0xFF,0xFF,0xFF,0xFF,0xFF,0xFF,0xFF,0xFF,0xFF,0xFF,
    0xFF,0xFF,0xFF,0xFF,0xFF,0xFF,0xFF,0xFF,0xFF,0xFF,0xFF,0xFF,0xFF,0xFF,0xFF,0xFF,
    0xFF,0xFF,0xFF,0xFF,0xFF,0xFF,0xFF,0xFF,0xFF,0xFF,0xFF,0xFF,0xFF,0xFF,0xFF,0xFF,
    0xFF,0xFF,0xFF,0xFF,0xFF,0xFF,0xFF,0xFF,0xFF,0xFF,0xFF,0xFF,0xFF,0xFF,0xFF,0xFF,
    0xFF,0xFF,0xFF,0xFF,0xFF,0xFF,0xFF,0xFF,0xFF,0xFF,0xFF,0xFF,0xFF,0xFF,0xFF,0xFF,
    0xFF,0xFF,0xFF,0xFF,0xFF,0xFF,0xFF,0xFF,0xFF,0xFF,0xFF,0xFF,0xFF,0xFF,0xFF,0xFF,
    0xFF,0xFF,0xFF,0xFF,0xFF,0xFF,0xFF,0xFF,0xFF,0xFF,0xFF,0xFF,0xFF,0xFF,0xFF,0xFF,
    0xFF,0xFF,0xFF,0xFF,0xFF,0xFF,0xFF,0xFF,0xFF,0xFF,0xFF,0xFF,0xFF,0xFF,0xFF,0xFF,
    0xFF,0xFF,0xFF,0xFF,0xFF,0xFF,0xFF,0xFF,0xFF,0xFF,0xFF,0xFF,0xFF,0xFF,0xFF,0xFF,
    0xFF,0xFF,0xFF,0xFF,0xFF,0xFF,0xFF,0xFF,0xFF,0xFF,0xFF,0xFF,0xFF,0xFF,0xFF,0xFF,
    0xFF,0xFF,0xFF,0xFF,0xFF,0xFF,0xFF,0xFF,0xFF,0xFF,0xFF,0xFF,0xFF,0xFF,0xFF,0xFF,
    0xFF,0xFF,0xFF,0xFF,0xFF,0xFF,0xFF,0xFF,0xFF,0xFF,0xFF,0xFF,0xFF,0xFF,0xFF,0xFF,
    0xFF,0xFF,0xFF,0xFF,0xFF,0xFF,0xFF,0xFF,0xFF,0xFF,0xFF,0xFF,0xFF,0xFF,0xFF,0xFF,
    0xFF,0xFF,0xFF,0xFF,0xFF,0xFF,0xFF,0xFF,0xFF,0xFF,0xFF,0xFF,0xFF,0xFF,0xFF,0xFF,
    0xFF,0xFF,0xFF,0xFF,0xFF,0xFF,0xFF,0xFF,0xFF,0xFF,0xFF,0xFF,0xFF,0xFF,0xFF,0xFF,
    0xFF,0xFF,0xFF,0xFF,0xFF,0xFF,0xFF,0xFF,0xFF,0xFF,0xFF,0xFF,0xFF,0xFF,0xFF,0xFF,
    0xFF,0xFF,0xFF,0xFF,0xFF,0xFF,0xFF,0xFF,0xFF,0xFF,0xFF,0xFF,0xFF,0xFF,0xFF,0xFF,
    0xFF,0xFF,0xFF,0xFF,0xFF,0xFF,0xFF,0xFF,0xFF,0xFF,0xFF,0xFF,0xFF,0xFF,0xFF,0xFF,
    0xFF,0xFF,0xFF,0xFF,0xFF,0xFF,0xFF,0xFF,0xFF,0xFF,0xFF,0xFF,0xFF,0xFF,0xFF,0xFF,
    0xFF,0xFF,0xFF,
};
const lv_image_dsc_t ui_img_jump_prince_tile_5_4 = {
    .header.w = 25,
    .header.h = 25,
    .data_size = sizeof(ui_img_jump_prince_tile_5_4_data),
    .header.cf = LV_COLOR_FORMAT_NATIVE_WITH_ALPHA,
    .header.magic = LV_IMAGE_HEADER_MAGIC,
    .data = ui_img_jump_prince_tile_5_4_data
};

const LV_ATTRIBUTE_MEM_ALIGN uint8_t ui_img_jump_prince_tile_6_4_data[] = {
    0x25,0x08,0x25,0x08,0x25,0x08,0x25,0x08,0x25,0x08,0x25,0x08,0x25,0x08,0x25,0x08,
    0x25,0x08,0x25,0x08,0x25,0x08,0x25,0x08,0x25,0x08,0x25,0x08,0x25,0x08,0x25,0x08,
    0x25,0x08,0x25,0x08,0x25,0x08,0x25,0x08,0x25,0x08,0x25,0x08,0x25,0x08,0x25,0x08,
    0x25,0x08,0x25,0x08,0x25,0x08,0x25,0x08,0x25,0x08,0x25,0x08,0x25,0x08,0x25,0x08,
    0x25,0x08,0x25,0x08,0x25,0x08,0x25,0x08,0x25,0x08,0x25,0x08,0x25,0x08,0x25,0x08,
    0x25,0x08,0x25,0x08,0x25,0x08,0x25,0x08,0x25,0x08,0x25,0x08,0x25,0x08,0x25,0x08,
    0x25,0x08,0x25,0x08,0x25,0x08,0x25,0x08,0x25,0x08,0x25,0x08,0x25,0x08,0x25,0x08,
    0x25,0x08,0x25,0x08,0x25,0x08,0x25,0x08,0x25,0x08,0x25,0x08,0x25,0x08,0x25,0x08,
    0x25,0x08,0x25,0x08,0x25,0x08,0x25,0x08,0x25,0x08,0x25,0x08,0x25,0x08,0x25,0x08,
    0x25,0x08,0x25,0x08,0x25,0x08,0x25,0x08,0x25,0x08,0xAE,0x21,0xAE,0x21,0xAE,0x21,
    0x25,0x08,0x25,0x08,0x25,0x08,0x25,0x08,0x25,0x08,0x25,0x08,0x25,0x08,0x25,0x08,
    0x25,0x08,0x25,0x08,0x25,0x08,0x25,0x08,0x25,0x08,0x25,0x08,0x25,0x08,0x25,0x08,
    0x25,0x08,0x25,0x08,0x25,0x08,0x25,0x08,0x25,0x08,0x25,0x08,0xAE,0x21,0xAE,0x21,
    0xAE,0x21,0x25,0x08,0x25,0x08,0x25,0x08,0x25,0x08,0x25,0x08,0x25,0x08,0x25,0x08,
    0x25,0x08,0x25,0x08,0x25,0x08,0x25,0x08,0x25,0x08,0x25,0x08,0x25,0x08,0x25,0x08,
    0x25,0x08,0x25,0x08,0x25,0x08,0x25,0x08,0x25,0x08,0x25,0x08,0x25,0x08,0xAE,0x21,
    0xAE,0x21,0xAE,0x21,0xAE,0x21,0x25,0x08,0x25,0x08,0x25,0x08,0x25,0x08,0x25,0x08,
    0x25,0x08,0x25,0x08,0x25,0x08,0x25,0x08,0x25,0x08,0x25,0x08,0x25,0x08,0x25,0x08,
    0x25,0x08,0x25,0x08,0x25,0x08,0x25,0x08,0x25,0x08,0x25,0x08,0x25,0x08,0x25,0x08,
    0x25,0x08,0x25,0x08,0x25,0x08,0x25,0x08,0x25,0x08,0x25,0x08,0x25,0x08,0x25,0x08,
    0x25,0x08,0x25,0x08,0x25,0x08,0x25,0x08,0x25,0x08,0x25,0x08,0x25,0x08,0x25,0x08,
    0x25,0x08,0x25,0x08,0x25,0x08,0x25,0x08,0x25,0x08,0x25,0x08,0x25,0x08,0x25,0x08,
    0x25,0x08,0x25,0x08,0x25,0x08,0x25,0x08,0x25,0x08,0x25,0x08,0x25,0x08,0x25,0x08,
    0x25,0x08,0x25,0x08,0x25,0x08,0x25,0x08,0x25,0x08,0x25,0x08,0x25,0x08,0x25,0x08,
    0x25,0x08,0x25,0x08,0x25,0x08,0x25,0x08,0x25,0x08,0x25,0x08,0x25,0x08,0x25,0x08,
    0xAE,0x21,0xAE,0x21,0xAE,0x21,0xAE,0x21,0xAE,0x21,0xAE,0x21,0xAE,0x21,0xAE,0x21,
    0xAE,0x21,0xAE,0x21,0xAE,0x21,0x25,0x08,0x25,0x08,0x25,0x08,0x25,0x08,0x25,0x08,
    0x25,0x08,0x25,0x08,0x25,0x08,0x25,0x08,0x25,0x08,0x25,0x08,0x25,0x08,0x25,0x08,
    0x25,0x08,0xAE,0x21,0xAE,0x21,0xAE,0x21,0xAE,0x21,0xAE,0x21,0xAE,0x21,0xAE,0x21,
    0xAE,0x21,0xAE,0x21,0xAE,0x21,0xAE,0x21,0xAE,0x21,0xAE,0x21,0x25,0x08,0x25,0x08,
    0x25,0x08,0x25,0x08,0x25,0x08,0x25,0x08,0x25,0x08,0x25,0x08,0x25,0x08,0x25,0x08,
    0x25,0x08,0x25,0x08,0xAE,0x21,0xAE,0x21,0xAE,0x21,0xAE,0x21,0xAE,0x21,0xAE,0x21,
    0xAE,0x21,0xAE,0x21,0xAE,0x21,0xAE,0x21,0xAE,0x21,0xAE,0x21,0xAE,0x21,0x25,0x08,
    0x25,0x08,0x25,0x08,0x25,0x08,0x25,0x08,0x25,0x08,0x25,0x08,0x25,0x08,0x25,0x08,
    0x25,0x08,0x25,0x08,0x25,0x08,0xAE,0x21,0xAE,0x21,0xAE,0x21,0xAE,0x21,0xAE,0x21,
    0xAE,0x21,0xAE,0x21,0xAE,0x21,0xAE,0x21,0xAE,0x21,0xAE,0x21,0xAE,0x21,0xAE,0x21,
    0x25,0x08,0x25,0x08,0x25,0x08,0x25,0x08,0x25,0x08,0x25,0x08,0x25,0x08,0x25,0x08,
    0x25,0x08,0x25,0x08,0x25,0x08,0x25,0x08,0xAE,0x21,0xAE,0x21,0xAE,0x21,0xAE,0x21,
    0xAE,0x21,0xAE,0x21,0xAE,0x21,0xAE,0x21,0xAE,0x21,0xAE,0x21,0xAE,0x21,0xAE,0x21,
    0xAE,0x21,0x25,0x08,0x25,0x08,0x25,0x08,0x25,0x08,0x25,0x08,0x25,0x08,0x25,0x08,
    0x25,0x08,0x25,0x08,0x25,0x08,0x25,0x08,0x25,0x08,0x25,0x08,0x25,0x08,0x25,0x08,
    0x25,0x08,0x25,0x08,0x25,0x08,0x25,0x08,0x25,0x08,0x25,0x08,0x25,0x08,0x25,0x08,
    0x25,0x08,0x25,0x08,0x25,0x08,0x25,0x08,0x25,0x08,0x25,0x08,0x25,0x08,0x25,0x08,
    0x25,0x08,0x25,0x08,0x25,0x08,0x25,0x08,0x25,0x08,0x25,0x08,0x25,0x08,0x25,0x08,
    0x25,0x08,0xAE,0x21,0xAE,0x21,0xAE,0x21,0xAE,0x21,0xAE,0x21,0xAE,0x21,0xAE,0x21,
    0xAE,0x21,0x25,0x08,0x25,0x08,0xAE,0x21,0xAE,0x21,0xAE,0x21,0x25,0x08,0x25,0x08,
    0x25,0x08,0x25,0x08,0x25,0x08,0x25,0x08,0x25,0x08,0x25,0x08,0x25,0x08,0x25,0x08,
    0x25,0x08,0x25,0x08,0xAE,0x21,0xAE,0x21,0xAE,0x21,0xAE,0x21,0xAE,0x21,0xAE,0x21,
    0xAE,0x21,0xAE,0x21,0x25,0x08,0x25,0x08,0xAE,0x21,0xAE,0x21,0xAE,0x21,0x25,0x08,
    0x25,0x08,0x25,0x08,0x25,0x08,0x25,0x08,0x25,0x08,0x25,0x08,0x25,0x08,0x25,0x08,
    0x25,0x08,0x25,0x08,0xAE,0x21,0xAE,0x21,0xAE,0x21,0xAE,0x21,0xAE,0x21,0xAE,0x21,
    0xAE,0x21,0xAE,0x21,0xAE,0x21,0xAE,0x21,0xAE,0x21,0xAE,0x21,0xAE,0x21,0xAE,0x21,
    0xAE,0x21,0x25,0x08,0x25,0x08,0x25,0x08,0x25,0x08,0x25,0x08,0x25,0x08,0x25,0x08,
    0x25,0x08,0x25,0x08,0x25,0x08,0xAE,0x21,0xAE,0x21,0xAE,0x21,0xAE,0x21,0xAE,0x21,
    0xAE,0x21,0xAE,0x21,0x25,0x08,0x25,0x08,0xAE,0x21,0xAE,0x21,0xAE,0x21,0xAE,0x21,
    0xAE,0x21,0xAE,0x21,0x25,0x08,0x25,0x08,0x25,0x08,0x25,0x08,0x25,0x08,0x25,0x08,
    0x25,0x08,0x25,0x08,0x25,0x08,0x25,0x08,0xAE,0x21,0xAE,0x21,0xAE,0x21,0xAE,0x21,
    0xAE,0x21,0xAE,0x21,0xAE,0x21,0x25,0x08,0x25,0x08,0xAE,0x21,0xAE,0x21,0xAE,0x21,
    0xAE,0x21,0xAE,0x21,0xAE,0x21,0x25,0x08,0x25,0x08,0x25,0x08,0x25,0x08,0x25,0x08,
    0x25,0x08,0x25,0x08,0x25,0x08,0x25,0x08,0x25,0x08,0x25,0x08,0x25,0x08,0x25,0x08,
    0x25,0x08,0x25,0x08,0x25,0x08,0x25,0x08,0x25,0x08,0x25,0x08,0x25,0x08,0x25,0x08,
    0x25,0x08,0x25,0x08,0x25,0x08,0x25,0x08,0x25,0x08,0x25,0x08,0x25,0x08,0x25,0x08,
    0x25,0x08,0x25,0x08,0x25,0x08,0x25,0x08,0xAE,0x21,0xAE,0x21,0xAE,0x21,0xAE,0x21,
    0xAE,0x21,0xAE,0x21,0xAE,0x21,0xAE,0x21,0xAE,0x21,0xAE,0x21,0xAE,0x21,0xAE,0x21,
    0xAE,0x21,0xAE,0x21,0xAE,0x21,0xAE,0x21,0xAE,0x21,0x25,0x08,0x25,0x08,0x25,0x08,
    0xAE,0x21,0xAE,0x21,0xAE,0x21,0x25,0x08,0x25,0x08,0xAE,0x21,0xAE,0x21,0xAE,0x21,
    0xAE,0x21,0xAE,0x21,0xAE,0x21,0xAE,0x21,0xAE,0x21,0xAE,0x21,0xAE,0x21,0xAE,0x21,
    0xAE,0x21,0xAE,0x21,0xAE,0x21,0xAE,0x21,0xAE,0x21,0xAE,0x21,0x25,0x08,0x25,0x08,
    0x25,0x08,0xAE,0x21,0xAE,0x21,0xAE,0x21,0x25,0x08,0x25,0x08,0xAE,0x21,0xAE,0x21,
    0xAE,0x21,0xAE,0x21,0xAE,0x21,0xAE,0x21,0xAE,0x21,0xAE,0x21,0xAE,0x21,0xAE,0x21,
    0xAE,0x21,0xAE,0x21,0xAE,0x21,0xAE,0x21,0xAE,0x21,0xAE,0x21,0xAE,0x21,0xAE,0x21,
    0xAE,0x21,0x25,0x08,0xAE,0x21,0xAE,0x21,0xAE,0x21,0x25,0x08,0x25,0x08,0xAE,0x21,
    0xAE,0x21,0xAE,0x21,0xAE,0x21,0xAE,0x21,0xAE,0x21,0xAE,0x21,0xAE,0x21,0xAE,0x21,
    0xAE,0x21,0xAE,0x21,0xAE,0x21,0xAE,0x21,0xAE,0x21,0xAE,0x21,0xAE,0x21,0xAE,0x21,
    0xAE,0x21,0xAE,0x21,0x25,0x08,0xAE,0x21,0xAE,0x21,0x25,0x08,0x25,0x08,0x25,0x08,
    0xAE,0x21,0xAE,0x21,0xAE,0x21,0xAE,0x21,0xAE,0x21,0xAE,0x21,0xAE,0x21,0xAE,0x21,
    0xAE,0x21,0xAE,0x21,0xAE,0x21,0xAE,0x21,0xAE,0x21,0xAE,0x21,0xAE,0x21,0xAE,0x21,
    0xAE,0x21,0xAE,0x21,0xAE,0x21,0x25,0x08,0xAE,0x21,0xAE,0x21,0x25,0x08,0x25,0x08,
    0x25,0x08,0xFF,0xFF,0xFF,0xFF,0xFF,0xFF,0xFF,0xFF,0xFF,0xFF,0xFF,0xFF,0xFF,0xFF,
    0xFF,0xFF,0xFF,0xFF,0xFF,0xFF,0xFF,0xFF,0xFF,0xFF,0xFF,0xFF,0xFF,0xFF,0xFF,0xFF,
    0xFF,0xFF,0xFF,0xFF,0xFF,0xFF,0xFF,0xFF,0xFF,0xFF,0xFF,0xFF,0xFF,0xFF,0xFF,0xFF,
    0xFF,0xFF,0xFF,0xFF,0xFF,0xFF,0xFF,0xFF,0xFF,0xFF,0xFF,0xFF,0xFF,0xFF,0xFF,0xFF,
    0xFF,0xFF,0xFF,0xFF,0xFF,0xFF,0xFF,0xFF,0xFF,0xFF,0xFF,0xFF,0xFF,0xFF,0xFF,0xFF,
    0xFF,0xFF,0xFF,0xFF,0xFF,0xFF,0xFF,0xFF,0xFF,0xFF,0xFF,0xFF,0xFF,0xFF,0xFF,0xFF,
    0xFF,0xFF,0xFF,0xFF,0xFF,0xFF,0xFF,0xFF,0xFF,0xFF,0xFF,0xFF,0xFF,0xFF,0xFF,0xFF,
    0xFF,0xFF,0xFF,0xFF,0xFF,0xFF,0xFF,0xFF,0xFF,0xFF,0xFF,0xFF,0xFF,0xFF,0xFF,0xFF,
    0xFF,0xFF,0xFF,0xFF,0xFF,0xFF,0xFF,0xFF,0xFF,0xFF,0xFF,0xFF,0xFF,0xFF,0xFF,0xFF,
    0xFF,0xFF,0xFF,0xFF,0xFF,0xFF,0xFF,0xFF,0xFF,0xFF,0xFF,0xFF,0xFF,0xFF,0xFF,0xFF,
    0xFF,0xFF,0xFF,0xFF,0xFF,0xFF,0xFF,0xFF,0xFF,0xFF,0xFF,0xFF,0xFF,0xFF,0xFF,0xFF,
    0xFF,0xFF,0xFF,0xFF,0xFF,0xFF,0xFF,0xFF,0xFF,0xFF,0xFF,0xFF,0xFF,0xFF,0xFF,0xFF,
    0xFF,0xFF,0xFF,0xFF,0xFF,0xFF,0xFF,0xFF,0xFF,0xFF,0xFF,0xFF,0xFF,0xFF,0xFF,0xFF,
    0xFF,0xFF,0xFF,0xFF,0xFF,0xFF,0xFF,0xFF,0xFF,0xFF,0xFF,0xFF,0xFF,0xFF,0xFF,0xFF,
    0xFF,0xFF,0xFF,0xFF,0xFF,0xFF,0xFF,0xFF,0xFF,0xFF,0xFF,0xFF,0xFF,0xFF,0xFF,0xFF,
    0xFF,0xFF,0xFF,0xFF,0xFF,0xFF,0xFF,0xFF,0xFF,0xFF,0xFF,0xFF,0xFF,0xFF,0xFF,0xFF,
    0xFF,0xFF,0xFF,0xFF,0xFF,0xFF,0xFF,0xFF,0xFF,0xFF,0xFF,0xFF,0xFF,0xFF,0xFF,0xFF,
    0xFF,0xFF,0xFF,0xFF,0xFF,0xFF,0xFF,0xFF,0xFF,0xFF,0xFF,0xFF,0xFF,0xFF,0xFF,0xFF,
    0xFF,0xFF,0xFF,0xFF,0xFF,0xFF,0xFF,0xFF,0xFF,0xFF,0xFF,0xFF,0xFF,0xFF,0xFF,0xFF,
    0xFF,0xFF,0xFF,0xFF,0xFF,0xFF,0xFF,0xFF,0xFF,0xFF,0xFF,0xFF,0xFF,0xFF,0xFF,0xFF,
    0xFF,0xFF,0xFF,0xFF,0xFF,0xFF,0xFF,0xFF,0xFF,0xFF,0xFF,0xFF,0xFF,0xFF,0xFF,0xFF,
    0xFF,0xFF,0xFF,0xFF,0xFF,0xFF,0xFF,0xFF,0xFF,0xFF,0xFF,0xFF,0xFF,0xFF,0xFF,0xFF,
    0xFF,0xFF,0xFF,0xFF,0xFF,0xFF,0xFF,0xFF,0xFF,0xFF,0xFF,0xFF,0xFF,0xFF,0xFF,0xFF,
    0xFF,0xFF,0xFF,0xFF,0xFF,0xFF,0xFF,0xFF,0xFF,0xFF,0xFF,0xFF,0xFF,0xFF,0xFF,0xFF,
    0xFF,0xFF,0xFF,0xFF,0xFF,0xFF,0xFF,0xFF,0xFF,0xFF,0xFF,0xFF,0xFF,0xFF,0xFF,0xFF,
    0xFF,0xFF,0xFF,0xFF,0xFF,0xFF,0xFF,0xFF,0xFF,0xFF,0xFF,0xFF,0xFF,0xFF,0xFF,0xFF,
    0xFF,0xFF,0xFF,0xFF,0xFF,0xFF,0xFF,0xFF,0xFF,0xFF,0xFF,0xFF,0xFF,0xFF,0xFF,0xFF,
    0xFF,0xFF,0xFF,0xFF,0xFF,0xFF,0xFF,0xFF,0xFF,0xFF,0xFF,0xFF,0xFF,0xFF,0xFF,0xFF,
    0xFF,0xFF,0xFF,0xFF,0xFF,0xFF,0xFF,0xFF,0xFF,0xFF,0xFF,0xFF,0xFF,0xFF,0xFF,0xFF,
    0xFF,0xFF,0xFF,0xFF,0xFF,0xFF,0xFF,0xFF,0xFF,0xFF,0xFF,0xFF,0xFF,0xFF,0xFF,0xFF,
    0xFF,0xFF,0xFF,0xFF,0xFF,0xFF,0xFF,0xFF,0xFF,0xFF,0xFF,0xFF,0xFF,0xFF,0xFF,0xFF,
    0xFF,0xFF,0xFF,0xFF,0xFF,0xFF,0xFF,0xFF,0xFF,0xFF,0xFF,0xFF,0xFF,0xFF,0xFF,0xFF,
    0xFF,0xFF,0xFF,0xFF,0xFF,0xFF,0xFF,0xFF,0xFF,0xFF,0xFF,0xFF,0xFF,0xFF,0xFF,0xFF,
    0xFF,0xFF,0xFF,0xFF,0xFF,0xFF,0xFF,0xFF,0xFF,0xFF,0xFF,0xFF,0xFF,0xFF,0xFF,0xFF,
    0xFF,0xFF,0xFF,0xFF,0xFF,0xFF,0xFF,0xFF,0xFF,0xFF,0xFF,0xFF,0xFF,0xFF,0xFF,0xFF,
    0xFF,0xFF,0xFF,0xFF,0xFF,0xFF,0xFF,0xFF,0xFF,0xFF,0xFF,0xFF,0xFF,0xFF,0xFF,0xFF,
    0xFF,0xFF,0xFF,0xFF,0xFF,0xFF,0xFF,0xFF,0xFF,0xFF,0xFF,0xFF,0xFF,0xFF,0xFF,0xFF,
    0xFF,0xFF,0xFF,0xFF,0xFF,0xFF,0xFF,0xFF,0xFF,0xFF,0xFF,0xFF,0xFF,0xFF,0xFF,0xFF,
    0xFF,0xFF,0xFF,0xFF,0xFF,0xFF,0xFF,0xFF,0xFF,0xFF,0xFF,0xFF,0xFF,0xFF,0xFF,0xFF,
    0xFF,0xFF,0xFF,
};
const lv_image_dsc_t ui_img_jump_prince_tile_6_4 = {
    .header.w = 25,
    .header.h = 25,
    .data_size = sizeof(ui_img_jump_prince_tile_6_4_data),
    .header.cf = LV_COLOR_FORMAT_NATIVE_WITH_ALPHA,
    .header.magic = LV_IMAGE_HEADER_MAGIC,
    .data = ui_img_jump_prince_tile_6_4_data
};

const LV_ATTRIBUTE_MEM_ALIGN uint8_t ui_img_jump_prince_tile_0_5_data[] = {
    0x25,0x08,0x25,0x08,0x25,0x08,0x25,0x08,0x25,0x08,0x25,0x08,0x25,0x08,0x25,0x08,
    0x25,0x08,0xAE,0x21,0xAE,0x21,0xAE,0x21,0xAE,0x21,0xAE,0x21,0x25,0x08,0x25,0x08,
    0x25,0x08,0x25,0x08,0x25,0x08,0x25,0x08,0x25,0x08,0x25,0x08,0x25,0x08,0x25,0x08,
    0x25,0x08,0x25,0x08,0x25,0x08,0x25,0x08,0x25,0x08,0x25,0x08,0x25,0x08,0x25,0x08,
    0x25,0x08,0x25,0x08,0xAE,0x21,0xAE,0x21,0xAE,0x21,0xAE,0x21,0xAE,0x21,0x25,0x08,
    0x25,0x08,0x25,0x08,0x25,0x08,0x25,0x08,0x25,0x08,0x25,0x08,0x25,0x08,0x25,0x08,
    0x25,0x08,0x25,0x08,0x25,0x08,0x25,0x08,0x25,0x08,0x25,0x08,0x25,0x08,0x25,0x08,
    0x25,0x08,0x25,0x08,0x25,0x08,0x25,0x08,0x25,0x08,0xAE,0x21,0xAE,0x21,0x25,0x08,
    0x25,0x08,0x25,0x08,0x25,0x08,0x25,0x08,0x25,0x08,0x25,0x08,0x25,0x08,0x25,0x08,
    0x25,0x08,0x25,0x08,0x25,0x08,0x25,0x08,0x25,0x08,0x25,0x08,0x25,0x08,0x25,0x08,
    0x25,0x08,0x25,0x08,0x25,0x08,0xAE,0x21,0xAE,0x21,0xAE,0x21,0x25,0x08,0x25,0x08,
    0xAE,0x21,0xAE,0x21,0xAE,0x21,0x25,0x08,0x25,0x08,0x25,0x08,0x25,0x08,0x25,0x08,
    0x25,0x08,0x25,0x08,0x25,0x08,0x25,0x08,0x25,0x08,0x25,0x08,0x25,0x08,0x25,0x08,
    0x25,0x08,0x25,0x08,0x25,0x08,0x25,0x08,0xAE,0x21,0xAE,0x21,0xAE,0x21,0x25,0x08,
    0x25,0x08,0xAE,0x21,0xAE,0x21,0xAE,0x21,0x25,0x08,0x25,0x08,0x25,0x08,0x25,0x08,
    0x25,0x08,0x25,0x08,0x25,0x08,0x25,0x08,0x25,0x08,0x25,0x08,0x25,0x08,0x25,0x08,
    0x25,0x08,0x25,0x08,0x25,0x08,0x25,0x08,0x25,0x08,0xAE,0x21,0xAE,0x21,0xAE,0x21,
    0x25,0x08,0x25,0x08,0xAE,0x21,0xAE,0x21,0xAE,0x21,0x25,0x08,0x25,0x08,0x25,0x08,
    0x25,0x08,0x25,0x08,0x25,0x08,0x25,0x08,0x25,0x08,0x25,0x08,0x25,0x08,0x25,0x08,
    0x25,0x08,0x25,0x08,0x25,0x08,0x25,0x08,0x25,0x08,0x25,0x08,0xAE,0x21,0xAE,0x21,
    0xAE,0x21,0x25,0x08,0x25,0x08,0xAE,0x21,0xAE,0x21,0xAE,0x21,0x25,0x08,0x25,0x08,
    0x25,0x08,0x25,0x08,0x25,0x08,0x25,0x08,0x25,0x08,0x25,0x08,0x25,0x08,0x25,0x08,
    0x25,0x08,0x25,0x08,0x25,0x08,0x25,0x08,0x25,0x08,0x25,0x08,0x25,0x08,0xAE,0x21,
    0xAE,0x21,0xAE,0x21,0x25,0x08,0x25,0x08,0xAE,0x21,0xAE,0x21,0xAE,0x21,0x25,0x08,
    0x25,0x08,0x25,0x08,0x25,0x08,0x25,0x08,0x25,0x08,0x25,0x08,0x25,0x08,0x25,0x08,
    0x25,0x08,0x25,0x08,0x25,0x08,0x25,0x08,0x25,0x08,0x25,0x08,0x25,0x08,0x25,0x08,
    0xAE,0x21,0xAE,0x21,0xAE,0x21,0x25,0x08,0x25,0x08,0xAE,0x21,0xAE,0x21,0xAE,0x21,
    0x25,0x08,0x25,0x08,0x25,0x08,0x25,0x08,0x25,0x08,0x25,0x08,0x25,0x08,0x25,0x08,
    0x25,0x08,0x25,0x08,0x25,0x08,0x25,0x08,0x25,0x08,0x25,0x08,0x25,0x08,0x25,0x08,
    0x25,0x08,0x25,0x08,0x25,0x08,0x25,0x08,0xAE,0x21,0xAE,0x21,0x25,0x08,0x25,0x08,
    0x25,0x08,0x25,0x08,0x25,0x08,0x25,0x08,0x25,0x08,0x25,0x08,0x25,0x08,0x25,0x08,
    0x25,0x08,0x25,0x08,0x25,0x08,0x25,0x08,0x25,0x08,0x25,0x08,0x25,0x08,0x25,0x08,
    0x25,0x08,0x25,0x08,0x25,0x08,0x25,0x08,0x25,0x08,0xAE,0x21,0xAE,0x21,0x25,0x08,
    0x25,0x08,0x25,0x08,0x25,0x08,0x25,0x08,0x25,0x08,0x25,0x08,0x25,0x08,0x25,0x08,
    0x25,0x08,0x25,0x08,0x25,0x08,0x25,0x08,0x25,0x08,0x25,0x08,0x25,0x08,0x25,0x08,
    0x25,0x08,0x25,0x08,0x25,0x08,0x25,0x08,0xAE,0x21,0xAE,0x21,0xAE,0x21,0xAE,0x21,
    0xAE,0x21,0x25,0x08,0x25,0x08,0x25,0x08,0x25,0x08,0x25,0x08,0x25,0x08,0x25,0x08,
    0x25,0x08,0x25,0x08,0x25,0x08,0x25,0x08,0x25,0x08,0x25,0x08,0x25,0x08,0x25,0x08,
    0x25,0x08,0x25,0x08,0x25,0x08,0x25,0x08,0x25,0x08,0xAE,0x21,0xAE,0x21,0xAE,0x21,
    0xAE,0x21,0xAE,0x21,0x25,0x08,0x25,0x08,0x25,0x08,0x25,0x08,0x25,0x08,0x25,0x08,
    0x25,0x08,0x25,0x08,0x25,0x08,0x25,0x08,0x25,0x08,0x25,0x08,0x25,0x08,0x25,0x08,
    0x25,0x08,0x25,0x08,0x25,0x08,0x25,0x08,0x25,0x08,0x25,0x08,0xAE,0x21,0xAE,0x21,
    0xAE,0x21,0xAE,0x21,0xAE,0x21,0x25,0x08,0x25,0x08,0x25,0x08,0x25,0x08,0x25,0x08,
    0x25,0x08,0x25,0x08,0x25,0x08,0x25,0x08,0x25,0x08,0x25,0x08,0x25,0x08,0x25,0x08,
    0x25,0x08,0x25,0x08,0x25,0x08,0x25,0x08,0x25,0x08,0x25,0x08,0x25,0x08,0x25,0x08,
    0x25,0x08,0xAE,0x21,0xAE,0x21,0x25,0x08,0x25,0x08,0x25,0x08,0x25,0x08,0x25,0x08,
    0x25,0x08,0x25,0x08,0x25,0x08,0x25,0x08,0x25,0x08,0x25,0x08,0x25,0x08,0x25,0x08,
    0x25,0x08,0x25,0x08,0x25,0x08,0x25,0x08,0x25,0x08,0x25,0x08,0x25,0x08,0x25,0x08,
    0x25,0x08,0x25,0x08,0xAE,0x21,0xAE,0x21,0x25,0x08,0x25,0x08,0x25,0x08,0x25,0x08,
    0x25,0x08,0x25,0x08,0x25,0x08,0x25,0x08,0x25,0x08,0x25,0x08,0x25,0x08,0x25,0x08,
    0x25,0x08,0x25,0x08,0x25,0x08,0x25,0x08,0x25,0x08,0x25,0x08,0x25,0x08,0x25,0x08,
    0xAE,0x21,0xAE,0x21,0xAE,0x21,0x25,0x08,0x25,0x08,0xAE,0x21,0xAE,0x21,0xAE,0x21,
    0x25,0x08,0x25,0x08,0x25,0x08,0x25,0x08,0x25,0x08,0x25,0x08,0x25,0x08,0x25,0x08,
    0x25,0x08,0x25,0x08,0x25,0x08,0x25,0x08,0x25,0x08,0x25,0x08,0x25,0x08,0x25,0x08,
    0x25,0x08,0xAE,0x21,0xAE,0x21,0xAE,0x21,0x25,0x08,0x25,0x08,0xAE,0x21,0xAE,0x21,
    0xAE,0x21,0x25,0x08,0x25,0x08,0x25,0x08,0x25,0x08,0x25,0x08,0x25,0x08,0x25,0x08,
    0x25,0x08,0x25,0x08,0x25,0x08,0x25,0x08,0x25,0x08,0x25,0x08,0x25,0x08,0x25,0x08,
    0x25,0x08,0x25,0x08,0xAE,0x21,0xAE,0x21,0xAE,0x21,0x25,0x08,0x25,0x08,0xAE,0x21,
    0xAE,0x21,0xAE,0x21,0x25,0x08,0x25,0x08,0x25,0x08,0x25,0x08,0x25,0x08,0x25,0x08,
    0x25,0x08,0x25,0x08,0x25,0x08,0x25,0x08,0x25,0x08,0x25,0x08,0x25,0x08,0x25,0x08,
    0x25,0x08,0x25,0x08,0x25,0x08,0xAE,0x21,0xAE,0x21,0xAE,0x21,0x25,0x08,0x25,0x08,
    0xAE,0x21,0xAE,0x21,0xAE,0x21,0x25,0x08,0x25,0x08,0x25,0x08,0x25,0x08,0x25,0x08,
    0x25,0x08,0x25,0x08,0x25,0x08,0x25,0x08,0x25,0x08,0x25,0x08,0x25,0x08,0x25,0x08,
    0x25,0x08,0x25,0x08,0x25,0x08,0x25,0x08,0xAE,0x21,0xAE,0x21,0xAE,0x21,0x25,0x08,
    0x25,0x08,0xAE,0x21,0xAE,0x21,0xAE,0x21,0x25,0x08,0x25,0x08,0x25,0x08,0x25,0x08,
    0x25,0x08,0x25,0x08,0x25,0x08,0x25,0x08,0x25,0x08,0x25,0x08,0x25,0x08,0x25,0x08,
    0x25,0x08,0x25,0x08,0x25,0x08,0x25,0x08,0x25,0x08,0xAE,0x21,0xAE,0x21,0xAE,0x21,
    0x25,0x08,0x25,0x08,0xAE,0x21,0xAE,0x21,0xAE,0x21,0x25,0x08,0x25,0x08,0x25,0x08,
    0x25,0x08,0x25,0x08,0x25,0x08,0x25,0x08,0x25,0x08,0x25,0x08,0x25,0x08,0x25,0x08,
    0x25,0x08,0x25,0x08,0x25,0x08,0x25,0x08,0x25,0x08,0x25,0x08,0x25,0x08,0x25,0x08,
    0x25,0x08,0xAE,0x21,0xAE,0x21,0x25,0x08,0x25,0x08,0x25,0x08,0x25,0x08,0x25,0x08,
    0x25,0x08,0x25,0x08,0x25,0x08,0x25,0x08,0x25,0x08,0x25,0x08,0x25,0x08,0x25,0x08,
    0x25,0x08,0x25,0x08,0x25,0x08,0x25,0x08,0x25,0x08,0x25,0x08,0x25,0x08,0x25,0x08,
    0xAE,0x21,0xAE,0x21,0xAE,0x21,0xAE,0x21,0xAE,0x21,0x25,0x08,0x25,0x08,0x25,0x08,
    0x25,0x08,0x25,0x08,0x25,0x08,0x25,0x08,0x25,0x08,0x25,0x08,0x25,0x08,0x25,0x08,
    0x25,0x08,0x25,0x08,0x25,0x08,0x25,0x08,0x25,0x08,0x25,0x08,0x25,0x08,0x25,0x08,
    0x25,0x08,0xAE,0x21,0xAE,0x21,0xAE,0x21,0xAE,0x21,0xAE,0x21,0x25,0x08,0x25,0x08,
    0x25,0x08,0x25,0x08,0x25,0x08,0x25,0x08,0x25,0x08,0x25,0x08,0x25,0x08,0x25,0x08,
    0x25,0x08,0xFF,0xFF,0xFF,0xFF,0xFF,0xFF,0xFF,0xFF,0xFF,0xFF,0xFF,0xFF,0xFF,0xFF,
    0xFF,0xFF,0xFF,0xFF,0xFF,0xFF,0xFF,0xFF,0xFF,0xFF,0xFF,0xFF,0xFF,0xFF,0xFF,0xFF,
    0xFF,0xFF,0xFF,0xFF,0xFF,0xFF,0xFF,0xFF,0xFF,0xFF,0xFF,0xFF,0xFF,0xFF,0xFF,0xFF,
    0xFF,0xFF,0xFF,0xFF,0xFF,0xFF,0xFF,0xFF,0xFF,0xFF,0xFF,0xFF,0xFF,0xFF,0xFF,0xFF,
    0xFF,0xFF,0xFF,0xFF,0xFF,0xFF,0xFF,0xFF,0xFF,0xFF,0xFF,0xFF,0xFF,0xFF,0xFF,0xFF,
    0xFF,0xFF,0xFF,0xFF,0xFF,0xFF,0xFF,0xFF,0xFF,0xFF,0xFF,0xFF,0xFF,0xFF,0xFF,0xFF,
    0xFF,0xFF,0xFF,0xFF,0xFF,0xFF,0xFF,0xFF,0xFF,0xFF,0xFF,0xFF,0xFF,0xFF,0xFF,0xFF,
    0xFF,0xFF,0xFF,0xFF,0xFF,0xFF,0xFF,0xFF,0xFF,0xFF,0xFF,0xFF,0xFF,0xFF,0xFF,0xFF,
    0xFF,0xFF,0xFF,0xFF,0xFF,0xFF,0xFF,0xFF,0xFF,0xFF,0xFF,0xFF,0xFF,0xFF,0xFF,0xFF,
    0xFF,0xFF,0xFF,0xFF,0xFF,0xFF,0xFF,0xFF,0xFF,0xFF,0xFF,0xFF,0xFF,0xFF,0xFF,0xFF,
    0xFF,0xFF,0xFF,0xFF,0xFF,0xFF,0xFF,0xFF,0xFF,0xFF,0xFF,0xFF,0xFF,0xFF,0xFF,0xFF,
    0xFF,0xFF,0xFF,0xFF,0xFF,0xFF,0xFF,0xFF,0xFF,0xFF,0xFF,0xFF,0xFF,0xFF,0xFF,0xFF,
    0xFF,0xFF,0xFF,0xFF,0xFF,0xFF,0xFF,0xFF,0xFF,0xFF,0xFF,0xFF,0xFF,0xFF,0xFF,0xFF,
    0xFF,0xFF,0xFF,0xFF,0xFF,0xFF,0xFF,0xFF,0xFF,0xFF,0xFF,0xFF,0xFF,0xFF,0xFF,0xFF,
    0xFF,0xFF,0xFF,0xFF,0xFF,0xFF,0xFF,0xFF,0xFF,0xFF,0xFF,0xFF,0xFF,0xFF,0xFF,0xFF,
    0xFF,0xFF,0xFF,0xFF,0xFF,0xFF,0xFF,0xFF,0xFF,0xFF,0xFF,0xFF,0xFF,0xFF,0xFF,0xFF,
    0xFF,0xFF,0xFF,0xFF,0xFF,0xFF,0xFF,0xFF,0xFF,0xFF,0xFF,0xFF,0xFF,0xFF,0xFF,0xFF,
    0xFF,0xFF,0xFF,0xFF,0xFF,0xFF,0xFF,0xFF,0xFF,0xFF,0xFF,0xFF,0xFF,0xFF,0xFF,0xFF,
    0xFF,0xFF,0xFF,0xFF,0xFF,0xFF,0xFF,0xFF,0xFF,0xFF,0xFF,0xFF,0xFF,0xFF,0xFF,0xFF,
    0xFF,0xFF,0xFF,0xFF,0xFF,0xFF,0xFF,0xFF,0xFF,0xFF,0xFF,0xFF,0xFF,0xFF,0xFF,0xFF,
    0xFF,0xFF,0xFF,0xFF,0xFF,0xFF,0xFF,0xFF,0xFF,0xFF,0xFF,0xFF,0xFF,0xFF,0xFF,0xFF,
    0xFF,0xFF,0xFF,0xFF,0xFF,0xFF,0xFF,0xFF,0xFF,0xFF,0xFF,0xFF,0xFF,0xFF,0xFF,0xFF,
    0xFF,0xFF,0xFF,0xFF,0xFF,0xFF,0xFF,0xFF,0xFF,0xFF,0xFF,0xFF,0xFF,0xFF,0xFF,0xFF,
    0xFF,0xFF,0xFF,0xFF,0xFF,0xFF,0xFF,0xFF,0xFF,0xFF,0xFF,0xFF,0xFF,0xFF,0xFF,0xFF,
    0xFF,0xFF,0xFF,0xFF,0xFF,0xFF,0xFF,0xFF,0xFF,0xFF,0xFF,0xFF,0xFF,0xFF,0xFF,0xFF,
    0xFF,0xFF,0xFF,0xFF,0xFF,0xFF,0xFF,0xFF,0xFF,0xFF,0xFF,0xFF,0xFF,0xFF,0xFF,0xFF,
    0xFF,0xFF,0xFF,0xFF,0xFF,0xFF,0xFF,0xFF,0xFF,0xFF,0xFF,0xFF,0xFF,0xFF,0xFF,0xFF,
    0xFF,0xFF,0xFF,0xFF,0xFF,0xFF,0xFF,0xFF,0xFF,0xFF,0xFF,0xFF,0xFF,0xFF,0xFF,0xFF,
    0xFF,0xFF,0xFF,0xFF,0xFF,0xFF,0xFF,0xFF,0xFF,0xFF,0xFF,0xFF,0xFF,0xFF,0xFF,0xFF,
    0xFF,0xFF,0xFF,0xFF,0xFF,0xFF,0xFF,0xFF,0xFF,0xFF,0xFF,0xFF,0xFF,0xFF,0xFF,0xFF,
    0xFF,0xFF,0xFF,0xFF,0xFF,0xFF,0xFF,0xFF,0xFF,0xFF,0xFF,0xFF,0xFF,0xFF,0xFF,0xFF,
    0xFF,0xFF,0xFF,0xFF,0xFF,0xFF,0xFF,0xFF,0xFF,0xFF,0xFF,0xFF,0xFF,0xFF,0xFF,0xFF,
    0xFF,0xFF,0xFF,0xFF,0xFF,0xFF,0xFF,0xFF,0xFF,0xFF,0xFF,0xFF,0xFF,0xFF,0xFF,0xFF,
    0xFF,0xFF,0xFF,0xFF,0xFF,0xFF,0xFF,0xFF,0xFF,0xFF,0xFF,0xFF,0xFF,0xFF,0xFF,0xFF,
    0xFF,0xFF,0xFF,0xFF,0xFF,0xFF,0xFF,0xFF,0xFF,0xFF,0xFF,0xFF,0xFF,0xFF,0xFF,0xFF,
    0xFF,0xFF,0xFF,0xFF,0xFF,0xFF,0xFF,0xFF,0xFF,0xFF,0xFF,0xFF,0xFF,0xFF,0xFF,0xFF,
    0xFF,0xFF,0xFF,0xFF,0xFF,0xFF,0xFF,0xFF,0xFF,0xFF,0xFF,0xFF,0xFF,0xFF,0xFF,0xFF,
    0xFF,0xFF,0xFF,0xFF,0xFF,0xFF,0xFF,0xFF,0xFF,0xFF,0xFF,0xFF,0xFF,0xFF,0xFF,0xFF,
    0xFF,0xFF,0xFF,0xFF,0xFF,0xFF,0xFF,0xFF,0xFF,0xFF,0xFF,0xFF,0xFF,0xFF,0xFF,0xFF,
    0xFF,0xFF,0xFF,
};
const lv_image_dsc_t ui_img_jump_prince_tile_0_5 = {
    .header.w = 25,
    .header.h = 25,
    .data_size = sizeof(ui_img_jump_prince_tile_0_5_data),
    .header.cf = LV_COLOR_FORMAT_NATIVE_WITH_ALPHA,
    .header.magic = LV_IMAGE_HEADER_MAGIC,
    .data = ui_img_jump_prince_tile_0_5_data
};

const LV_ATTRIBUTE_MEM_ALIGN uint8_t ui_img_jump_prince_tile_1_5_data[] = {
    0x25,0x08,0x25,0x08,0x25,0x08,0x25,0x08,0x25,0x08,0x25,0x08,0x25,0x08,0x25,0x08,
    0x25,0x08,0xAE,0x21,0xAE,0x21,0xAE,0x21,0xAE,0x21,0xAE,0x21,0x25,0x08,0x25,0x08,
    0x25,0x08,0x25,0x08,0x25,0x08,0x25,0x08,0x25,0x08,0x25,0x08,0x25,0x08,0x25,0x08,
    0x25,0x08,0x25,0x08,0x25,0x08,0x25,0x08,0x25,0x08,0x25,0x08,0x25,0x08,0x25,0x08,
    0x25,0x08,0x25,0x08,0xAE,0x21,0xAE,0x21,0xAE,0x21,0xAE,0x21,0xAE,0x21,0x25,0x08,
    0x25,0x08,0x25,0x08,0x25,0x08,0x25,0x08,0x25,0x08,0x25,0x08,0x25,0x08,0x25,0x08,
    0x25,0x08,0x25,0x08,0x25,0x08,0x25,0x08,0x25,0x08,0x25,0x08,0x25,0x08,0x25,0x08,
    0x25,0x08,0x25,0x08,0x25,0x08,0x25,0x08,0x25,0x08,0xAE,0x21,0xAE,0x21,0x25,0x08,
    0x25,0x08,0x25,0x08,0x25,0x08,0x25,0x08,0x25,0x08,0x25,0x08,0x25,0x08,0x25,0x08,
    0x25,0x08,0x25,0x08,0x25,0x08,0x25,0x08,0x25,0x08,0x25,0x08,0x25,0x08,0x25,0x08,
    0x25,0x08,0x25,0x08,0x25,0x08,0xAE,0x21,0xAE,0x21,0xAE,0x21,0x25,0x08,0x25,0x08,
    0xAE,0x21,0xAE,0x21,0xAE,0x21,0x25,0x08,0x25,0x08,0x25,0x08,0x25,0x08,0x25,0x08,
    0x25,0x08,0x25,0x08,0x25,0x08,0x25,0x08,0x25,0x08,0x25,0x08,0x25,0x08,0x25,0x08,
    0x25,0x08,0x25,0x08,0x25,0x08,0x25,0x08,0xAE,0x21,0xAE,0x21,0xAE,0x21,0x25,0x08,
    0x25,0x08,0xAE,0x21,0xAE,0x21,0xAE,0x21,0x25,0x08,0x25,0x08,0x25,0x08,0x25,0x08,
    0x25,0x08,0x25,0x08,0x25,0x08,0x25,0x08,0x25,0x08,0x25,0x08,0x25,0x08,0x25,0x08,
    0x25,0x08,0x25,0x08,0x25,0x08,0x25,0x08,0x25,0x08,0xAE,0x21,0xAE,0x21,0xAE,0x21,
    0x25,0x08,0x25,0x08,0xAE,0x21,0xAE,0x21,0xAE,0x21,0x25,0x08,0x25,0x08,0x25,0x08,
    0x25,0x08,0x25,0x08,0x25,0x08,0x25,0x08,0x25,0x08,0x25,0x08,0x25,0x08,0x25,0x08,
    0x25,0x08,0x25,0x08,0x25,0x08,0x25,0x08,0x25,0x08,0x25,0x08,0xAE,0x21,0xAE,0x21,
    0xAE,0x21,0x25,0x08,0x25,0x08,0xAE,0x21,0xAE,0x21,0xAE,0x21,0x25,0x08,0x25,0x08,
    0x25,0x08,0x25,0x08,0x25,0x08,0x25,0x08,0x25,0x08,0x25,0x08,0x25,0x08,0x25,0x08,
    0x25,0x08,0x25,0x08,0x25,0x08,0x25,0x08,0x25,0x08,0x25,0x08,0x25,0x08,0xAE,0x21,
    0xAE,0x21,0xAE,0x21,0x25,0x08,0x25,0x08,0xAE,0x21,0xAE,0x21,0xAE,0x21,0x25,0x08,
    0x25,0x08,0x25,0x08,0x25,0x08,0x25,0x08,0x25,0x08,0x25,0x08,0x25,0x08,0x25,0x08,
    0x25,0x08,0x25,0x08,0x25,0x08,0x25,0x08,0x25,0x08,0x25,0x08,0x25,0x08,0x25,0x08,
    0xAE,0x21,0xAE,0x21,0xAE,0x21,0x25,0x08,0x25,0x08,0xAE,0x21,0xAE,0x21,0xAE,0x21,
    0x25,0x08,0x25,0x08,0x25,0x08,0x25,0x08,0x25,0x08,0x25,0x08,0x25,0x08,0x25,0x08,
    0x25,0x08,0x25,0x08,0x25,0x08,0x25,0x08,0x25,0x08,0x25,0x08,0x25,0x08,0x25,0x08,
    0x25,0x08,0x25,0x08,0x25,0x08,0x25,0x08,0xAE,0x21,0xAE,0x21,0x25,0x08,0x25,0x08,
    0x25,0x08,0x25,0x08,0x25,0x08,0x25,0x08,0x25,0x08,0x25,0x08,0x25,0x08,0x25,0x08,
    0x25,0x08,0x25,0x08,0x25,0x08,0x25,0x08,0x25,0x08,0x25,0x08,0x25,0x08,0x25,0x08,
    0x25,0x08,0x25,0x08,0x25,0x08,0x25,0x08,0x25,0x08,0xAE,0x21,0xAE,0x21,0x25,0x08,
    0x25,0x08,0x25,0x08,0x25,0x08,0x25,0x08,0x25,0x08,0x25,0x08,0x25,0x08,0x25,0x08,
    0x25,0x08,0x25,0x08,0x25,0x08,0x25,0x08,0x25,0x08,0x25,0x08,0x25,0x08,0x25,0x08,
    0x25,0x08,0x25,0x08,0x25,0x08,0x25,0x08,0xAE,0x21,0xAE,0x21,0xAE,0x21,0xAE,0x21,
    0xAE,0x21,0x25,0x08,0x25,0x08,0x25,0x08,0x25,0x08,0x25,0x08,0x25,0x08,0x25,0x08,
    0x25,0x08,0x25,0x08,0x25,0x08,0x25,0x08,0x25,0x08,0x25,0x08,0x25,0x08,0x25,0x08,
    0x25,0x08,0x25,0x08,0x25,0x08,0x25,0x08,0x25,0x08,0xAE,0x21,0xAE,0x21,0xAE,0x21,
    0xAE,0x21,0xAE,0x21,0x25,0x08,0x25,0x08,0x25,0x08,0x25,0x08,0x25,0x08,0x25,0x08,
    0x25,0x08,0x25,0x08,0x25,0x08,0x25,0x08,0x25,0x08,0x25,0x08,0x25,0x08,0x25,0x08,
    0x25,0x08,0x25,0x08,0x25,0x08,0x25,0x08,0x25,0x08,0x25,0x08,0xAE,0x21,0xAE,0x21,
    0xAE,0x21,0xAE,0x21,0xAE,0x21,0x25,0x08,0x25,0x08,0x25,0x08,0x25,0x08,0x25,0x08,
    0x25,0x08,0x25,0x08,0x25,0x08,0x25,0x08,0x25,0x08,0x25,0x08,0x25,0x08,0x25,0x08,
    0x25,0x08,0x25,0x08,0x25,0x08,0x25,0x08,0x25,0x08,0x25,0x08,0x25,0x08,0x25,0x08,
    0x25,0x08,0xAE,0x21,0xAE,0x21,0x25,0x08,0x25,0x08,0x25,0x08,0x25,0x08,0x25,0x08,
    0x25,0x08,0x25,0x08,0x25,0x08,0x25,0x08,0x25,0x08,0x25,0x08,0x25,0x08,0x25,0x08,
    0x25,0x08,0x25,0x08,0x25,0x08,0x25,0x08,0x25,0x08,0x25,0x08,0x25,0x08,0x25,0x08,
    0x25,0x08,0x25,0x08,0xAE,0x21,0xAE,0x21,0x25,0x08,0x25,0x08,0x25,0x08,0x25,0x08,
    0x25,0x08,0x25,0x08,0x25,0x08,0x25,0x08,0x25,0x08,0x25,0x08,0x25,0x08,0x25,0x08,
    0x25,0x08,0x25,0x08,0x25,0x08,0x25,0x08,0x25,0x08,0x25,0x08,0x25,0x08,0x25,0x08,
    0xAE,0x21,0xAE,0x21,0xAE,0x21,0x25,0x08,0x25,0x08,0xAE,0x21,0xAE,0x21,0xAE,0x21,
    0x25,0x08,0x25,0x08,0x25,0x08,0x25,0x08,0x25,0x08,0x25,0x08,0x25,0x08,0x25,0x08,
    0x25,0x08,0x25,0x08,0x25,0x08,0x25,0x08,0x25,0x08,0x25,0x08,0x25,0x08,0x25,0x08,
    0x25,0x08,0xAE,0x21,0xAE,0x21,0xAE,0x21,0x25,0x08,0x25,0x08,0xAE,0x21,0xAE,0x21,
    0xAE,0x21,0x25,0x08,0x25,0x08,0x25,0x08,0x25,0x08,0x25,0x08,0x25,0x08,0x25,0x08,
    0x25,0x08,0x25,0x08,0x25,0x08,0x25,0x08,0x25,0x08,0x25,0x08,0x25,0x08,0x25,0x08,
    0x25,0x08,0x25,0x08,0xAE,0x21,0xAE,0x21,0xAE,0x21,0x25,0x08,0x25,0x08,0xAE,0x21,
    0xAE,0x21,0xAE,0x21,0x25,0x08,0x25,0x08,0x25,0x08,0x25,0x08,0x25,0x08,0x25,0x08,
    0x25,0x08,0x25,0x08,0x25,0x08,0x25,0x08,0x25,0x08,0x25,0x08,0x25,0x08,0x25,0x08,
    0x25,0x08,0x25,0x08,0x25,0x08,0xAE,0x21,0xAE,0x21,0xAE,0x21,0x25,0x08,0x25,0x08,
    0xAE,0x21,0xAE,0x21,0xAE,0x21,0x25,0x08,0x25,0x08,0x25,0x08,0x25,0x08,0x25,0x08,
    0x25,0x08,0x25,0x08,0x25,0x08,0x25,0x08,0x25,0x08,0x25,0x08,0x25,0x08,0x25,0x08,
    0x25,0x08,0x25,0x08,0x25,0x08,0x25,0x08,0xAE,0x21,0xAE,0x21,0xAE,0x21,0xAE,0x21,
    0xAE,0x21,0xAE,0x21,0xAE,0x21,0xAE,0x21,0x25,0x08,0x25,0x08,0x25,0x08,0x25,0x08,
    0x25,0x08,0x25,0x08,0x25,0x08,0x25,0x08,0x25,0x08,0x25,0x08,0x25,0x08,0x25,0x08,
    0x25,0x08,0x25,0x08,0x25,0x08,0x25,0x08,0x25,0x08,0xAE,0x21,0xAE,0x21,0xAE,0x21,
    0xAE,0x21,0xAE,0x21,0xAE,0x21,0xAE,0x21,0xAE,0x21,0x25,0x08,0x25,0x08,0x25,0x08,
    0x25,0x08,0x25,0x08,0x25,0x08,0x25,0x08,0x25,0x08,0x25,0x08,0x25,0x08,0x25,0x08,
    0x25,0x08,0x25,0x08,0x25,0x08,0x25,0x08,0x25,0x08,0x25,0x08,0x25,0x08,0xAE,0x21,
    0xAE,0x21,0xAE,0x21,0xAE,0x21,0xAE,0x21,0x25,0x08,0x25,0x08,0x25,0x08,0x25,0x08,
    0x25,0x08,0x25,0x08,0x25,0x08,0x25,0x08,0x25,0x08,0x25,0x08,0x25,0x08,0x25,0x08,
    0x25,0x08,0x25,0x08,0x25,0x08,0x25,0x08,0x25,0x08,0x25,0x08,0x25,0x08,0x25,0x08,
    0x25,0x08,0x25,0x08,0x25,0x08,0x25,0x08,0x25,0x08,0x25,0x08,0x25,0x08,0x25,0x08,
    0x25,0x08,0x25,0x08,0x25,0x08,0x25,0x08,0x25,0x08,0x25,0x08,0x25,0x08,0x25,0x08,
    0x25,0x08,0x25,0x08,0x25,0x08,0x25,0x08,0x25,0x08,0x25,0x08,0x25,0x08,0x25,0x08,
    0x25,0x08,0x25,0x08,0x25,0x08,0x25,0x08,0x25,0x08,0x25,0x08,0x25,0x08,0x25,0x08,
    0x25,0x08,0x25,0x08,0x25,0x08,0x25,0x08,0x25,0x08,0x25,0x08,0x25,0x08,0x25,0x08,
    0x25,0x08,0xFF,0xFF,0xFF,0xFF,0xFF,0xFF,0xFF,0xFF,0xFF,0xFF,0xFF,0xFF,0xFF,0xFF,
    0xFF,0xFF,0xFF,0xFF,0xFF,0xFF,0xFF,0xFF,0xFF,0xFF,0xFF,0xFF,0xFF,0xFF,0xFF,0xFF,
    0xFF,0xFF,0xFF,0xFF,0xFF,0xFF,0xFF,0xFF,0xFF,0xFF,0xFF,0xFF,0xFF,0xFF,0xFF,0xFF,
    0xFF,0xFF,0xFF,0xFF,0xFF,0xFF,0xFF,0xFF,0xFF,0xFF,0xFF,0xFF,0xFF,0xFF,0xFF,0xFF,
    0xFF,0xFF,0xFF,0xFF,0xFF,0xFF,0xFF,0xFF,0xFF,0xFF,0xFF,0xFF,0xFF,0xFF,0xFF,0xFF,
    0xFF,0xFF,0xFF,0xFF,0xFF,0xFF,0xFF,0xFF,0xFF,0xFF,0xFF,0xFF,0xFF,0xFF,0xFF,0xFF,
    0xFF,0xFF,0xFF,0xFF,0xFF,0xFF,0xFF,0xFF,0xFF,0xFF,0xFF,0xFF,0xFF,0xFF,0xFF,0xFF,
    0xFF,0xFF,0xFF,0xFF,0xFF,0xFF,0xFF,0xFF,0xFF,0xFF,0xFF,0xFF,0xFF,0xFF,0xFF,0xFF,
    0xFF,0xFF,0xFF,0xFF,0xFF,0xFF,0xFF,0xFF,0xFF,0xFF,0xFF,0xFF,0xFF,0xFF,0xFF,0xFF,
    0xFF,0xFF,0xFF,0xFF,0xFF,0xFF,0xFF,0xFF,0xFF,0xFF,0xFF,0xFF,0xFF,0xFF,0xFF,0xFF,
    0xFF,0xFF,0xFF,0xFF,0xFF,0xFF,0xFF,0xFF,0xFF,0xFF,0xFF,0xFF,0xFF,0xFF,0xFF,0xFF,
    0xFF,0xFF,0xFF,0xFF,0xFF,0xFF,0xFF,0xFF,0xFF,0xFF,0xFF,0xFF,0xFF,0xFF,0xFF,0xFF,
    0xFF,0xFF,0xFF,0xFF,0xFF,0xFF,0xFF,0xFF,0xFF,0xFF,0xFF,0xFF,0xFF,0xFF,0xFF,0xFF,
    0xFF,0xFF,0xFF,0xFF,0xFF,0xFF,0xFF,0xFF,0xFF,0xFF,0xFF,0xFF,0xFF,0xFF,0xFF,0xFF,
    0xFF,0xFF,0xFF,0xFF,0xFF,0xFF,0xFF,0xFF,0xFF,0xFF,0xFF,0xFF,0xFF,0xFF,0xFF,0xFF,
    0xFF,0xFF,0xFF,0xFF,0xFF,0xFF,0xFF,0xFF,0xFF,0xFF,0xFF,0xFF,0xFF,0xFF,0xFF,0xFF,
    0xFF,0xFF,0xFF,0xFF,0xFF,0xFF,0xFF,0xFF,0xFF,0xFF,0xFF,0xFF,0xFF,0xFF,0xFF,0xFF,
    0xFF,0xFF,0xFF,0xFF,0xFF,0xFF,0xFF,0xFF,0xFF,0xFF,0xFF,0xFF,0xFF,0xFF,0xFF,0xFF,
    0xFF,0xFF,0xFF,0xFF,0xFF,0xFF,0xFF,0xFF,0xFF,0xFF,0xFF,0xFF,0xFF,0xFF,0xFF,0xFF,
    0xFF,0xFF,0xFF,0xFF,0xFF,0xFF,0xFF,0xFF,0xFF,0xFF,0xFF,0xFF,0xFF,0xFF,0xFF,0xFF,
    0xFF,0xFF,0xFF,0xFF,0xFF,0xFF,0xFF,0xFF,0xFF,0xFF,0xFF,0xFF,0xFF,0xFF,0xFF,0xFF,
    0xFF,0xFF,0xFF,0xFF,0xFF,0xFF,0xFF,0xFF,0xFF,0xFF,0xFF,0xFF,0xFF,0xFF,0xFF,0xFF,
    0xFF,0xFF,0xFF,0xFF,0xFF,0xFF,0xFF,0xFF,0xFF,0xFF,0xFF,0xFF,0xFF,0xFF,0xFF,0xFF,
    0xFF,0xFF,0xFF,0xFF,0xFF,0xFF,0xFF,0xFF,0xFF,0xFF,0xFF,0xFF,0xFF,0xFF,0xFF,0xFF,
    0xFF,0xFF,0xFF,0xFF,0xFF,0xFF,0xFF,0xFF,0xFF,0xFF,0xFF,0xFF,0xFF,0xFF,0xFF,0xFF,
    0xFF,0xFF,0xFF,0xFF,0xFF,0xFF,0xFF,0xFF,0xFF,0xFF,0xFF,0xFF,0xFF,0xFF,0xFF,0xFF,
    0xFF,0xFF,0xFF,0xFF,0xFF,0xFF,0xFF,0xFF,0xFF,0xFF,0xFF,0xFF,0xFF,0xFF,0xFF,0xFF,
    0xFF,0xFF,0xFF,0xFF,0xFF,0xFF,0xFF,0xFF,0xFF,0xFF,0xFF,0xFF,0xFF,0xFF,0xFF,0xFF,
    0xFF,0xFF,0xFF,0xFF,0xFF,0xFF,0xFF,0xFF,0xFF,0xFF,0xFF,0xFF,0xFF,0xFF,0xFF,0xFF,
    0xFF,0xFF,0xFF,0xFF,0xFF,0xFF,0xFF,0xFF,0xFF,0xFF,0xFF,0xFF,0xFF,0xFF,0xFF,0xFF,
    0xFF,0xFF,0xFF,0xFF,0xFF,0xFF,0xFF,0xFF,0xFF,0xFF,0xFF,0xFF,0xFF,0xFF,0xFF,0xFF,
    0xFF,0xFF,0xFF,0xFF,0xFF,0xFF,0xFF,0xFF,0xFF,0xFF,0xFF,0xFF,0xFF,0xFF,0xFF,0xFF,
    0xFF,0xFF,0xFF,0xFF,0xFF,0xFF,0xFF,0xFF,0xFF,0xFF,0xFF,0xFF,0xFF,0xFF,0xFF,0xFF,
    0xFF,0xFF,0xFF,0xFF,0xFF,0xFF,0xFF,0xFF,0xFF,0xFF,0xFF,0xFF,0xFF,0xFF,0xFF,0xFF,
    0xFF,0xFF,0xFF,0xFF,0xFF,0xFF,0xFF,0xFF,0xFF,0xFF,0xFF,0xFF,0xFF,0xFF,0xFF,0xFF,
    0xFF,0xFF,0xFF,0xFF,0xFF,0xFF,0xFF,0xFF,0xFF,0xFF,0xFF,0xFF,0xFF,0xFF,0xFF,0xFF,
    0xFF,0xFF,0xFF,0xFF,0xFF,0xFF,0xFF,0xFF,0xFF,0xFF,0xFF,0xFF,0xFF,0xFF,0xFF,0xFF,
    0xFF,0xFF,0xFF,0xFF,0xFF,0xFF,0xFF,0xFF,0xFF,0xFF,0xFF,0xFF,0xFF,0xFF,0xFF,0xFF,
    0xFF,0xFF,0xFF,0xFF,0xFF,0xFF,0xFF,0xFF,0xFF,0xFF,0xFF,0xFF,0xFF,0xFF,0xFF,0xFF,
    0xFF,0xFF,0xFF,
};
const lv_image_dsc_t ui_img_jump_prince_tile_1_5 = {
    .header.w = 25,
    .header.h = 25,
    .data_size = sizeof(ui_img_jump_prince_tile_1_5_data),
    .header.cf = LV_COLOR_FORMAT_NATIVE_WITH_ALPHA,
    .header.magic = LV_IMAGE_HEADER_MAGIC,
    .data = ui_img_jump_prince_tile_1_5_data
};

const LV_ATTRIBUTE_MEM_ALIGN uint8_t ui_img_jump_prince_tile_2_5_data[] = {
    0x25,0x08,0x25,0x08,0x25,0x08,0xAE,0x21,0xAE,0x21,0xAE,0x21,0x25,0x08,0x25,0x08,
    0x25,0x08,0x25,0x08,0x25,0x08,0x25,0x08,0x25,0x08,0x25,0x08,0x25,0x08,0x25,0x08,
    0x25,0x08,0x25,0x08,0x25,0x08,0x25,0x08,0x25,0x08,0x25,0x08,0x25,0x08,0x25,0x08,
    0x25,0x08,0x25,0x08,0x25,0x08,0x25,0x08,0xAE,0x21,0xAE,0x21,0xAE,0x21,0x25,0x08,
    0x25,0x08,0x25,0x08,0x25,0x08,0x25,0x08,0x25,0x08,0x25,0x08,0x25,0x08,0x25,0x08,
    0x25,0x08,0x25,0x08,0x25,0x08,0x25,0x08,0x25,0x08,0x25,0x08,0x25,0x08,0x25,0x08,
    0x25,0x08,0x25,0x08,0x25,0x08,0x25,0x08,0x25,0x08,0xAE,0x21,0xAE,0x21,0xAE,0x21,
    0x25,0x08,0x25,0x08,0x25,0x08,0x25,0x08,0x25,0x08,0x25,0x08,0x25,0x08,0x25,0x08,
    0x25,0x08,0x25,0x08,0x25,0x08,0x25,0x08,0x25,0x08,0x25,0x08,0x25,0x08,0x25,0x08,
    0x25,0x08,0x25,0x08,0x25,0x08,0x25,0x08,0x25,0x08,0x25,0x08,0xAE,0x21,0xAE,0x21,
    0xAE,0x21,0x25,0x08,0x25,0x08,0x25,0x08,0x25,0x08,0x25,0x08,0x25,0x08,0x25,0x08,
    0x25,0x08,0x25,0x08,0x25,0x08,0x25,0x08,0x25,0x08,0x25,0x08,0x25,0x08,0x25,0x08,
    0x25,0x08,0x25,0x08,0x25,0x08,0x25,0x08,0x25,0x08,0x25,0x08,0x25,0x08,0xAE,0x21,
    0xAE,0x21,0xAE,0x21,0x25,0x08,0x25,0x08,0x25,0x08,0x25,0x08,0x25,0x08,0x25,0x08,
    0x25,0x08,0x25,0x08,0x25,0x08,0x25,0x08,0x25,0x08,0x25,0x08,0x25,0x08,0x25,0x08,
    0x25,0x08,0x25,0x08,0x25,0x08,0x25,0x08,0x25,0x08,0x25,0x08,0x25,0x08,0x25,0x08,
    0xAE,0x21,0xAE,0x21,0xAE,0x21,0x25,0x08,0x25,0x08,0x25,0x08,0x25,0x08,0x25,0x08,
    0x25,0x08,0x25,0x08,0x25,0x08,0x25,0x08,0x25,0x08,0x25,0x08,0x25,0x08,0x25,0x08,
    0x25,0x08,0x25,0x08,0x25,0x08,0x25,0x08,0x25,0x08,0x25,0x08,0x25,0x08,0x25,0x08,
    0x25,0x08,0xAE,0x21,0xAE,0x21,0xAE,0x21,0x25,0x08,0x25,0x08,0x25,0x08,0x25,0x08,
    0x25,0x08,0x25,0x08,0x25,0x08,0x25,0x08,0x25,0x08,0x25,0x08,0x25,0x08,0x25,0x08,
    0x25,0x08,0x25,0x08,0x25,0x08,0x25,0x08,0x25,0x08,0x25,0x08,0x25,0x08,0x25,0x08,
    0x25,0x08,0x25,0x08,0xAE,0x21,0xAE,0x21,0xAE,0x21,0x25,0x08,0x25,0x08,0x25,0x08,
    0x25,0x08,0x25,0x08,0x25,0x08,0x25,0x08,0x25,0x08,0x25,0x08,0x25,0x08,0x25,0x08,
    0x25,0x08,0x25,0x08,0x25,0x08,0x25,0x08,0x25,0x08,0x25,0x08,0x25,0x08,0x25,0x08,
    0x25,0x08,0x25,0x08,0x25,0x08,0xAE,0x21,0xAE,0x21,0xAE,0x21,0x25,0x08,0x25,0x08,
    0x25,0x08,0x25,0x08,0x25,0x08,0x25,0x08,0x25,0x08,0x25,0x08,0x25,0x08,0x25,0x08,
    0x25,0x08,0x25,0x08,0x25,0x08,0x25,0x08,0x25,0x08,0x25,0x08,0x25,0x08,0x25,0x08,
    0x25,0x08,0x25,0x08,0x25,0x08,0x25,0x08,0xAE,0x21,0xAE,0x21,0xAE,0x21,0x25,0x08,
    0x25,0x08,0x25,0x08,0x25,0x08,0x25,0x08,0x25,0x08,0x25,0x08,0x25,0x08,0x25,0x08,
    0x25,0x08,0x25,0x08,0x25,0x08,0x25,0x08,0x25,0x08,0x25,0x08,0x25,0x08,0x25,0x08,
    0x25,0x08,0x25,0x08,0x25,0x08,0x25,0x08,0x25,0x08,0xAE,0x21,0xAE,0x21,0xAE,0x21,
    0x25,0x08,0x25,0x08,0x25,0x08,0x25,0x08,0x25,0x08,0x25,0x08,0x25,0x08,0x25,0x08,
    0x25,0x08,0x25,0x08,0x25,0x08,0x25,0x08,0x25,0x08,0x25,0x08,0x25,0x08,0x25,0x08,
    0x25,0x08,0x25,0x08,0x25,0x08,0x25,0x08,0x25,0x08,0x25,0x08,0xAE,0x21,0xAE,0x21,
    0xAE,0x21,0x25,0x08,0x25,0x08,0x25,0x08,0x25,0x08,0x25,0x08,0x25,0x08,0x25,0x08,
    0x25,0x08,0x25,0x08,0x25,0x08,0x25,0x08,0x25,0x08,0x25,0x08,0x25,0x08,0x25,0x08,
    0x25,0x08,0x25,0x08,0x25,0x08,0x25,0x08,0x25,0x08,0x25,0x08,0x25,0x08,0xAE,0x21,
    0xAE,0x21,0xAE,0x21,0x25,0x08,0x25,0x08,0x25,0x08,0x25,0x08,0x25,0x08,0x25,0x08,
    0x25,0x08,0x25,0x08,0x25,0x08,0x25,0x08,0x25,0x08,0x25,0x08,0x25,0x08,0x25,0x08,
    0x25,0x08,0x25,0x08,0x25,0x08,0x25,0x08,0x25,0x08,0x25,0x08,0x25,0x08,0x25,0x08,
    0xAE,0x21,0xAE,0x21,0x25,0x08,0x25,0x08,0x25,0x08,0x25,0x08,0x25,0x08,0x25,0x08,
    0x25,0x08,0x25,0x08,0x25,0x08,0x25,0x08,0x25,0x08,0x25,0x08,0x25,0x08,0x25,0x08,
    0x25,0x08,0x25,0x08,0x25,0x08,0x25,0x08,0x25,0x08,0x25,0x08,0x25,0x08,0x25,0x08,
    0x25,0x08,0xAE,0x21,0xAE,0x21,0xAE,0x21,0x25,0x08,0x25,0x08,0x25,0x08,0x25,0x08,
    0x25,0x08,0x25,0x08,0x25,0x08,0x25,0x08,0x25,0x08,0x25,0x08,0x25,0x08,0x25,0x08,
    0x25,0x08,0x25,0x08,0x25,0x08,0x25,0x08,0x25,0x08,0x25,0x08,0x25,0x08,0x25,0x08,
    0x25,0x08,0x25,0x08,0xAE,0x21,0xAE,0x21,0xAE,0x21,0x25,0x08,0x25,0x08,0x25,0x08,
    0x25,0x08,0x25,0x08,0x25,0x08,0x25,0x08,0x25,0x08,0x25,0x08,0x25,0x08,0x25,0x08,
    0x25,0x08,0x25,0x08,0x25,0x08,0x25,0x08,0x25,0x08,0x25,0x08,0x25,0x08,0x25,0x08,
    0x25,0x08,0x25,0x08,0x25,0x08,0xAE,0x21,0xAE,0x21,0xAE,0x21,0x25,0x08,0x25,0x08,
    0x25,0x08,0x25,0x08,0x25,0x08,0x25,0x08,0x25,0x08,0x25,0x08,0x25,0x08,0x25,0x08,
    0x25,0x08,0x25,0x08,0x25,0x08,0x25,0x08,0x25,0x08,0x25,0x08,0x25,0x08,0x25,0x08,
    0x25,0x08,0x25,0x08,0x25,0x08,0x31,0x34,0x31,0x34,0x31,0x34,0x31,0x34,0x31,0x34,
    0x31,0x34,0xAE,0x21,0xAE,0x21,0xAE,0x21,0x31,0x34,0x31,0x34,0x31,0x34,0x31,0x34,
    0x31,0x34,0x31,0x34,0x31,0x34,0x31,0x34,0x31,0x34,0x31,0x34,0x31,0x34,0x31,0x34,
    0x31,0x34,0x31,0x34,0x25,0x08,0x25,0x08,0x31,0x34,0x31,0x34,0x31,0x34,0x31,0x34,
    0x31,0x34,0x31,0x34,0xAE,0x21,0xAE,0x21,0xAE,0x21,0x31,0x34,0x31,0x34,0x31,0x34,
    0x31,0x34,0x31,0x34,0x31,0x34,0x31,0x34,0x31,0x34,0x31,0x34,0x31,0x34,0x31,0x34,
    0x31,0x34,0x31,0x34,0x31,0x34,0x25,0x08,0x25,0x08,0xAE,0x21,0xAE,0x21,0xAE,0x21,
    0xAE,0x21,0xAE,0x21,0xAE,0x21,0xAE,0x21,0xAE,0x21,0xAE,0x21,0xAE,0x21,0xAE,0x21,
    0x31,0x34,0x31,0x34,0x31,0x34,0x31,0x34,0x31,0x34,0x31,0x34,0x31,0x34,0x31,0x34,
    0x31,0x34,0x31,0x34,0x31,0x34,0x31,0x34,0x25,0x08,0x25,0x08,0x25,0x08,0xAE,0x21,
    0xAE,0x21,0xAE,0x21,0xAE,0x21,0xAE,0x21,0xAE,0x21,0x25,0x08,0x25,0x08,0xAE,0x21,
    0xAE,0x21,0xAE,0x21,0xAE,0x21,0xAE,0x21,0xAE,0x21,0xAE,0x21,0xAE,0x21,0xAE,0x21,
    0xAE,0x21,0xAE,0x21,0xAE,0x21,0xAE,0x21,0xAE,0x21,0x25,0x08,0x25,0x08,0x25,0x08,
    0xAE,0x21,0xAE,0x21,0xAE,0x21,0xAE,0x21,0xAE,0x21,0xAE,0x21,0x25,0x08,0x25,0x08,
    0xAE,0x21,0xAE,0x21,0xAE,0x21,0xAE,0x21,0xAE,0x21,0xAE,0x21,0xAE,0x21,0xAE,0x21,
    0xAE,0x21,0xAE,0x21,0xAE,0x21,0xAE,0x21,0xAE,0x21,0xAE,0x21,0x25,0x08,0x25,0x08,
    0x25,0x08,0x25,0x08,0x25,0x08,0x25,0x08,0x25,0x08,0x25,0x08,0x25,0x08,0x25,0x08,
    0x25,0x08,0xAE,0x21,0xAE,0x21,0xAE,0x21,0xAE,0x21,0xAE,0x21,0xAE,0x21,0xAE,0x21,
    0xAE,0x21,0xAE,0x21,0xAE,0x21,0xAE,0x21,0xAE,0x21,0xAE,0x21,0xAE,0x21,0x25,0x08,
    0x25,0x08,0x25,0x08,0x25,0x08,0x25,0x08,0x25,0x08,0x25,0x08,0x25,0x08,0x25,0x08,
    0x25,0x08,0x25,0x08,0x25,0x08,0x25,0x08,0x25,0x08,0x25,0x08,0x25,0x08,0x25,0x08,
    0x25,0x08,0x25,0x08,0x25,0x08,0x25,0x08,0x25,0x08,0x25,0x08,0x25,0x08,0x25,0x08,
    0x25,0x08,0x25,0x08,0x25,0x08,0x25,0x08,0x25,0x08,0x25,0x08,0x25,0x08,0x25,0x08,
    0x25,0x08,0x25,0x08,0x25,0x08,0x25,0x08,0x25,0x08,0x25,0x08,0x25,0x08,0x25,0x08,
    0x25,0x08,0x25,0x08,0x25,0x08,0x25,0x08,0x25,0x08,0x25,0x08,0x25,0x08,0x25,0x08,
    0x25,0x08,0xFF,0xFF,0xFF,0xFF,0xFF,0xFF,0xFF,0xFF,0xFF,0xFF,0xFF,0xFF,0xFF,0xFF,
    0xFF,0xFF,0xFF,0xFF,0xFF,0xFF,0xFF,0xFF,0xFF,0xFF,0xFF,0xFF,0xFF,0xFF,0xFF,0xFF,
    0xFF,0xFF,0xFF,0xFF,0xFF,0xFF,0xFF,0xFF,0xFF,0xFF,0xFF,0xFF,0xFF,0xFF,0xFF,0xFF,
    0xFF,0xFF,0xFF,0xFF,0xFF,0xFF,0xFF,0xFF,0xFF,0xFF,0xFF,0xFF,0xFF,0xFF,0xFF,0xFF,
    0xFF,0xFF,0xFF,0xFF,0xFF,0xFF,0xFF,0xFF,0xFF,0xFF,0xFF,0xFF,0xFF,0xFF,0xFF,0xFF,
    0xFF,0xFF,0xFF,0xFF,0xFF,0xFF,0xFF,0xFF,0xFF,0xFF,0xFF,0xFF,0xFF,0xFF,0xFF,0xFF,
    0xFF,0xFF,0xFF,0xFF,0xFF,0xFF,0xFF,0xFF,0xFF,0xFF,0xFF,0xFF,0xFF,0xFF,0xFF,0xFF,
    0xFF,0xFF,0xFF,0xFF,0xFF,0xFF,0xFF,0xFF,0xFF,0xFF,0xFF,0xFF,0xFF,0xFF,0xFF,0xFF,
    0xFF,0xFF,0xFF,0xFF,0xFF,0xFF,0xFF,0xFF,0xFF,0xFF,0xFF,0xFF,0xFF,0xFF,0xFF,0xFF,
    0xFF,0xFF,0xFF,0xFF,0xFF,0xFF,0xFF,0xFF,0xFF,0xFF,0xFF,0xFF,0xFF,0xFF,0xFF,0xFF,
    0xFF,0xFF,0xFF,0xFF,0xFF,0xFF,0xFF,0xFF,0xFF,0xFF,0xFF,0xFF,0xFF,0xFF,0xFF,0xFF,
    0xFF,0xFF,0xFF,0xFF,0xFF,0xFF,0xFF,0xFF,0xFF,0xFF,0xFF,0xFF,0xFF,0xFF,0xFF,0xFF,
    0xFF,0xFF,0xFF,0xFF,0xFF,0xFF,0xFF,0xFF,0xFF,0xFF,0xFF,0xFF,0xFF,0xFF,0xFF,0xFF,
    0xFF,0xFF,0xFF,0xFF,0xFF,0xFF,0xFF,0xFF,0xFF,0xFF,0xFF,0xFF,0xFF,0xFF,0xFF,0xFF,
    0xFF,0xFF,0xFF,0xFF,0xFF,0xFF,0xFF,0xFF,0xFF,0xFF,0xFF,0xFF,0xFF,0xFF,0xFF,0xFF,
    0xFF,0xFF,0xFF,0xFF,0xFF,0xFF,0xFF,0xFF,0xFF,0xFF,0xFF,0xFF,0xFF,0xFF,0xFF,0xFF,
    0xFF,0xFF,0xFF,0xFF,0xFF,0xFF,0xFF,0xFF,0xFF,0xFF,0xFF,0xFF,0xFF,0xFF,0xFF,0xFF,
    0xFF,0xFF,0xFF,0xFF,0xFF,0xFF,0xFF,0xFF,0xFF,0xFF,0xFF,0xFF,0xFF,0xFF,0xFF,0xFF,
    0xFF,0xFF,0xFF,0xFF,0xFF,0xFF,0xFF,0xFF,0xFF,0xFF,0xFF,0xFF,0xFF,0xFF,0xFF,0xFF,
    0xFF,0xFF,0xFF,0xFF,0xFF,0xFF,0xFF,0xFF,0xFF,0xFF,0xFF,0xFF,0xFF,0xFF,0xFF,0xFF,
    0xFF,0xFF,0xFF,0xFF,0xFF,0xFF,0xFF,0xFF,0xFF,0xFF,0xFF,0xFF,0xFF,0xFF,0xFF,0xFF,
    0xFF,0xFF,0xFF,0xFF,0xFF,0xFF,0xFF,0xFF,0xFF,0xFF,0xFF,0xFF,0xFF,0xFF,0xFF,0xFF,
    0xFF,0xFF,0xFF,0xFF,0xFF,0xFF,0xFF,0xFF,0xFF,0xFF,0xFF,0xFF,0xFF,0xFF,0xFF,0xFF,
    0xFF,0xFF,0xFF,0xFF,0xFF,0xFF,0xFF,0xFF,0xFF,0xFF,0xFF,0xFF,0xFF,0xFF,0xFF,0xFF,
    0xFF,0xFF,0xFF,0xFF,0xFF,0xFF,0xFF,0xFF,0xFF,0xFF,0xFF,0xFF,0xFF,0xFF,0xFF,0xFF,
    0xFF,0xFF,0xFF,0xFF,0xFF,0xFF,0xFF,0xFF,0xFF,0xFF,0xFF,0xFF,0xFF,0xFF,0xFF,0xFF,
    0xFF,0xFF,0xFF,0xFF,0xFF,0xFF,0xFF,0xFF,0xFF,0xFF,0xFF,0xFF,0xFF,0xFF,0xFF,0xFF,
    0xFF,0xFF,0xFF,0xFF,0xFF,0xFF,0xFF,0xFF,0xFF,0xFF,0xFF,0xFF,0xFF,0xFF,0xFF,0xFF,
    0xFF,0xFF,0xFF,0xFF,0xFF,0xFF,0xFF,0xFF,0xFF,0xFF,0xFF,0xFF,0xFF,0xFF,0xFF,0xFF,
    0xFF,0xFF,0xFF,0xFF,0xFF,0xFF,0xFF,0xFF,0xFF,0xFF,0xFF,0xFF,0xFF,0xFF,0xFF,0xFF,
    0xFF,0xFF,0xFF,0xFF,0xFF,0xFF,0xFF,0xFF,0xFF,0xFF,0xFF,0xFF,0xFF,0xFF,0xFF,0xFF,
    0xFF,0xFF,0xFF,0xFF,0xFF,0xFF,0xFF,0xFF,0xFF,0xFF,0xFF,0xFF,0xFF,0xFF,0xFF,0xFF,
    0xFF,0xFF,0xFF,0xFF,0xFF,0xFF,0xFF,0xFF,0xFF,0xFF,0xFF,0xFF,0xFF,0xFF,0xFF,0xFF,
    0xFF,0xFF,0xFF,0xFF,0xFF,0xFF,0xFF,0xFF,0xFF,0xFF,0xFF,0xFF,0xFF,0xFF,0xFF,0xFF,
    0xFF,0xFF,0xFF,0xFF,0xFF,0xFF,0xFF,0xFF,0xFF,0xFF,0xFF,0xFF,0xFF,0xFF,0xFF,0xFF,
    0xFF,0xFF,0xFF,0xFF,0xFF,0xFF,0xFF,0xFF,0xFF,0xFF,0xFF,0xFF,0xFF,0xFF,0xFF,0xFF,
    0xFF,0xFF,0xFF,0xFF,0xFF,0xFF,0xFF,0xFF,0xFF,0xFF,0xFF,0xFF,0xFF,0xFF,0xFF,0xFF,
    0xFF,0xFF,0xFF,0xFF,0xFF,0xFF,0xFF,0xFF,0xFF,0xFF,0xFF,0xFF,0xFF,0xFF,0xFF,0xFF,
    0xFF,0xFF,0xFF,0xFF,0xFF,0xFF,0xFF,0xFF,0xFF,0xFF,0xFF,0xFF,0xFF,0xFF,0xFF,0xFF,
    0xFF,0xFF,0xFF,
};
const lv_image_dsc_t ui_img_jump_prince_tile_2_5 = {
    .header.w = 25,
    .header.h = 25,
    .data_size = sizeof(ui_img_jump_prince_tile_2_5_data),
    .header.cf = LV_COLOR_FORMAT_NATIVE_WITH_ALPHA,
    .header.magic = LV_IMAGE_HEADER_MAGIC,
    .data = ui_img_jump_prince_tile_2_5_data
};

const LV_ATTRIBUTE_MEM_ALIGN uint8_t ui_img_jump_prince_tile_3_5_data[] = {
    0x25,0x08,0x25,0x08,0x25,0x08,0x25,0x08,0x25,0x08,0x25,0x08,0x25,0x08,0x25,0x08,
    0x25,0x08,0x25,0x08,0x25,0x08,0x25,0x08,0x25,0x08,0x25,0x08,0x25,0x08,0x25,0x08,
    0x25,0x08,0x25,0x08,0x25,0x08,0xAE,0x21,0xAE,0x21,0xAE,0x21,0x25,0x08,0x25,0x08,
    0x25,0x08,0x25,0x08,0x25,0x08,0x25,0x08,0x25,0x08,0x25,0x08,0x25,0x08,0x25,0x08,
    0x25,0x08,0x25,0x08,0x25,0x08,0x25,0x08,0x25,0x08,0x25,0x08,0x25,0x08,0x25,0x08,
    0x25,0x08,0x25,0x08,0x25,0x08,0x25,0x08,0xAE,0x21,0xAE,0x21,0xAE,0x21,0x25,0x08,
    0x25,0x08,0x25,0x08,0x25,0x08,0x25,0x08,0x25,0x08,0x25,0x08,0x25,0x08,0x25,0x08,
    0x25,0x08,0x25,0x08,0x25,0x08,0x25,0x08,0x25,0x08,0x25,0x08,0x25,0x08,0x25,0x08,
    0x25,0x08,0x25,0x08,0x25,0x08,0x25,0x08,0x25,0x08,0xAE,0x21,0xAE,0x21,0xAE,0x21,
    0x25,0x08,0x25,0x08,0x25,0x08,0x25,0x08,0x25,0x08,0x25,0x08,0x25,0x08,0x25,0x08,
    0x25,0x08,0x25,0x08,0x25,0x08,0x25,0x08,0x25,0x08,0x25,0x08,0x25,0x08,0x25,0x08,
    0x25,0x08,0x25,0x08,0x25,0x08,0x25,0x08,0x25,0x08,0x25,0x08,0xAE,0x21,0xAE,0x21,
    0xAE,0x21,0x25,0x08,0x25,0x08,0x25,0x08,0x25,0x08,0x25,0x08,0x25,0x08,0x25,0x08,
    0x25,0x08,0x25,0x08,0x25,0x08,0x25,0x08,0x25,0x08,0x25,0x08,0x25,0x08,0x25,0x08,
    0x25,0x08,0x25,0x08,0x25,0x08,0x25,0x08,0x25,0x08,0x25,0x08,0x25,0x08,0xAE,0x21,
    0xAE,0x21,0xAE,0x21,0x25,0x08,0x25,0x08,0x25,0x08,0x25,0x08,0x25,0x08,0x25,0x08,
    0x25,0x08,0x25,0x08,0x25,0x08,0x25,0x08,0x25,0x08,0x25,0x08,0x25,0x08,0x25,0x08,
    0x25,0x08,0x25,0x08,0x25,0x08,0x25,0x08,0x25,0x08,0x25,0x08,0x25,0x08,0x25,0x08,
    0xAE,0x21,0xAE,0x21,0xAE,0x21,0x25,0x08,0x25,0x08,0x25,0x08,0x25,0x08,0x25,0x08,
    0x25,0x08,0x25,0x08,0x25,0x08,0x25,0x08,0x25,0x08,0x25,0x08,0x25,0x08,0x25,0x08,
    0x25,0x08,0x25,0x08,0x25,0x08,0x25,0x08,0x25,0x08,0x25,0x08,0x25,0x08,0x25,0x08,
    0x25,0x08,0xAE,0x21,0xAE,0x21,0xAE,0x21,0x25,0x08,0x25,0x08,0x25,0x08,0x25,0x08,
    0x25,0x08,0x25,0x08,0x25,0x08,0x25,0x08,0x25,0x08,0x25,0x08,0x25,0x08,0x25,0x08,
    0x25,0x08,0x25,0x08,0x25,0x08,0x25,0x08,0x25,0x08,0x25,0x08,0x25,0x08,0x25,0x08,
    0x25,0x08,0x25,0x08,0xAE,0x21,0xAE,0x21,0xAE,0x21,0x25,0x08,0x25,0x08,0x25,0x08,
    0x25,0x08,0x25,0x08,0x25,0x08,0x25,0x08,0x25,0x08,0x25,0x08,0x25,0x08,0x25,0x08,
    0x25,0x08,0x25,0x08,0x25,0x08,0x25,0x08,0x25,0x08,0x25,0x08,0x25,0x08,0x25,0x08,
    0x25,0x08,0x25,0x08,0x25,0x08,0xAE,0x21,0xAE,0x21,0xAE,0x21,0x25,0x08,0x25,0x08,
    0x25,0x08,0x25,0x08,0x25,0x08,0x25,0x08,0x25,0x08,0x25,0x08,0x25,0x08,0x25,0x08,
    0x25,0x08,0x25,0x08,0x25,0x08,0x25,0x08,0x25,0x08,0x25,0x08,0x25,0x08,0x25,0x08,
    0x25,0x08,0x25,0x08,0x25,0x08,0x25,0x08,0xAE,0x21,0xAE,0x21,0xAE,0x21,0x25,0x08,
    0x25,0x08,0x25,0x08,0x25,0x08,0x25,0x08,0x25,0x08,0x25,0x08,0x25,0x08,0x25,0x08,
    0x25,0x08,0x25,0x08,0x25,0x08,0x25,0x08,0x25,0x08,0x25,0x08,0x25,0x08,0x25,0x08,
    0x25,0x08,0x25,0x08,0x25,0x08,0x25,0x08,0x25,0x08,0xAE,0x21,0xAE,0x21,0xAE,0x21,
    0x25,0x08,0x25,0x08,0x25,0x08,0x25,0x08,0x25,0x08,0x25,0x08,0x25,0x08,0x25,0x08,
    0x25,0x08,0x25,0x08,0x25,0x08,0x25,0x08,0x25,0x08,0x25,0x08,0x25,0x08,0x25,0x08,
    0x25,0x08,0x25,0x08,0x25,0x08,0x25,0x08,0x25,0x08,0x25,0x08,0xAE,0x21,0xAE,0x21,
    0xAE,0x21,0x25,0x08,0x25,0x08,0x25,0x08,0x25,0x08,0x25,0x08,0x25,0x08,0x25,0x08,
    0x25,0x08,0x25,0x08,0x25,0x08,0x25,0x08,0x25,0x08,0x25,0x08,0x25,0x08,0x25,0x08,
    0x25,0x08,0x25,0x08,0x25,0x08,0x25,0x08,0x25,0x08,0x25,0x08,0x25,0x08,0xAE,0x21,
    0xAE,0x21,0xAE,0x21,0x25,0x08,0x25,0x08,0x25,0x08,0x25,0x08,0x25,0x08,0x25,0x08,
    0x25,0x08,0x25,0x08,0x25,0x08,0x25,0x08,0x25,0x08,0x25,0x08,0x25,0x08,0x25,0x08,
    0x25,0x08,0x25,0x08,0x25,0x08,0x25,0x08,0x25,0x08,0x25,0x08,0x25,0x08,0x25,0x08,
    0x25,0x08,0xAE,0x21,0xAE,0x21,0x25,0x08,0x25,0x08,0x25,0x08,0x25,0x08,0x25,0x08,
    0x25,0x08,0x25,0x08,0x25,0x08,0x25,0x08,0x25,0x08,0x25,0x08,0x25,0x08,0x25,0x08,
    0x25,0x08,0x25,0x08,0x25,0x08,0x25,0x08,0x25,0x08,0x25,0x08,0x25,0x08,0x25,0x08,
    0x25,0x08,0xAE,0x21,0xAE,0x21,0xAE,0x21,0x25,0x08,0x25,0x08,0x25,0x08,0x25,0x08,
    0x25,0x08,0x25,0x08,0x25,0x08,0x25,0x08,0x25,0x08,0x25,0x08,0x25,0x08,0x25,0x08,
    0x25,0x08,0x25,0x08,0x25,0x08,0x25,0x08,0x25,0x08,0x25,0x08,0x25,0x08,0x25,0x08,
    0x25,0x08,0x25,0x08,0xAE,0x21,0xAE,0x21,0xAE,0x21,0x25,0x08,0x25,0x08,0x25,0x08,
    0x25,0x08,0x25,0x08,0x25,0x08,0x25,0x08,0x25,0x08,0x25,0x08,0x25,0x08,0x25,0x08,
    0x25,0x08,0x25,0x08,0x25,0x08,0x25,0x08,0x25,0x08,0x25,0x08,0x25,0x08,0x25,0x08,
    0x25,0x08,0x25,0x08,0x25,0x08,0xAE,0x21,0xAE,0x21,0xAE,0x21,0x25,0x08,0x25,0x08,
    0x25,0x08,0x31,0x34,0x31,0x34,0x31,0x34,0x31,0x34,0x31,0x34,0x31,0x34,0x31,0x34,
    0x31,0x34,0x31,0x34,0x31,0x34,0x31,0x34,0x31,0x34,0x31,0x34,0x31,0x34,0xAE,0x21,
    0xAE,0x21,0xAE,0x21,0x31,0x34,0x31,0x34,0x31,0x34,0x31,0x34,0x31,0x34,0x31,0x34,
    0x25,0x08,0x25,0x08,0x31,0x34,0x31,0x34,0x31,0x34,0x31,0x34,0x31,0x34,0x31,0x34,
    0x31,0x34,0x31,0x34,0x31,0x34,0x31,0x34,0x31,0x34,0x31,0x34,0x31,0x34,0x31,0x34,
    0xAE,0x21,0xAE,0x21,0xAE,0x21,0x31,0x34,0x31,0x34,0x31,0x34,0x31,0x34,0x31,0x34,
    0x31,0x34,0x25,0x08,0x25,0x08,0x31,0x34,0x31,0x34,0x31,0x34,0x31,0x34,0x31,0x34,
    0x31,0x34,0x31,0x34,0x31,0x34,0x31,0x34,0x31,0x34,0x31,0x34,0x31,0x34,0x31,0x34,
    0xAE,0x21,0xAE,0x21,0xAE,0x21,0xAE,0x21,0xAE,0x21,0xAE,0x21,0xAE,0x21,0xAE,0x21,
    0xAE,0x21,0xAE,0x21,0x25,0x08,0x25,0x08,0xAE,0x21,0xAE,0x21,0xAE,0x21,0xAE,0x21,
    0xAE,0x21,0xAE,0x21,0xAE,0x21,0xAE,0x21,0xAE,0x21,0xAE,0x21,0xAE,0x21,0xAE,0x21,
    0xAE,0x21,0xAE,0x21,0x25,0x08,0x25,0x08,0xAE,0x21,0xAE,0x21,0xAE,0x21,0xAE,0x21,
    0xAE,0x21,0xAE,0x21,0x25,0x08,0x25,0x08,0x25,0x08,0xAE,0x21,0xAE,0x21,0xAE,0x21,
    0xAE,0x21,0xAE,0x21,0xAE,0x21,0xAE,0x21,0xAE,0x21,0xAE,0x21,0xAE,0x21,0xAE,0x21,
    0xAE,0x21,0xAE,0x21,0xAE,0x21,0x25,0x08,0x25,0x08,0xAE,0x21,0xAE,0x21,0xAE,0x21,
    0xAE,0x21,0xAE,0x21,0xAE,0x21,0x25,0x08,0x25,0x08,0x25,0x08,0xAE,0x21,0xAE,0x21,
    0xAE,0x21,0xAE,0x21,0xAE,0x21,0xAE,0x21,0xAE,0x21,0xAE,0x21,0xAE,0x21,0xAE,0x21,
    0xAE,0x21,0xAE,0x21,0xAE,0x21,0xAE,0x21,0x25,0x08,0x25,0x08,0x25,0x08,0x25,0x08,
    0x25,0x08,0x25,0x08,0x25,0x08,0x25,0x08,0x25,0x08,0x25,0x08,0x25,0x08,0x25,0x08,
    0x25,0x08,0x25,0x08,0x25,0x08,0x25,0x08,0x25,0x08,0x25,0x08,0x25,0x08,0x25,0x08,
    0x25,0x08,0x25,0x08,0x25,0x08,0x25,0x08,0x25,0x08,0x25,0x08,0x25,0x08,0x25,0x08,
    0x25,0x08,0x25,0x08,0x25,0x08,0x25,0x08,0x25,0x08,0x25,0x08,0x25,0x08,0x25,0x08,
    0x25,0x08,0x25,0x08,0x25,0x08,0x25,0x08,0x25,0x08,0x25,0x08,0x25,0x08,0x25,0x08,
    0x25,0x08,0x25,0x08,0x25,0x08,0x25,0x08,0x25,0x08,0x25,0x08,0x25,0x08,0x25,0x08,
    0x25,0x08,0x25,0x08,0x25,0x08,0x25,0x08,0x25,0x08,0x25,0x08,0x25,0x08,0x25,0x08,
    0x25,0x08,0xFF,0xFF,0xFF,0xFF,0xFF,0xFF,0xFF,0xFF,0xFF,0xFF,0xFF,0xFF,0xFF,0xFF,
    0xFF,0xFF,0xFF,0xFF,0xFF,0xFF,0xFF,0xFF,0xFF,0xFF,0xFF,0xFF,0xFF,0xFF,0xFF,0xFF,
    0xFF,0xFF,0xFF,0xFF,0xFF,0xFF,0xFF,0xFF,0xFF,0xFF,0xFF,0xFF,0xFF,0xFF,0xFF,0xFF,
    0xFF,0xFF,0xFF,0xFF,0xFF,0xFF,0xFF,0xFF,0xFF,0xFF,0xFF,0xFF,0xFF,0xFF,0xFF,0xFF,
    0xFF,0xFF,0xFF,0xFF,0xFF,0xFF,0xFF,0xFF,0xFF,0xFF,0xFF,0xFF,0xFF,0xFF,0xFF,0xFF,
    0xFF,0xFF,0xFF,0xFF,0xFF,0xFF,0xFF,0xFF,0xFF,0xFF,0xFF,0xFF,0xFF,0xFF,0xFF,0xFF,
    0xFF,0xFF,0xFF,0xFF,0xFF,0xFF,0xFF,0xFF,0xFF,0xFF,0xFF,0xFF,0xFF,0xFF,0xFF,0xFF,
    0xFF,0xFF,0xFF,0xFF,0xFF,0xFF,0xFF,0xFF,0xFF,0xFF,0xFF,0xFF,0xFF,0xFF,0xFF,0xFF,
    0xFF,0xFF,0xFF,0xFF,0xFF,0xFF,0xFF,0xFF,0xFF,0xFF,0xFF,0xFF,0xFF,0xFF,0xFF,0xFF,
    0xFF,0xFF,0xFF,0xFF,0xFF,0xFF,0xFF,0xFF,0xFF,0xFF,0xFF,0xFF,0xFF,0xFF,0xFF,0xFF,
    0xFF,0xFF,0xFF,0xFF,0xFF,0xFF,0xFF,0xFF,0xFF,0xFF,0xFF,0xFF,0xFF,0xFF,0xFF,0xFF,
    0xFF,0xFF,0xFF,0xFF,0xFF,0xFF,0xFF,0xFF,0xFF,0xFF,0xFF,0xFF,0xFF,0xFF,0xFF,0xFF,
    0xFF,0xFF,0xFF,0xFF,0xFF,0xFF,0xFF,0xFF,0xFF,0xFF,0xFF,0xFF,0xFF,0xFF,0xFF,0xFF,
    0xFF,0xFF,0xFF,0xFF,0xFF,0xFF,0xFF,0xFF,0xFF,0xFF,0xFF,0xFF,0xFF,0xFF,0xFF,0xFF,
    0xFF,0xFF,0xFF,0xFF,0xFF,0xFF,0xFF,0xFF,0xFF,0xFF,0xFF,0xFF,0xFF,0xFF,0xFF,0xFF,
    0xFF,0xFF,0xFF,0xFF,0xFF,0xFF,0xFF,0xFF,0xFF,0xFF,0xFF,0xFF,0xFF,0xFF,0xFF,0xFF,
    0xFF,0xFF,0xFF,0xFF,0xFF,0xFF,0xFF,0xFF,0xFF,0xFF,0xFF,0xFF,0xFF,0xFF,0xFF,0xFF,
    0xFF,0xFF,0xFF,0xFF,0xFF,0xFF,0xFF,0xFF,0xFF,0xFF,0xFF,0xFF,0xFF,0xFF,0xFF,0xFF,
    0xFF,0xFF,0xFF,0xFF,0xFF,0xFF,0xFF,0xFF,0xFF,0xFF,0xFF,0xFF,0xFF,0xFF,0xFF,0xFF,
    0xFF,0xFF,0xFF,0xFF,0xFF,0xFF,0xFF,0xFF,0xFF,0xFF,0xFF,0xFF,0xFF,0xFF,0xFF,0xFF,
    0xFF,0xFF,0xFF,0xFF,0xFF,0xFF,0xFF,0xFF,0xFF,0xFF,0xFF,0xFF,0xFF,0xFF,0xFF,0xFF,
    0xFF,0xFF,0xFF,0xFF,0xFF,0xFF,0xFF,0xFF,0xFF,0xFF,0xFF,0xFF,0xFF,0xFF,0xFF,0xFF,
    0xFF,0xFF,0xFF,0xFF,0xFF,0xFF,0xFF,0xFF,0xFF,0xFF,0xFF,0xFF,0xFF,0xFF,0xFF,0xFF,
    0xFF,0xFF,0xFF,0xFF,0xFF,0xFF,0xFF,0xFF,0xFF,0xFF,0xFF,0xFF,0xFF,0xFF,0xFF,0xFF,
    0xFF,0xFF,0xFF,0xFF,0xFF,0xFF,0xFF,0xFF,0xFF,0xFF,0xFF,0xFF,0xFF,0xFF,0xFF,0xFF,
    0xFF,0xFF,0xFF,0xFF,0xFF,0xFF,0xFF,0xFF,0xFF,0xFF,0xFF,0xFF,0xFF,0xFF,0xFF,0xFF,
    0xFF,0xFF,0xFF,0xFF,0xFF,0xFF,0xFF,0xFF,0xFF,0xFF,0xFF,0xFF,0xFF,0xFF,0xFF,0xFF,
    0xFF,0xFF,0xFF,0xFF,0xFF,0xFF,0xFF,0xFF,0xFF,0xFF,0xFF,0xFF,0xFF,0xFF,0xFF,0xFF,
    0xFF,0xFF,0xFF,0xFF,0xFF,0xFF,0xFF,0xFF,0xFF,0xFF,0xFF,0xFF,0xFF,0xFF,0xFF,0xFF,
    0xFF,0xFF,0xFF,0xFF,0xFF,0xFF,0xFF,0xFF,0xFF,0xFF,0xFF,0xFF,0xFF,0xFF,0xFF,0xFF,
    0xFF,0xFF,0xFF,0xFF,0xFF,0xFF,0xFF,0xFF,0xFF,0xFF,0xFF,0xFF,0xFF,0xFF,0xFF,0xFF,
    0xFF,0xFF,0xFF,0xFF,0xFF,0xFF,0xFF,0xFF,0xFF,0xFF,0xFF,0xFF,0xFF,0xFF,0xFF,0xFF,
    0xFF,0xFF,0xFF,0xFF,0xFF,0xFF,0xFF,0xFF,0xFF,0xFF,0xFF,0xFF,0xFF,0xFF,0xFF,0xFF,
    0xFF,0xFF,0xFF,0xFF,0xFF,0xFF,0xFF,0xFF,0xFF,0xFF,0xFF,0xFF,0xFF,0xFF,0xFF,0xFF,
    0xFF,0xFF,0xFF,0xFF,0xFF,0xFF,0xFF,0xFF,0xFF,0xFF,0xFF,0xFF,0xFF,0xFF,0xFF,0xFF,
    0xFF,0xFF,0xFF,0xFF,0xFF,0xFF,0xFF,0xFF,0xFF,0xFF,0xFF,0xFF,0xFF,0xFF,0xFF,0xFF,
    0xFF,0xFF,0xFF,0xFF,0xFF,0xFF,0xFF,0xFF,0xFF,0xFF,0xFF,0xFF,0xFF,0xFF,0xFF,0xFF,
    0xFF,0xFF,0xFF,0xFF,0xFF,0xFF,0xFF,0xFF,0xFF,0xFF,0xFF,0xFF,0xFF,0xFF,0xFF,0xFF,
    0xFF,0xFF,0xFF,0xFF,0xFF,0xFF,0xFF,0xFF,0xFF,0xFF,0xFF,0xFF,0xFF,0xFF,0xFF,0xFF,
    0xFF,0xFF,0xFF,
};
const lv_image_dsc_t ui_img_jump_prince_tile_3_5 = {
    .header.w = 25,
    .header.h = 25,
    .data_size = sizeof(ui_img_jump_prince_tile_3_5_data),
    .header.cf = LV_COLOR_FORMAT_NATIVE_WITH_ALPHA,
    .header.magic = LV_IMAGE_HEADER_MAGIC,
    .data = ui_img_jump_prince_tile_3_5_data
};

const LV_ATTRIBUTE_MEM_ALIGN uint8_t ui_img_jump_prince_tile_4_5_data[] = {
    0x25,0x08,0x25,0x08,0x25,0x08,0x25,0x08,0x25,0x08,0x25,0x08,0x25,0x08,0x25,0x08,
    0x25,0x08,0x25,0x08,0x25,0x08,0x25,0x08,0x25,0x08,0x25,0x08,0x25,0x08,0x25,0x08,
    0x25,0x08,0x25,0x08,0x25,0x08,0x25,0x08,0x25,0x08,0x25,0x08,0x25,0x08,0x25,0x08,
    0x25,0x08,0x25,0x08,0x25,0x08,0x25,0x08,0x25,0x08,0x25,0x08,0x25,0x08,0x25,0x08,
    0x25,0x08,0x25,0x08,0x25,0x08,0x25,0x08,0x25,0x08,0x25,0x08,0x25,0x08,0x25,0x08,
    0x25,0x08,0x25,0x08,0x25,0x08,0x25,0x08,0x25,0x08,0x25,0x08,0x25,0x08,0x25,0x08,
    0x25,0x08,0x25,0x08,0x25,0x08,0x25,0x08,0xAE,0x21,0xAE,0x21,0xAE,0x21,0xAE,0x21,
    0xAE,0x21,0xAE,0x21,0xAE,0x21,0xAE,0x21,0xAE,0x21,0xAE,0x21,0xAE,0x21,0xAE,0x21,
    0xAE,0x21,0xAE,0x21,0x25,0x08,0x25,0x08,0x25,0x08,0xAE,0x21,0xAE,0x21,0xAE,0x21,
    0xAE,0x21,0xAE,0x21,0xAE,0x21,0x25,0x08,0x25,0x08,0xAE,0x21,0xAE,0x21,0xAE,0x21,
    0xAE,0x21,0xAE,0x21,0xAE,0x21,0xAE,0x21,0xAE,0x21,0xAE,0x21,0xAE,0x21,0xAE,0x21,
    0xAE,0x21,0xAE,0x21,0xAE,0x21,0x25,0x08,0xAE,0x21,0xAE,0x21,0xAE,0x21,0xAE,0x21,
    0xAE,0x21,0xAE,0x21,0xAE,0x21,0xAE,0x21,0x25,0x08,0x25,0x08,0xAE,0x21,0xAE,0x21,
    0xAE,0x21,0xAE,0x21,0xAE,0x21,0xAE,0x21,0xAE,0x21,0xAE,0x21,0xAE,0x21,0xAE,0x21,
    0xAE,0x21,0xAE,0x21,0xAE,0x21,0xAE,0x21,0x25,0x08,0xAE,0x21,0xAE,0x21,0xAE,0x21,
    0xAE,0x21,0xAE,0x21,0xAE,0x21,0xAE,0x21,0xAE,0x21,0x25,0x08,0x25,0x08,0x25,0x08,
    0xAE,0x21,0xAE,0x21,0xAE,0x21,0xAE,0x21,0xAE,0x21,0xAE,0x21,0xAE,0x21,0xAE,0x21,
    0xAE,0x21,0xAE,0x21,0xAE,0x21,0xAE,0x21,0xAE,0x21,0x25,0x08,0x25,0x08,0x25,0x08,
    0xAE,0x21,0xAE,0x21,0xAE,0x21,0xAE,0x21,0xAE,0x21,0xAE,0x21,0x25,0x08,0x25,0x08,
    0x25,0x08,0x25,0x08,0x25,0x08,0x25,0x08,0x25,0x08,0x25,0x08,0x25,0x08,0x25,0x08,
    0x25,0x08,0x25,0x08,0x25,0x08,0x25,0x08,0x25,0x08,0x25,0x08,0x25,0x08,0x25,0x08,
    0x25,0x08,0x25,0x08,0x25,0x08,0x25,0x08,0x25,0x08,0x25,0x08,0x25,0x08,0x25,0x08,
    0x25,0x08,0x25,0x08,0x25,0x08,0x25,0x08,0x25,0x08,0x25,0x08,0x25,0x08,0x25,0x08,
    0x25,0x08,0x25,0x08,0x25,0x08,0x25,0x08,0x25,0x08,0x25,0x08,0x25,0x08,0x25,0x08,
    0x25,0x08,0x25,0x08,0x25,0x08,0x25,0x08,0x25,0x08,0x25,0x08,0x25,0x08,0x25,0x08,
    0xAE,0x21,0xAE,0x21,0xAE,0x21,0xAE,0x21,0xAE,0x21,0xAE,0x21,0xAE,0x21,0xAE,0x21,
    0xAE,0x21,0xAE,0x21,0xAE,0x21,0xAE,0x21,0xAE,0x21,0xAE,0x21,0xAE,0x21,0xAE,0x21,
    0x25,0x08,0x25,0x08,0x25,0x08,0x25,0x08,0xAE,0x21,0xAE,0x21,0xAE,0x21,0xAE,0x21,
    0xAE,0x21,0xAE,0x21,0xAE,0x21,0xAE,0x21,0xAE,0x21,0xAE,0x21,0xAE,0x21,0xAE,0x21,
    0xAE,0x21,0xAE,0x21,0xAE,0x21,0xAE,0x21,0xAE,0x21,0xAE,0x21,0xAE,0x21,0xAE,0x21,
    0xAE,0x21,0xAE,0x21,0x25,0x08,0x25,0x08,0x25,0x08,0xAE,0x21,0xAE,0x21,0xAE,0x21,
    0xAE,0x21,0xAE,0x21,0xAE,0x21,0xAE,0x21,0xAE,0x21,0xAE,0x21,0xAE,0x21,0xAE,0x21,
    0xAE,0x21,0xAE,0x21,0xAE,0x21,0xAE,0x21,0xAE,0x21,0xAE,0x21,0xAE,0x21,0xAE,0x21,
    0xAE,0x21,0xAE,0x21,0xAE,0x21,0x25,0x08,0x25,0x08,0x25,0x08,0xAE,0x21,0xAE,0x21,
    0xAE,0x21,0xAE,0x21,0xAE,0x21,0xAE,0x21,0xAE,0x21,0xAE,0x21,0xAE,0x21,0xAE,0x21,
    0xAE,0x21,0xAE,0x21,0xAE,0x21,0xAE,0x21,0xAE,0x21,0xAE,0x21,0xAE,0x21,0xAE,0x21,
    0xAE,0x21,0xAE,0x21,0xAE,0x21,0xAE,0x21,0x25,0x08,0x25,0x08,0x25,0x08,0xAE,0x21,
    0xAE,0x21,0xAE,0x21,0xAE,0x21,0xAE,0x21,0xAE,0x21,0xAE,0x21,0xAE,0x21,0xAE,0x21,
    0xAE,0x21,0xAE,0x21,0xAE,0x21,0xAE,0x21,0xAE,0x21,0xAE,0x21,0xAE,0x21,0xAE,0x21,
    0xAE,0x21,0xAE,0x21,0xAE,0x21,0xAE,0x21,0xAE,0x21,0x25,0x08,0x25,0x08,0x25,0x08,
    0xAE,0x21,0xAE,0x21,0xAE,0x21,0xAE,0x21,0xAE,0x21,0x25,0x08,0x25,0x08,0x25,0x08,
    0x25,0x08,0x25,0x08,0x25,0x08,0x25,0x08,0x25,0x08,0x25,0x08,0x25,0x08,0x25,0x08,
    0x25,0x08,0x25,0x08,0x25,0x08,0x25,0x08,0x25,0x08,0x25,0x08,0x25,0x08,0x25,0x08,
    0x25,0x08,0x25,0x08,0x25,0x08,0x25,0x08,0x25,0x08,0x25,0x08,0x25,0x08,0x25,0x08,
    0x25,0x08,0xAE,0x21,0xAE,0x21,0xAE,0x21,0xAE,0x21,0xAE,0x21,0xAE,0x21,0xAE,0x21,
    0xAE,0x21,0x25,0x08,0x25,0x08,0xAE,0x21,0xAE,0x21,0xAE,0x21,0xAE,0x21,0xAE,0x21,
    0xAE,0x21,0xAE,0x21,0xAE,0x21,0xAE,0x21,0xAE,0x21,0xAE,0x21,0xAE,0x21,0x25,0x08,
    0x25,0x08,0x25,0x08,0xAE,0x21,0xAE,0x21,0xAE,0x21,0xAE,0x21,0xAE,0x21,0xAE,0x21,
    0xAE,0x21,0xAE,0x21,0x25,0x08,0x25,0x08,0xAE,0x21,0xAE,0x21,0xAE,0x21,0xAE,0x21,
    0xAE,0x21,0xAE,0x21,0xAE,0x21,0xAE,0x21,0xAE,0x21,0xAE,0x21,0xAE,0x21,0xAE,0x21,
    0x25,0x08,0x25,0x08,0xAE,0x21,0xAE,0x21,0xAE,0x21,0xAE,0x21,0xAE,0x21,0xAE,0x21,
    0xAE,0x21,0xAE,0x21,0xAE,0x21,0x25,0x08,0x25,0x08,0xAE,0x21,0xAE,0x21,0xAE,0x21,
    0xAE,0x21,0xAE,0x21,0xAE,0x21,0xAE,0x21,0xAE,0x21,0xAE,0x21,0xAE,0x21,0xAE,0x21,
    0xAE,0x21,0x25,0x08,0x25,0x08,0xAE,0x21,0xAE,0x21,0xAE,0x21,0xAE,0x21,0xAE,0x21,
    0xAE,0x21,0xAE,0x21,0x25,0x08,0x25,0x08,0x25,0x08,0x25,0x08,0xAE,0x21,0xAE,0x21,
    0xAE,0x21,0xAE,0x21,0xAE,0x21,0xAE,0x21,0xAE,0x21,0xAE,0x21,0xAE,0x21,0xAE,0x21,
    0xAE,0x21,0xAE,0x21,0x25,0x08,0x25,0x08,0xAE,0x21,0xAE,0x21,0xAE,0x21,0xAE,0x21,
    0xAE,0x21,0xAE,0x21,0xAE,0x21,0x25,0x08,0x25,0x08,0x25,0x08,0x25,0x08,0xAE,0x21,
    0xAE,0x21,0xAE,0x21,0xAE,0x21,0xAE,0x21,0xAE,0x21,0xAE,0x21,0xAE,0x21,0xAE,0x21,
    0xAE,0x21,0xAE,0x21,0xAE,0x21,0x25,0x08,0x25,0x08,0x25,0x08,0x25,0x08,0x25,0x08,
    0x25,0x08,0x25,0x08,0x25,0x08,0x25,0x08,0x25,0x08,0x25,0x08,0x25,0x08,0x25,0x08,
    0x25,0x08,0x25,0x08,0x25,0x08,0x25,0x08,0x25,0x08,0x25,0x08,0x25,0x08,0x25,0x08,
    0x25,0x08,0x25,0x08,0x25,0x08,0x25,0x08,0xAE,0x21,0xAE,0x21,0xAE,0x21,0xAE,0x21,
    0xAE,0x21,0xAE,0x21,0xAE,0x21,0xAE,0x21,0xAE,0x21,0xAE,0x21,0xAE,0x21,0xAE,0x21,
    0xAE,0x21,0xAE,0x21,0xAE,0x21,0xAE,0x21,0xAE,0x21,0x25,0x08,0x25,0x08,0x25,0x08,
    0xAE,0x21,0xAE,0x21,0xAE,0x21,0xAE,0x21,0xAE,0x21,0xAE,0x21,0xAE,0x21,0xAE,0x21,
    0xAE,0x21,0xAE,0x21,0xAE,0x21,0xAE,0x21,0xAE,0x21,0xAE,0x21,0xAE,0x21,0xAE,0x21,
    0xAE,0x21,0xAE,0x21,0xAE,0x21,0xAE,0x21,0xAE,0x21,0xAE,0x21,0x25,0x08,0x25,0x08,
    0x25,0x08,0xAE,0x21,0xAE,0x21,0xAE,0x21,0xAE,0x21,0xAE,0x21,0xAE,0x21,0xAE,0x21,
    0xAE,0x21,0xAE,0x21,0xAE,0x21,0xAE,0x21,0xAE,0x21,0xAE,0x21,0xAE,0x21,0xAE,0x21,
    0xAE,0x21,0xAE,0x21,0xAE,0x21,0xAE,0x21,0xAE,0x21,0xAE,0x21,0xAE,0x21,0xAE,0x21,
    0xAE,0x21,0x25,0x08,0xAE,0x21,0xAE,0x21,0xAE,0x21,0xAE,0x21,0xAE,0x21,0xAE,0x21,
    0xAE,0x21,0xAE,0x21,0xAE,0x21,0xAE,0x21,0xAE,0x21,0xAE,0x21,0xAE,0x21,0xAE,0x21,
    0xAE,0x21,0xAE,0x21,0xAE,0x21,0xAE,0x21,0xAE,0x21,0xAE,0x21,0xAE,0x21,0xAE,0x21,
    0xAE,0x21,0xAE,0x21,0x25,0x08,0x25,0x08,0x25,0x08,0xAE,0x21,0xAE,0x21,0xAE,0x21,
    0xAE,0x21,0xAE,0x21,0xAE,0x21,0xAE,0x21,0xAE,0x21,0xAE,0x21,0xAE,0x21,0xAE,0x21,
    0xAE,0x21,0xAE,0x21,0xAE,0x21,0xAE,0x21,0xAE,0x21,0xAE,0x21,0xAE,0x21,0xAE,0x21,
    0xAE,0x21,0xAE,0x21,0xAE,0x21,0x25,0x08,0x25,0x08,0x25,0x08,0xAE,0x21,0xAE,0x21,
    0xAE,0x21,0xFF,0xFF,0xFF,0xFF,0xFF,0xFF,0xFF,0xFF,0xFF,0xFF,0xFF,0xFF,0xFF,0xFF,
    0xFF,0xFF,0xFF,0xFF,0xFF,0xFF,0xFF,0xFF,0xFF,0xFF,0xFF,0xFF,0xFF,0xFF,0xFF,0xFF,
    0xFF,0xFF,0xFF,0xFF,0xFF,0xFF,0xFF,0xFF,0xFF,0xFF,0xFF,0xFF,0xFF,0xFF,0xFF,0xFF,
    0xFF,0xFF,0xFF,0xFF,0xFF,0xFF,0xFF,0xFF,0xFF,0xFF,0xFF,0xFF,0xFF,0xFF,0xFF,0xFF,
    0xFF,0xFF,0xFF,0xFF,0xFF,0xFF,0xFF,0xFF,0xFF,0xFF,0xFF,0xFF,0xFF,0xFF,0xFF,0xFF,
    0xFF,0xFF,0xFF,0xFF,0xFF,0xFF,0xFF,0xFF,0xFF,0xFF,0xFF,0xFF,0xFF,0xFF,0xFF,0xFF,
    0xFF,0xFF,0xFF,0xFF,0xFF,0xFF,0xFF,0xFF,0xFF,0xFF,0xFF,0xFF,0xFF,0xFF,0xFF,0xFF,
    0xFF,0xFF,0xFF,0xFF,0xFF,0xFF,0xFF,0xFF,0xFF,0xFF,0xFF,0xFF,0xFF,0xFF,0xFF,0xFF,
    0xFF,0xFF,0xFF,0xFF,0xFF,0xFF,0xFF,0xFF,0xFF,0xFF,0xFF,0xFF,0xFF,0xFF,0xFF,0xFF,
    0xFF,0xFF,0xFF,0xFF,0xFF,0xFF,0xFF,0xFF,0xFF,0xFF,0xFF,0xFF,0xFF,0xFF,0xFF,0xFF,
    0xFF,0xFF,0xFF,0xFF,0xFF,0xFF,0xFF,0xFF,0xFF,0xFF,0xFF,0xFF,0xFF,0xFF,0xFF,0xFF,
    0xFF,0xFF,0xFF,0xFF,0xFF,0xFF,0xFF,0xFF,0xFF,0xFF,0xFF,0xFF,0xFF,0xFF,0xFF,0xFF,
    0xFF,0xFF,0xFF,0xFF,0xFF,0xFF,0xFF,0xFF,0xFF,0xFF,0xFF,0xFF,0xFF,0xFF,0xFF,0xFF,
    0xFF,0xFF,0xFF,0xFF,0xFF,0xFF,0xFF,0xFF,0xFF,0xFF,0xFF,0xFF,0xFF,0xFF,0xFF,0xFF,
    0xFF,0xFF,0xFF,0xFF,0xFF,0xFF,0xFF,0xFF,0xFF,0xFF,0xFF,0xFF,0xFF,0xFF,0xFF,0xFF,
    0xFF,0xFF,0xFF,0xFF,0xFF,0xFF,0xFF,0xFF,0xFF,0xFF,0xFF,0xFF,0xFF,0xFF,0xFF,0xFF,
    0xFF,0xFF,0xFF,0xFF,0xFF,0xFF,0xFF,0xFF,0xFF,0xFF,0xFF,0xFF,0xFF,0xFF,0xFF,0xFF,
    0xFF,0xFF,0xFF,0xFF,0xFF,0xFF,0xFF,0xFF,0xFF,0xFF,0xFF,0xFF,0xFF,0xFF,0xFF,0xFF,
    0xFF,0xFF,0xFF,0xFF,0xFF,0xFF,0xFF,0xFF,0xFF,0xFF,0xFF,0xFF,0xFF,0xFF,0xFF,0xFF,
    0xFF,0xFF,0xFF,0xFF,0xFF,0xFF,0xFF,0xFF,0xFF,0xFF,0xFF,0xFF,0xFF,0xFF,0xFF,0xFF,
    0xFF,0xFF,0xFF,0xFF,0xFF,0xFF,0xFF,0xFF,0xFF,0xFF,0xFF,0xFF,0xFF,0xFF,0xFF,0xFF,
    0xFF,0xFF,0xFF,0xFF,0xFF,0xFF,0xFF,0xFF,0xFF,0xFF,0xFF,0xFF,0xFF,0xFF,0xFF,0xFF,
    0xFF,0xFF,0xFF,0xFF,0xFF,0xFF,0xFF,0xFF,0xFF,0xFF,0xFF,0xFF,0xFF,0xFF,0xFF,0xFF,
    0xFF,0xFF,0xFF,0xFF,0xFF,0xFF,0xFF,0xFF,0xFF,0xFF,0xFF,0xFF,0xFF,0xFF,0xFF,0xFF,
    0xFF,0xFF,0xFF,0xFF,0xFF,0xFF,0xFF,0xFF,0xFF,0xFF,0xFF,0xFF,0xFF,0xFF,0xFF,0xFF,
    0xFF,0xFF,0xFF,0xFF,0xFF,0xFF,0xFF,0xFF,0xFF,0xFF,0xFF,0xFF,0xFF,0xFF,0xFF,0xFF,
    0xFF,0xFF,0xFF,0xFF,0xFF,0xFF,0xFF,0xFF,0xFF,0xFF,0xFF,0xFF,0xFF,0xFF,0xFF,0xFF,
    0xFF,0xFF,0xFF,0xFF,0xFF,0xFF,0xFF,0xFF,0xFF,0xFF,0xFF,0xFF,0xFF,0xFF,0xFF,0xFF,
    0xFF,0xFF,0xFF,0xFF,0xFF,0xFF,0xFF,0xFF,0xFF,0xFF,0xFF,0xFF,0xFF,0xFF,0xFF,0xFF,
    0xFF,0xFF,0xFF,0xFF,0xFF,0xFF,0xFF,0xFF,0xFF,0xFF,0xFF,0xFF,0xFF,0xFF,0xFF,0xFF,
    0xFF,0xFF,0xFF,0xFF,0xFF,0xFF,0xFF,0xFF,0xFF,0xFF,0xFF,0xFF,0xFF,0xFF,0xFF,0xFF,
    0xFF,0xFF,0xFF,0xFF,0xFF,0xFF,0xFF,0xFF,0xFF,0xFF,0xFF,0xFF,0xFF,0xFF,0xFF,0xFF,
    0xFF,0xFF,0xFF,0xFF,0xFF,0xFF,0xFF,0xFF,0xFF,0xFF,0xFF,0xFF,0xFF,0xFF,0xFF,0xFF,
    0xFF,0xFF,0xFF,0xFF,0xFF,0xFF,0xFF,0xFF,0xFF,0xFF,0xFF,0xFF,0xFF,0xFF,0xFF,0xFF,
    0xFF,0xFF,0xFF,0xFF,0xFF,0xFF,0xFF,0xFF,0xFF,0xFF,0xFF,0xFF,0xFF,0xFF,0xFF,0xFF,
    0xFF,0xFF,0xFF,0xFF,0xFF,0xFF,0xFF,0xFF,0xFF,0xFF,0xFF,0xFF,0xFF,0xFF,0xFF,0xFF,
    0xFF,0xFF,0xFF,0xFF,0xFF,0xFF,0xFF,0xFF,0xFF,0xFF,0xFF,0xFF,0xFF,0xFF,0xFF,0xFF,
    0xFF,0xFF,0xFF,0xFF,0xFF,0xFF,0xFF,0xFF,0xFF,0xFF,0xFF,0xFF,0xFF,0xFF,0xFF,0xFF,
    0xFF,0xFF,0xFF,0xFF,0xFF,0xFF,0xFF,0xFF,0xFF,0xFF,0xFF,0xFF,0xFF,0xFF,0xFF,0xFF,
    0xFF,0xFF,0xFF,
};
const lv_image_dsc_t ui_img_jump_prince_tile_4_5 = {
    .header.w = 25,
    .header.h = 25,
    .data_size = sizeof(ui_img_jump_prince_tile_4_5_data),
    .header.cf = LV_COLOR_FORMAT_NATIVE_WITH_ALPHA,
    .header.magic = LV_IMAGE_HEADER_MAGIC,
    .data = ui_img_jump_prince_tile_4_5_data
};

const LV_ATTRIBUTE_MEM_ALIGN uint8_t ui_img_jump_prince_tile_5_5_data[] = {
    0x25,0x08,0x25,0x08,0x25,0x08,0x25,0x08,0x25,0x08,0x25,0x08,0x25,0x08,0x25,0x08,
    0x25,0x08,0x25,0x08,0x25,0x08,0x25,0x08,0x25,0x08,0x25,0x08,0x25,0x08,0x25,0x08,
    0x25,0x08,0x25,0x08,0x25,0x08,0x25,0x08,0x25,0x08,0x25,0x08,0x25,0x08,0x25,0x08,
    0x25,0x08,0x25,0x08,0x25,0x08,0x25,0x08,0x25,0x08,0x25,0x08,0x25,0x08,0x25,0x08,
    0x25,0x08,0x25,0x08,0x25,0x08,0x25,0x08,0x25,0x08,0x25,0x08,0x25,0x08,0x25,0x08,
    0x25,0x08,0x25,0x08,0x25,0x08,0x25,0x08,0x25,0x08,0x25,0x08,0x25,0x08,0x25,0x08,
    0x25,0x08,0x25,0x08,0x25,0x08,0x25,0x08,0x25,0x08,0xAE,0x21,0xAE,0x21,0xAE,0x21,
    0xAE,0x21,0xAE,0x21,0xAE,0x21,0xAE,0x21,0xAE,0x21,0xAE,0x21,0xAE,0x21,0xAE,0x21,
    0xAE,0x21,0xAE,0x21,0x25,0x08,0x25,0x08,0x25,0x08,0xAE,0x21,0xAE,0x21,0xAE,0x21,
    0xAE,0x21,0xAE,0x21,0xAE,0x21,0x25,0x08,0x25,0x08,0x25,0x08,0xAE,0x21,0xAE,0x21,
    0xAE,0x21,0xAE,0x21,0xAE,0x21,0xAE,0x21,0xAE,0x21,0xAE,0x21,0xAE,0x21,0xAE,0x21,
    0xAE,0x21,0xAE,0x21,0xAE,0x21,0x25,0x08,0xAE,0x21,0xAE,0x21,0xAE,0x21,0xAE,0x21,
    0xAE,0x21,0xAE,0x21,0xAE,0x21,0xAE,0x21,0x25,0x08,0x25,0x08,0x25,0x08,0xAE,0x21,
    0xAE,0x21,0xAE,0x21,0xAE,0x21,0xAE,0x21,0xAE,0x21,0xAE,0x21,0xAE,0x21,0xAE,0x21,
    0xAE,0x21,0xAE,0x21,0xAE,0x21,0xAE,0x21,0x25,0x08,0xAE,0x21,0xAE,0x21,0xAE,0x21,
    0xAE,0x21,0xAE,0x21,0xAE,0x21,0xAE,0x21,0xAE,0x21,0x25,0x08,0x25,0x08,0x25,0x08,
    0x25,0x08,0x25,0x08,0xAE,0x21,0xAE,0x21,0xAE,0x21,0xAE,0x21,0xAE,0x21,0xAE,0x21,
    0xAE,0x21,0xAE,0x21,0xAE,0x21,0xAE,0x21,0xAE,0x21,0x25,0x08,0xAE,0x21,0xAE,0x21,
    0xAE,0x21,0xAE,0x21,0xAE,0x21,0xAE,0x21,0xAE,0x21,0xAE,0x21,0x25,0x08,0x25,0x08,
    0x25,0x08,0x25,0x08,0x25,0x08,0x25,0x08,0x25,0x08,0x25,0x08,0x25,0x08,0x25,0x08,
    0x25,0x08,0x25,0x08,0x25,0x08,0x25,0x08,0x25,0x08,0x25,0x08,0x25,0x08,0x25,0x08,
    0x25,0x08,0x25,0x08,0x25,0x08,0x25,0x08,0x25,0x08,0x25,0x08,0x25,0x08,0x25,0x08,
    0x25,0x08,0x25,0x08,0x25,0x08,0x25,0x08,0x25,0x08,0x25,0x08,0x25,0x08,0x25,0x08,
    0x25,0x08,0x25,0x08,0x25,0x08,0x25,0x08,0x25,0x08,0x25,0x08,0x25,0x08,0x25,0x08,
    0x25,0x08,0x25,0x08,0x25,0x08,0x25,0x08,0x25,0x08,0x25,0x08,0x25,0x08,0x25,0x08,
    0x25,0x08,0x25,0x08,0x25,0x08,0x25,0x08,0x25,0x08,0x25,0x08,0xAE,0x21,0xAE,0x21,
    0xAE,0x21,0xAE,0x21,0xAE,0x21,0xAE,0x21,0xAE,0x21,0xAE,0x21,0xAE,0x21,0xAE,0x21,
    0x25,0x08,0x25,0x08,0x25,0x08,0x25,0x08,0xAE,0x21,0xAE,0x21,0xAE,0x21,0xAE,0x21,
    0xAE,0x21,0x25,0x08,0x25,0x08,0x25,0x08,0x25,0x08,0x25,0x08,0x25,0x08,0xAE,0x21,
    0xAE,0x21,0xAE,0x21,0xAE,0x21,0xAE,0x21,0xAE,0x21,0xAE,0x21,0xAE,0x21,0xAE,0x21,
    0xAE,0x21,0xAE,0x21,0x25,0x08,0x25,0x08,0x25,0x08,0xAE,0x21,0xAE,0x21,0xAE,0x21,
    0xAE,0x21,0xAE,0x21,0x25,0x08,0x25,0x08,0x25,0x08,0x25,0x08,0x25,0x08,0x25,0x08,
    0xAE,0x21,0xAE,0x21,0xAE,0x21,0xAE,0x21,0xAE,0x21,0xAE,0x21,0xAE,0x21,0xAE,0x21,
    0xAE,0x21,0xAE,0x21,0xAE,0x21,0x25,0x08,0x25,0x08,0x25,0x08,0xAE,0x21,0xAE,0x21,
    0xAE,0x21,0xAE,0x21,0xAE,0x21,0x25,0x08,0x25,0x08,0x25,0x08,0x25,0x08,0x25,0x08,
    0x25,0x08,0x25,0x08,0x25,0x08,0xAE,0x21,0xAE,0x21,0xAE,0x21,0xAE,0x21,0xAE,0x21,
    0xAE,0x21,0xAE,0x21,0xAE,0x21,0xAE,0x21,0x25,0x08,0x25,0x08,0x25,0x08,0xAE,0x21,
    0xAE,0x21,0xAE,0x21,0xAE,0x21,0xAE,0x21,0x25,0x08,0x25,0x08,0x25,0x08,0x25,0x08,
    0x25,0x08,0x25,0x08,0x25,0x08,0x25,0x08,0xAE,0x21,0xAE,0x21,0xAE,0x21,0xAE,0x21,
    0xAE,0x21,0xAE,0x21,0xAE,0x21,0xAE,0x21,0xAE,0x21,0x25,0x08,0x25,0x08,0x25,0x08,
    0xAE,0x21,0xAE,0x21,0xAE,0x21,0xAE,0x21,0xAE,0x21,0x25,0x08,0x25,0x08,0x25,0x08,
    0x25,0x08,0x25,0x08,0x25,0x08,0x25,0x08,0x25,0x08,0x25,0x08,0x25,0x08,0x25,0x08,
    0x25,0x08,0x25,0x08,0x25,0x08,0x25,0x08,0x25,0x08,0x25,0x08,0x25,0x08,0x25,0x08,
    0x25,0x08,0x25,0x08,0x25,0x08,0x25,0x08,0x25,0x08,0x25,0x08,0x25,0x08,0x25,0x08,
    0x25,0x08,0x25,0x08,0x25,0x08,0x25,0x08,0x25,0x08,0x25,0x08,0x25,0x08,0x25,0x08,
    0x25,0x08,0xAE,0x21,0xAE,0x21,0xAE,0x21,0xAE,0x21,0xAE,0x21,0xAE,0x21,0xAE,0x21,
    0xAE,0x21,0xAE,0x21,0xAE,0x21,0xAE,0x21,0xAE,0x21,0xAE,0x21,0xAE,0x21,0x25,0x08,
    0x25,0x08,0x25,0x08,0x25,0x08,0x25,0x08,0x25,0x08,0x25,0x08,0x25,0x08,0x25,0x08,
    0x25,0x08,0x25,0x08,0xAE,0x21,0xAE,0x21,0xAE,0x21,0xAE,0x21,0xAE,0x21,0xAE,0x21,
    0xAE,0x21,0xAE,0x21,0xAE,0x21,0xAE,0x21,0xAE,0x21,0xAE,0x21,0xAE,0x21,0xAE,0x21,
    0x25,0x08,0x25,0x08,0x25,0x08,0x25,0x08,0x25,0x08,0x25,0x08,0x25,0x08,0x25,0x08,
    0x25,0x08,0xAE,0x21,0xAE,0x21,0xAE,0x21,0xAE,0x21,0xAE,0x21,0xAE,0x21,0xAE,0x21,
    0xAE,0x21,0xAE,0x21,0xAE,0x21,0xAE,0x21,0xAE,0x21,0xAE,0x21,0xAE,0x21,0xAE,0x21,
    0xAE,0x21,0x25,0x08,0x25,0x08,0x25,0x08,0x25,0x08,0x25,0x08,0x25,0x08,0x25,0x08,
    0x25,0x08,0x25,0x08,0xAE,0x21,0xAE,0x21,0xAE,0x21,0xAE,0x21,0xAE,0x21,0xAE,0x21,
    0xAE,0x21,0xAE,0x21,0xAE,0x21,0xAE,0x21,0xAE,0x21,0xAE,0x21,0xAE,0x21,0xAE,0x21,
    0xAE,0x21,0xAE,0x21,0x25,0x08,0x25,0x08,0x25,0x08,0x25,0x08,0x25,0x08,0x25,0x08,
    0x25,0x08,0x25,0x08,0x25,0x08,0xAE,0x21,0xAE,0x21,0xAE,0x21,0xAE,0x21,0xAE,0x21,
    0xAE,0x21,0xAE,0x21,0xAE,0x21,0xAE,0x21,0xAE,0x21,0xAE,0x21,0xAE,0x21,0xAE,0x21,
    0xAE,0x21,0xAE,0x21,0xAE,0x21,0x25,0x08,0x25,0x08,0x25,0x08,0x25,0x08,0x25,0x08,
    0x25,0x08,0x25,0x08,0x25,0x08,0x25,0x08,0x25,0x08,0x25,0x08,0x25,0x08,0x25,0x08,
    0x25,0x08,0x25,0x08,0x25,0x08,0x25,0x08,0x25,0x08,0x25,0x08,0x25,0x08,0x25,0x08,
    0x25,0x08,0x25,0x08,0x25,0x08,0x25,0x08,0x25,0x08,0x25,0x08,0x25,0x08,0x25,0x08,
    0x25,0x08,0x25,0x08,0x25,0x08,0x25,0x08,0x25,0x08,0x25,0x08,0x25,0x08,0x25,0x08,
    0x25,0x08,0x25,0x08,0xAE,0x21,0xAE,0x21,0xAE,0x21,0xAE,0x21,0xAE,0x21,0x25,0x08,
    0xAE,0x21,0xAE,0x21,0xAE,0x21,0xAE,0x21,0xAE,0x21,0x25,0x08,0x25,0x08,0x25,0x08,
    0x25,0x08,0x25,0x08,0x25,0x08,0x25,0x08,0x25,0x08,0x25,0x08,0x25,0x08,0x25,0x08,
    0x25,0x08,0x25,0x08,0x25,0x08,0xAE,0x21,0xAE,0x21,0xAE,0x21,0xAE,0x21,0xAE,0x21,
    0x25,0x08,0xAE,0x21,0xAE,0x21,0xAE,0x21,0xAE,0x21,0xAE,0x21,0x25,0x08,0x25,0x08,
    0x25,0x08,0x25,0x08,0x25,0x08,0x25,0x08,0x25,0x08,0x25,0x08,0x25,0x08,0x25,0x08,
    0x25,0x08,0x25,0x08,0x25,0x08,0x25,0x08,0x25,0x08,0x25,0x08,0xAE,0x21,0xAE,0x21,
    0xAE,0x21,0x25,0x08,0xAE,0x21,0xAE,0x21,0xAE,0x21,0xAE,0x21,0xAE,0x21,0x25,0x08,
    0x25,0x08,0x25,0x08,0x25,0x08,0x25,0x08,0x25,0x08,0x25,0x08,0x25,0x08,0x25,0x08,
    0x25,0x08,0x25,0x08,0x25,0x08,0x25,0x08,0x25,0x08,0x25,0x08,0x25,0x08,0x25,0x08,
    0x25,0x08,0x25,0x08,0x25,0x08,0xAE,0x21,0xAE,0x21,0xAE,0x21,0xAE,0x21,0xAE,0x21,
    0x25,0x08,0x25,0x08,0x25,0x08,0x25,0x08,0x25,0x08,0x25,0x08,0x25,0x08,0x25,0x08,
    0x25,0x08,0x25,0x08,0x25,0x08,0x25,0x08,0x25,0x08,0x25,0x08,0x25,0x08,0x25,0x08,
    0x25,0x08,0x25,0x08,0x25,0x08,0x25,0x08,0xAE,0x21,0xAE,0x21,0xAE,0x21,0xAE,0x21,
    0xAE,0x21,0xFF,0xFF,0xFF,0xFF,0xFF,0xFF,0xFF,0xFF,0xFF,0xFF,0xFF,0xFF,0xFF,0xFF,
    0xFF,0xFF,0xFF,0xFF,0xFF,0xFF,0xFF,0xFF,0xFF,0xFF,0xFF,0xFF,0xFF,0xFF,0xFF,0xFF,
    0xFF,0xFF,0xFF,0xFF,0xFF,0xFF,0xFF,0xFF,0xFF,0xFF,0xFF,0xFF,0xFF,0xFF,0xFF,0xFF,
    0xFF,0xFF,0xFF,0xFF,0xFF,0xFF,0xFF,0xFF,0xFF,0xFF,0xFF,0xFF,0xFF,0xFF,0xFF,0xFF,
    0xFF,0xFF,0xFF,0xFF,0xFF,0xFF,0xFF,0xFF,0xFF,0xFF,0xFF,0xFF,0xFF,0xFF,0xFF,0xFF,
    0xFF,0xFF,0xFF,0xFF,0xFF,0xFF,0xFF,0xFF,0xFF,0xFF,0xFF,0xFF,0xFF,0xFF,0xFF,0xFF,
    0xFF,0xFF,0xFF,0xFF,0xFF,0xFF,0xFF,0xFF,0xFF,0xFF,0xFF,0xFF,0xFF,0xFF,0xFF,0xFF,
    0xFF,0xFF,0xFF,0xFF,0xFF,0xFF,0xFF,0xFF,0xFF,0xFF,0xFF,0xFF,0xFF,0xFF,0xFF,0xFF,
    0xFF,0xFF,0xFF,0xFF,0xFF,0xFF,0xFF,0xFF,0xFF,0xFF,0xFF,0xFF,0xFF,0xFF,0xFF,0xFF,
    0xFF,0xFF,0xFF,0xFF,0xFF,0xFF,0xFF,0xFF,0xFF,0xFF,0xFF,0xFF,0xFF,0xFF,0xFF,0xFF,
    0xFF,0xFF,0xFF,0xFF,0xFF,0xFF,0xFF,0xFF,0xFF,0xFF,0xFF,0xFF,0xFF,0xFF,0xFF,0xFF,
    0xFF,0xFF,0xFF,0xFF,0xFF,0xFF,0xFF,0xFF,0xFF,0xFF,0xFF,0xFF,0xFF,0xFF,0xFF,0xFF,
    0xFF,0xFF,0xFF,0xFF,0xFF,0xFF,0xFF,0xFF,0xFF,0xFF,0xFF,0xFF,0xFF,0xFF,0xFF,0xFF,
    0xFF,0xFF,0xFF,0xFF,0xFF,0xFF,0xFF,0xFF,0xFF,0xFF,0xFF,0xFF,0xFF,0xFF,0xFF,0xFF,
    0xFF,0xFF,0xFF,0xFF,0xFF,0xFF,0xFF,0xFF,0xFF,0xFF,0xFF,0xFF,0xFF,0xFF,0xFF,0xFF,
    0xFF,0xFF,0xFF,0xFF,0xFF,0xFF,0xFF,0xFF,0xFF,0xFF,0xFF,0xFF,0xFF,0xFF,0xFF,0xFF,
    0xFF,0xFF,0xFF,0xFF,0xFF,0xFF,0xFF,0xFF,0xFF,0xFF,0xFF,0xFF,0xFF,0xFF,0xFF,0xFF,
    0xFF,0xFF,0xFF,0xFF,0xFF,0xFF,0xFF,0xFF,0xFF,0xFF,0xFF,0xFF,0xFF,0xFF,0xFF,0xFF,
    0xFF,0xFF,0xFF,0xFF,0xFF,0xFF,0xFF,0xFF,0xFF,0xFF,0xFF,0xFF,0xFF,0xFF,0xFF,0xFF,
    0xFF,0xFF,0xFF,0xFF,0xFF,0xFF,0xFF,0xFF,0xFF,0xFF,0xFF,0xFF,0xFF,0xFF,0xFF,0xFF,
    0xFF,0xFF,0xFF,0xFF,0xFF,0xFF,0xFF,0xFF,0xFF,0xFF,0xFF,0xFF,0xFF,0xFF,0xFF,0xFF,
    0xFF,0xFF,0xFF,0xFF,0xFF,0xFF,0xFF,0xFF,0xFF,0xFF,0xFF,0xFF,0xFF,0xFF,0xFF,0xFF,
    0xFF,0xFF,0xFF,0xFF,0xFF,0xFF,0xFF,0xFF,0xFF,0xFF,0xFF,0xFF,0xFF,0xFF,0xFF,0xFF,
    0xFF,0xFF,0xFF,0xFF,0xFF,0xFF,0xFF,0xFF,0xFF,0xFF,0xFF,0xFF,0xFF,0xFF,0xFF,0xFF,
    0xFF,0xFF,0xFF,0xFF,0xFF,0xFF,0xFF,0xFF,0xFF,0xFF,0xFF,0xFF,0xFF,0xFF,0xFF,0xFF,
    0xFF,0xFF,0xFF,0xFF,0xFF,0xFF,0xFF,0xFF,0xFF,0xFF,0xFF,0xFF,0xFF,0xFF,0xFF,0xFF,
    0xFF,0xFF,0xFF,0xFF,0xFF,0xFF,0xFF,0xFF,0xFF,0xFF,0xFF,0xFF,0xFF,0xFF,0xFF,0xFF,
    0xFF,0xFF,0xFF,0xFF,0xFF,0xFF,0xFF,0xFF,0xFF,0xFF,0xFF,0xFF,0xFF,0xFF,0xFF,0xFF,
    0xFF,0xFF,0xFF,0xFF,0xFF,0xFF,0xFF,0xFF,0xFF,0xFF,0xFF,0xFF,0xFF,0xFF,0xFF,0xFF,
    0xFF,0xFF,0xFF,0xFF,0xFF,0xFF,0xFF,0xFF,0xFF,0xFF,0xFF,0xFF,0xFF,0xFF,0xFF,0xFF,
    0xFF,0xFF,0xFF,0xFF,0xFF,0xFF,0xFF,0xFF,0xFF,0xFF,0xFF,0xFF,0xFF,0xFF,0xFF,0xFF,
    0xFF,0xFF,0xFF,0xFF,0xFF,0xFF,0xFF,0xFF,0xFF,0xFF,0xFF,0xFF,0xFF,0xFF,0xFF,0xFF,
    0xFF,0xFF,0xFF,0xFF,0xFF,0xFF,0xFF,0xFF,0xFF,0xFF,0xFF,0xFF,0xFF,0xFF,0xFF,0xFF,
    0xFF,0xFF,0xFF,0xFF,0xFF,0xFF,0xFF,0xFF,0xFF,0xFF,0xFF,0xFF,0xFF,0xFF,0xFF,0xFF,
    0xFF,0xFF,0xFF,0xFF,0xFF,0xFF,0xFF,0xFF,0xFF,0xFF,0xFF,0xFF,0xFF,0xFF,0xFF,0xFF,
    0xFF,0xFF,0xFF,0xFF,0xFF,0xFF,0xFF,0xFF,0xFF,0xFF,0xFF,0xFF,0xFF,0xFF,0xFF,0xFF,
    0xFF,0xFF,0xFF,0xFF,0xFF,0xFF,0xFF,0xFF,0xFF,0xFF,0xFF,0xFF,0xFF,0xFF,0xFF,0xFF,
    0xFF,0xFF,0xFF,0xFF,0xFF,0xFF,0xFF,0xFF,0xFF,0xFF,0xFF,0xFF,0xFF,0xFF,0xFF,0xFF,
    0xFF,0xFF,0xFF,0xFF,0xFF,0xFF,0xFF,0xFF,0xFF,0xFF,0xFF,0xFF,0xFF,0xFF,0xFF,0xFF,
    0xFF,0xFF,0xFF,
};
const lv_image_dsc_t ui_img_jump_prince_tile_5_5 = {
    .header.w = 25,
    .header.h = 25,
    .data_size = sizeof(ui_img_jump_prince_tile_5_5_data),
    .header.cf = LV_COLOR_FORMAT_NATIVE_WITH_ALPHA,
    .header.magic = LV_IMAGE_HEADER_MAGIC,
    .data = ui_img_jump_prince_tile_5_5_data
};

const LV_ATTRIBUTE_MEM_ALIGN uint8_t ui_img_jump_prince_tile_6_5_data[] = {
    0x25,0x08,0x25,0x08,0x25,0x08,0x25,0x08,0x25,0x08,0x25,0x08,0x25,0x08,0x25,0x08,
    0x25,0x08,0x25,0x08,0x25,0x08,0x25,0x08,0x25,0x08,0x25,0x08,0x25,0x08,0x25,0x08,
    0x25,0x08,0x25,0x08,0x25,0x08,0x25,0x08,0x25,0x08,0x25,0x08,0x25,0x08,0x25,0x08,
    0x25,0x08,0x25,0x08,0x25,0x08,0x25,0x08,0x25,0x08,0x25,0x08,0x25,0x08,0x25,0x08,
    0x25,0x08,0x25,0x08,0x25,0x08,0x25,0x08,0x25,0x08,0x25,0x08,0x25,0x08,0x25,0x08,
    0x25,0x08,0x25,0x08,0x25,0x08,0x25,0x08,0x25,0x08,0x25,0x08,0x25,0x08,0x25,0x08,
    0x25,0x08,0x25,0x08,0x25,0x08,0x25,0x08,0xAE,0x21,0xAE,0x21,0xAE,0x21,0xAE,0x21,
    0xAE,0x21,0xAE,0x21,0xAE,0x21,0xAE,0x21,0xAE,0x21,0xAE,0x21,0xAE,0x21,0x25,0x08,
    0xAE,0x21,0xAE,0x21,0xAE,0x21,0xAE,0x21,0xAE,0x21,0xAE,0x21,0xAE,0x21,0xAE,0x21,
    0x25,0x08,0x25,0x08,0x25,0x08,0x25,0x08,0x25,0x08,0xAE,0x21,0xAE,0x21,0xAE,0x21,
    0xAE,0x21,0xAE,0x21,0xAE,0x21,0xAE,0x21,0xAE,0x21,0xAE,0x21,0xAE,0x21,0xAE,0x21,
    0x25,0x08,0xAE,0x21,0xAE,0x21,0xAE,0x21,0xAE,0x21,0xAE,0x21,0xAE,0x21,0xAE,0x21,
    0xAE,0x21,0x25,0x08,0x25,0x08,0x25,0x08,0x25,0x08,0x25,0x08,0xAE,0x21,0xAE,0x21,
    0xAE,0x21,0xAE,0x21,0xAE,0x21,0xAE,0x21,0xAE,0x21,0xAE,0x21,0xAE,0x21,0xAE,0x21,
    0xAE,0x21,0x25,0x08,0xAE,0x21,0xAE,0x21,0xAE,0x21,0xAE,0x21,0xAE,0x21,0xAE,0x21,
    0xAE,0x21,0xAE,0x21,0x25,0x08,0x25,0x08,0x25,0x08,0x25,0x08,0x25,0x08,0xAE,0x21,
    0xAE,0x21,0xAE,0x21,0xAE,0x21,0xAE,0x21,0xAE,0x21,0xAE,0x21,0xAE,0x21,0xAE,0x21,
    0x25,0x08,0x25,0x08,0x25,0x08,0xAE,0x21,0xAE,0x21,0xAE,0x21,0xAE,0x21,0xAE,0x21,
    0xAE,0x21,0x25,0x08,0x25,0x08,0x25,0x08,0x25,0x08,0x25,0x08,0x25,0x08,0x25,0x08,
    0x25,0x08,0x25,0x08,0x25,0x08,0x25,0x08,0x25,0x08,0x25,0x08,0x25,0x08,0x25,0x08,
    0x25,0x08,0x25,0x08,0x25,0x08,0x25,0x08,0x25,0x08,0x25,0x08,0x25,0x08,0x25,0x08,
    0x25,0x08,0x25,0x08,0x25,0x08,0x25,0x08,0x25,0x08,0x25,0x08,0x25,0x08,0x25,0x08,
    0x25,0x08,0x25,0x08,0x25,0x08,0x25,0x08,0x25,0x08,0x25,0x08,0x25,0x08,0x25,0x08,
    0x25,0x08,0x25,0x08,0x25,0x08,0x25,0x08,0x25,0x08,0x25,0x08,0x25,0x08,0x25,0x08,
    0x25,0x08,0x25,0x08,0x25,0x08,0x25,0x08,0x25,0x08,0x25,0x08,0x25,0x08,0x25,0x08,
    0xAE,0x21,0xAE,0x21,0xAE,0x21,0xAE,0x21,0xAE,0x21,0x25,0x08,0x25,0x08,0x25,0x08,
    0xAE,0x21,0xAE,0x21,0xAE,0x21,0xAE,0x21,0xAE,0x21,0xAE,0x21,0xAE,0x21,0xAE,0x21,
    0xAE,0x21,0x25,0x08,0x25,0x08,0xAE,0x21,0xAE,0x21,0xAE,0x21,0x25,0x08,0x25,0x08,
    0x25,0x08,0xAE,0x21,0xAE,0x21,0xAE,0x21,0xAE,0x21,0xAE,0x21,0x25,0x08,0xAE,0x21,
    0xAE,0x21,0xAE,0x21,0xAE,0x21,0xAE,0x21,0xAE,0x21,0xAE,0x21,0xAE,0x21,0xAE,0x21,
    0xAE,0x21,0xAE,0x21,0x25,0x08,0x25,0x08,0xAE,0x21,0xAE,0x21,0xAE,0x21,0x25,0x08,
    0x25,0x08,0x25,0x08,0xAE,0x21,0xAE,0x21,0xAE,0x21,0xAE,0x21,0xAE,0x21,0x25,0x08,
    0xAE,0x21,0xAE,0x21,0xAE,0x21,0xAE,0x21,0xAE,0x21,0xAE,0x21,0xAE,0x21,0xAE,0x21,
    0xAE,0x21,0xAE,0x21,0xAE,0x21,0x25,0x08,0x25,0x08,0xAE,0x21,0xAE,0x21,0xAE,0x21,
    0x25,0x08,0x25,0x08,0x25,0x08,0xAE,0x21,0xAE,0x21,0xAE,0x21,0x25,0x08,0x25,0x08,
    0x25,0x08,0xAE,0x21,0xAE,0x21,0xAE,0x21,0xAE,0x21,0xAE,0x21,0xAE,0x21,0xAE,0x21,
    0xAE,0x21,0xAE,0x21,0xAE,0x21,0x25,0x08,0x25,0x08,0x25,0x08,0x25,0x08,0x25,0x08,
    0x25,0x08,0x25,0x08,0x25,0x08,0x25,0x08,0xAE,0x21,0xAE,0x21,0xAE,0x21,0x25,0x08,
    0x25,0x08,0x25,0x08,0xAE,0x21,0xAE,0x21,0xAE,0x21,0xAE,0x21,0xAE,0x21,0xAE,0x21,
    0xAE,0x21,0xAE,0x21,0xAE,0x21,0xAE,0x21,0x25,0x08,0x25,0x08,0x25,0x08,0x25,0x08,
    0x25,0x08,0x25,0x08,0x25,0x08,0x25,0x08,0x25,0x08,0x25,0x08,0x25,0x08,0x25,0x08,
    0x25,0x08,0x25,0x08,0x25,0x08,0x25,0x08,0x25,0x08,0x25,0x08,0x25,0x08,0x25,0x08,
    0x25,0x08,0x25,0x08,0x25,0x08,0x25,0x08,0x25,0x08,0x25,0x08,0x25,0x08,0x25,0x08,
    0x25,0x08,0x25,0x08,0x25,0x08,0x25,0x08,0x25,0x08,0x25,0x08,0x25,0x08,0x25,0x08,
    0xAE,0x21,0xAE,0x21,0xAE,0x21,0xAE,0x21,0xAE,0x21,0xAE,0x21,0xAE,0x21,0xAE,0x21,
    0xAE,0x21,0x25,0x08,0x25,0x08,0x25,0x08,0x25,0x08,0x25,0x08,0x25,0x08,0x25,0x08,
    0x25,0x08,0x25,0x08,0x25,0x08,0x25,0x08,0x25,0x08,0x25,0x08,0x25,0x08,0x25,0x08,
    0x25,0x08,0xAE,0x21,0xAE,0x21,0xAE,0x21,0xAE,0x21,0xAE,0x21,0xAE,0x21,0xAE,0x21,
    0xAE,0x21,0xAE,0x21,0x25,0x08,0x25,0x08,0x25,0x08,0x25,0x08,0x25,0x08,0x25,0x08,
    0x25,0x08,0x25,0x08,0x25,0x08,0x25,0x08,0x25,0x08,0x25,0x08,0x25,0x08,0x25,0x08,
    0x25,0x08,0x25,0x08,0xAE,0x21,0xAE,0x21,0xAE,0x21,0xAE,0x21,0xAE,0x21,0xAE,0x21,
    0xAE,0x21,0xAE,0x21,0xAE,0x21,0x25,0x08,0x25,0x08,0x25,0x08,0x25,0x08,0x25,0x08,
    0x25,0x08,0x25,0x08,0x25,0x08,0x25,0x08,0x25,0x08,0x25,0x08,0x25,0x08,0x25,0x08,
    0x25,0x08,0x25,0x08,0x25,0x08,0xAE,0x21,0xAE,0x21,0xAE,0x21,0xAE,0x21,0xAE,0x21,
    0xAE,0x21,0xAE,0x21,0x25,0x08,0x25,0x08,0x25,0x08,0x25,0x08,0x25,0x08,0x25,0x08,
    0x25,0x08,0x25,0x08,0x25,0x08,0x25,0x08,0x25,0x08,0x25,0x08,0x25,0x08,0x25,0x08,
    0x25,0x08,0x25,0x08,0x25,0x08,0x25,0x08,0xAE,0x21,0xAE,0x21,0xAE,0x21,0xAE,0x21,
    0xAE,0x21,0xAE,0x21,0xAE,0x21,0x25,0x08,0x25,0x08,0x25,0x08,0x25,0x08,0x25,0x08,
    0x25,0x08,0x25,0x08,0x25,0x08,0x25,0x08,0x25,0x08,0x25,0x08,0x25,0x08,0x25,0x08,
    0x25,0x08,0x25,0x08,0x25,0x08,0x25,0x08,0x25,0x08,0x25,0x08,0x25,0x08,0x25,0x08,
    0x25,0x08,0x25,0x08,0x25,0x08,0x25,0x08,0x25,0x08,0x25,0x08,0x25,0x08,0x25,0x08,
    0x25,0x08,0x25,0x08,0x25,0x08,0x25,0x08,0x25,0x08,0x25,0x08,0x25,0x08,0x25,0x08,
    0x25,0x08,0x25,0x08,0x25,0x08,0x25,0x08,0xAE,0x21,0xAE,0x21,0xAE,0x21,0xAE,0x21,
    0xAE,0x21,0x25,0x08,0x25,0x08,0x25,0x08,0x25,0x08,0x25,0x08,0x25,0x08,0x25,0x08,
    0x25,0x08,0x25,0x08,0x25,0x08,0x25,0x08,0x25,0x08,0x25,0x08,0x25,0x08,0x25,0x08,
    0x25,0x08,0x25,0x08,0x25,0x08,0x25,0x08,0x25,0x08,0xAE,0x21,0xAE,0x21,0xAE,0x21,
    0xAE,0x21,0xAE,0x21,0x25,0x08,0x25,0x08,0x25,0x08,0x25,0x08,0x25,0x08,0x25,0x08,
    0x25,0x08,0x25,0x08,0x25,0x08,0x25,0x08,0x25,0x08,0x25,0x08,0x25,0x08,0x25,0x08,
    0x25,0x08,0x25,0x08,0x25,0x08,0x25,0x08,0x25,0x08,0x25,0x08,0xAE,0x21,0xAE,0x21,
    0xAE,0x21,0x25,0x08,0x25,0x08,0x25,0x08,0x25,0x08,0x25,0x08,0x25,0x08,0x25,0x08,
    0x25,0x08,0x25,0x08,0x25,0x08,0x25,0x08,0x25,0x08,0x25,0x08,0x25,0x08,0x25,0x08,
    0x25,0x08,0x25,0x08,0x25,0x08,0x25,0x08,0x25,0x08,0x25,0x08,0x25,0x08,0x25,0x08,
    0x25,0x08,0x25,0x08,0x25,0x08,0x25,0x08,0x25,0x08,0x25,0x08,0x25,0x08,0x25,0x08,
    0x25,0x08,0x25,0x08,0x25,0x08,0x25,0x08,0x25,0x08,0x25,0x08,0x25,0x08,0x25,0x08,
    0x25,0x08,0x25,0x08,0x25,0x08,0x25,0x08,0x25,0x08,0x25,0x08,0x25,0x08,0x25,0x08,
    0x25,0x08,0x25,0x08,0x25,0x08,0x25,0x08,0x25,0x08,0x25,0x08,0x25,0x08,0x25,0x08,
    0x25,0x08,0x25,0x08,0x25,0x08,0x25,0x08,0x25,0x08,0x25,0x08,0x25,0x08,0x25,0x08,
    0x25,0x08,0x25,0x08,0x25,0x08,0x25,0x08,0x25,0x08,0x25,0x08,0x25,0x08,0x25,0x08,
    0x25,0x08,0xFF,0xFF,0xFF,0xFF,0xFF,0xFF,0xFF,0xFF,0xFF,0xFF,0xFF,0xFF,0xFF,0xFF,
    0xFF,0xFF,0xFF,0xFF,0xFF,0xFF,0xFF,0xFF,0xFF,0xFF,0xFF,0xFF,0xFF,0xFF,0xFF,0xFF,
    0xFF,0xFF,0xFF,0xFF,0xFF,0xFF,0xFF,0xFF,0xFF,0xFF,0xFF,0xFF,0xFF,0xFF,0xFF,0xFF,
    0xFF,0xFF,0xFF,0xFF,0xFF,0xFF,0xFF,0xFF,0xFF,0xFF,0xFF,0xFF,0xFF,0xFF,0xFF,0xFF,
    0xFF,0xFF,0xFF,0xFF,0xFF,0xFF,0xFF,0xFF,0xFF,0xFF,0xFF,0xFF,0xFF,0xFF,0xFF,0xFF,
    0xFF,0xFF,0xFF,0xFF,0xFF,0xFF,0xFF,0xFF,0xFF,0xFF,0xFF,0xFF,0xFF,0xFF,0xFF,0xFF,
    0xFF,0xFF,0xFF,0xFF,0xFF,0xFF,0xFF,0xFF,0xFF,0xFF,0xFF,0xFF,0xFF,0xFF,0xFF,0xFF,
    0xFF,0xFF,0xFF,0xFF,0xFF,0xFF,0xFF,0xFF,0xFF,0xFF,0xFF,0xFF,0xFF,0xFF,0xFF,0xFF,
    0xFF,0xFF,0xFF,0xFF,0xFF,0xFF,0xFF,0xFF,0xFF,0xFF,0xFF,0xFF,0xFF,0xFF,0xFF,0xFF,
    0xFF,0xFF,0xFF,0xFF,0xFF,0xFF,0xFF,0xFF,0xFF,0xFF,0xFF,0xFF,0xFF,0xFF,0xFF,0xFF,
    0xFF,0xFF,0xFF,0xFF,0xFF,0xFF,0xFF,0xFF,0xFF,0xFF,0xFF,0xFF,0xFF,0xFF,0xFF,0xFF,
    0xFF,0xFF,0xFF,0xFF,0xFF,0xFF,0xFF,0xFF,0xFF,0xFF,0xFF,0xFF,0xFF,0xFF,0xFF,0xFF,
    0xFF,0xFF,0xFF,0xFF,0xFF,0xFF,0xFF,0xFF,0xFF,0xFF,0xFF,0xFF,0xFF,0xFF,0xFF,0xFF,
    0xFF,0xFF,0xFF,0xFF,0xFF,0xFF,0xFF,0xFF,0xFF,0xFF,0xFF,0xFF,0xFF,0xFF,0xFF,0xFF,
    0xFF,0xFF,0xFF,0xFF,0xFF,0xFF,0xFF,0xFF,0xFF,0xFF,0xFF,0xFF,0xFF,0xFF,0xFF,0xFF,
    0xFF,0xFF,0xFF,0xFF,0xFF,0xFF,0xFF,0xFF,0xFF,0xFF,0xFF,0xFF,0xFF,0xFF,0xFF,0xFF,
    0xFF,0xFF,0xFF,0xFF,0xFF,0xFF,0xFF,0xFF,0xFF,0xFF,0xFF,0xFF,0xFF,0xFF,0xFF,0xFF,
    0xFF,0xFF,0xFF,0xFF,0xFF,0xFF,0xFF,0xFF,0xFF,0xFF,0xFF,0xFF,0xFF,0xFF,0xFF,0xFF,
    0xFF,0xFF,0xFF,0xFF,0xFF,0xFF,0xFF,0xFF,0xFF,0xFF,0xFF,0xFF,0xFF,0xFF,0xFF,0xFF,
    0xFF,0xFF,0xFF,0xFF,0xFF,0xFF,0xFF,0xFF,0xFF,0xFF,0xFF,0xFF,0xFF,0xFF,0xFF,0xFF,
    0xFF,0xFF,0xFF,0xFF,0xFF,0xFF,0xFF,0xFF,0xFF,0xFF,0xFF,0xFF,0xFF,0xFF,0xFF,0xFF,
    0xFF,0xFF,0xFF,0xFF,0xFF,0xFF,0xFF,0xFF,0xFF,0xFF,0xFF,0xFF,0xFF,0xFF,0xFF,0xFF,
    0xFF,0xFF,0xFF,0xFF,0xFF,0xFF,0xFF,0xFF,0xFF,0xFF,0xFF,0xFF,0xFF,0xFF,0xFF,0xFF,
    0xFF,0xFF,0xFF,0xFF,0xFF,0xFF,0xFF,0xFF,0xFF,0xFF,0xFF,0xFF,0xFF,0xFF,0xFF,0xFF,
    0xFF,0xFF,0xFF,0xFF,0xFF,0xFF,0xFF,0xFF,0xFF,0xFF,0xFF,0xFF,0xFF,0xFF,0xFF,0xFF,
    0xFF,0xFF,0xFF,0xFF,0xFF,0xFF,0xFF,0xFF,0xFF,0xFF,0xFF,0xFF,0xFF,0xFF,0xFF,0xFF,
    0xFF,0xFF,0xFF,0xFF,0xFF,0xFF,0xFF,0xFF,0xFF,0xFF,0xFF,0xFF,0xFF,0xFF,0xFF,0xFF,
    0xFF,0xFF,0xFF,0xFF,0xFF,0xFF,0xFF,0xFF,0xFF,0xFF,0xFF,0xFF,0xFF,0xFF,0xFF,0xFF,
    0xFF,0xFF,0xFF,0xFF,0xFF,0xFF,0xFF,0xFF,0xFF,0xFF,0xFF,0xFF,0xFF,0xFF,0xFF,0xFF,
    0xFF,0xFF,0xFF,0xFF,0xFF,0xFF,0xFF,0xFF,0xFF,0xFF,0xFF,0xFF,0xFF,0xFF,0xFF,0xFF,
    0xFF,0xFF,0xFF,0xFF,0xFF,0xFF,0xFF,0xFF,0xFF,0xFF,0xFF,0xFF,0xFF,0xFF,0xFF,0xFF,
    0xFF,0xFF,0xFF,0xFF,0xFF,0xFF,0xFF,0xFF,0xFF,0xFF,0xFF,0xFF,0xFF,0xFF,0xFF,0xFF,
    0xFF,0xFF,0xFF,0xFF,0xFF,0xFF,0xFF,0xFF,0xFF,0xFF,0xFF,0xFF,0xFF,0xFF,0xFF,0xFF,
    0xFF,0xFF,0xFF,0xFF,0xFF,0xFF,0xFF,0xFF,0xFF,0xFF,0xFF,0xFF,0xFF,0xFF,0xFF,0xFF,
    0xFF,0xFF,0xFF,0xFF,0xFF,0xFF,0xFF,0xFF,0xFF,0xFF,0xFF,0xFF,0xFF,0xFF,0xFF,0xFF,
    0xFF,0xFF,0xFF,0xFF,0xFF,0xFF,0xFF,0xFF,0xFF,0xFF,0xFF,0xFF,0xFF,0xFF,0xFF,0xFF,
    0xFF,0xFF,0xFF,0xFF,0xFF,0xFF,0xFF,0xFF,0xFF,0xFF,0xFF,0xFF,0xFF,0xFF,0xFF,0xFF,
    0xFF,0xFF,0xFF,0xFF,0xFF,0xFF,0xFF,0xFF,0xFF,0xFF,0xFF,0xFF,0xFF,0xFF,0xFF,0xFF,
    0xFF,0xFF,0xFF,0xFF,0xFF,0xFF,0xFF,0xFF,0xFF,0xFF,0xFF,0xFF,0xFF,0xFF,0xFF,0xFF,
    0xFF,0xFF,0xFF,
};
const lv_image_dsc_t ui_img_jump_prince_tile_6_5 = {
    .header.w = 25,
    .header.h = 25,
    .data_size = sizeof(ui_img_jump_prince_tile_6_5_data),
    .header.cf = LV_COLOR_FORMAT_NATIVE_WITH_ALPHA,
    .header.magic = LV_IMAGE_HEADER_MAGIC,
    .data = ui_img_jump_prince_tile_6_5_data
};

const lv_image_dsc_t * const ui_img_jump_prince_player_images[2][7] = {
    {&ui_img_jump_prince_player_r0, &ui_img_jump_prince_player_r1, &ui_img_jump_prince_player_r2,
     &ui_img_jump_prince_player_r3, &ui_img_jump_prince_player_r4, &ui_img_jump_prince_player_r5,
     &ui_img_jump_prince_player_r6},
    {&ui_img_jump_prince_player_l0, &ui_img_jump_prince_player_l1, &ui_img_jump_prince_player_l2,
     &ui_img_jump_prince_player_l3, &ui_img_jump_prince_player_l4, &ui_img_jump_prince_player_l5,
     &ui_img_jump_prince_player_l6},
};

const lv_image_dsc_t * const ui_img_jump_prince_tile_images[7][6] = {
    {&ui_img_jump_prince_tile_0_0, &ui_img_jump_prince_tile_0_1, &ui_img_jump_prince_tile_0_2,
     &ui_img_jump_prince_tile_0_3, &ui_img_jump_prince_tile_0_4, &ui_img_jump_prince_tile_0_5},
    {&ui_img_jump_prince_tile_1_0, &ui_img_jump_prince_tile_1_1, &ui_img_jump_prince_tile_1_2,
     &ui_img_jump_prince_tile_1_3, &ui_img_jump_prince_tile_1_4, &ui_img_jump_prince_tile_1_5},
    {&ui_img_jump_prince_tile_2_0, &ui_img_jump_prince_tile_2_1, &ui_img_jump_prince_tile_2_2,
     &ui_img_jump_prince_tile_2_3, &ui_img_jump_prince_tile_2_4, &ui_img_jump_prince_tile_2_5},
    {&ui_img_jump_prince_tile_3_0, &ui_img_jump_prince_tile_3_1, &ui_img_jump_prince_tile_3_2,
     &ui_img_jump_prince_tile_3_3, &ui_img_jump_prince_tile_3_4, &ui_img_jump_prince_tile_3_5},
    {&ui_img_jump_prince_tile_4_0, &ui_img_jump_prince_tile_4_1, &ui_img_jump_prince_tile_4_2,
     &ui_img_jump_prince_tile_4_3, &ui_img_jump_prince_tile_4_4, &ui_img_jump_prince_tile_4_5},
    {&ui_img_jump_prince_tile_5_0, &ui_img_jump_prince_tile_5_1, &ui_img_jump_prince_tile_5_2,
     &ui_img_jump_prince_tile_5_3, &ui_img_jump_prince_tile_5_4, &ui_img_jump_prince_tile_5_5},
    {&ui_img_jump_prince_tile_6_0, &ui_img_jump_prince_tile_6_1, &ui_img_jump_prince_tile_6_2,
     &ui_img_jump_prince_tile_6_3, &ui_img_jump_prince_tile_6_4, &ui_img_jump_prince_tile_6_5},
};
